example_id,problem,gold answer
58fed8b1f5,"What was the population of the Nicosia neighbourhood of Ayios Loukas in 2011, if its church was restored two years before an ethnographic museum in North Nicosia opened its doors, and the funeral of an Archbishop of Cyprus, who died in 1947, took place in Nicosia?",489
e16235c9d5,"How old was the founder of the International School of Traditional Aikido, who trained under a direct student of Morihei Ueshiba sent to France, when the Swedish aikido pioneer who was influenced by Sadateru Arikawa, received his 7th dan?",56
a0579c1528,"How many years after the 24th Vice President of Bolivia was elected by the 1938 National Convention was the forestry engineer, who later served as Minister of Hydrocarbons from 2019 to 2020, born?",32
8271349feb,"Identify the dam that is located in the same prefecture as a rockfill dam completed in 1972, shares its completion year with a gravity dam in Gunma Prefecture, and serves the dual purposes of power generation and irrigation.",Naruko Dam
a14da28850,"What is the name of the city where an art academy initially rejected a landscape painter who later became a professor there and died of cholera; where another painter, who studied at the same academy starting on May 12, 1819, later became a general restorer at the Royal Museum in Berlin; and where a third painter, known for his homages to Albrecht Dürer, also studied at that same academy?",Munich
fcd3092e86,"What is the name of the Indian district that has a comparatively cool and humid climate, a population of 1,586,625 according to the 2011 census, and was the constituency from which a future President of India was elected in 1980? This district's climate differs from the subtropical steppe climate of the second-largest city in Pakistan, and its 2011 population is significantly higher than the city known for Asia's largest grain market, which had a population of 128,130 in the same year.",Hoshiarpur district
347421734e,"What Italian club, which reached the quarter-finals of the 1965–66 Coppa Italia, was defeated in the final of the European Cup season where the winning team became the first to lift the trophy with its current design?",Inter Milan
e824c40b5e,"Identify the Australian comedic music trio whose 2003 show won The Age Critic's Choice Award at a festival, a festival also frequently attended by a comedian born in Melbourne in 1978 who was a finalist in a national competition whose winner is sent to another festival where the trio also performed.",GUD
f1a0f25bc6,"What is the name of the Australian city where a Congregational minister, who was Dux of Newington College in 1888, had a three-year ministry, and where an Anglican bishop, who later presided over the Diocese of Gippsland, was previously an archdeacon? A different Anglican bishop, who was the sixth Bishop of Bendigo, also served as precentor in this same city.",Hobart
4b6c6a4e93,"Which Polish voivodeship contains a place named Kozów and a place named Trójca, but does not contain any place named Radlin?",Lower Silesian Voivodeship
3fef0709d8,"What was the name of the aircraft that crashed in a hamlet that was part of Berkshire until 1974, given that this crash occurred after an airfield in Suffolk, home to the 486th Bombardment Group, was handed over to the USAAF, and before an airfield in East Riding of Yorkshire, known for maintaining Thor missiles, closed?",Blackburn Beverley C.Mk 1
9281712c4d,"Identify the composer who studied at the Leningrad Conservatory between 1969 and 1975, if a conductor born in Leningrad, whose birth year is 8 years after this composer, had a musical contemporary who received the 'Prize of Moscow City' in September 2011 for completing a Mozart Piano Concerto Series.",Evgeni Irshai
717c598464,"What was the name of the chemical compound used in the warhead of the 155mm rocket-assisted projectile that was replaced by a TNT-filled version in September 1977, if the caliber itself was standardized exactly 48 years before the Romanian company, originally known as 'Machinery and Foundry Factory Dumitru Voina', was founded?",Composition B
b6f732eed7,"An American ice hockey player, born on the same day of the year as a Canadian player who played for the Chicago Black Hawks in the 1943-44 season, was drafted by the San Jose Sharks in 2023. What is the birth year of another American player, also drafted by the San Jose Sharks, who is known for growing up in Germany and speaking fluent German?",1999
f6b8074948,"What was the name of the French Resistance member, known by an alias, who was arrested in September 1943 in a French city, and later imprisoned in Auschwitz, a camp from which a Polish officer had escaped five months earlier after documenting its atrocities, while another extermination camp, directed by a former SS commander who was later acquitted in Hamburg, had ceased operations eight months prior?",Jean Burger
a6df85b124,"Identify the artist who achieved their first number-one album more than 30 years into their career, in the same year that a song which spent exactly eleven weeks on the Svensktoppen chart and peaked at number 8 on the Swedish singles chart was released. This artist's achievement occurred two years after a different song, which also reached number 8 on the UK Singles Chart, topped the Billboard Hot Dance Airplay chart.",Jimmy Buffett
b237a5b21a,"What is the name of the football club, originally established in 1923, which was found guilty of match-fixing in the 1957–58 season, the same season that Dinamo Zagreb won their third Yugoslav First League title, and which was also recently penalized with a 6-point deduction for alleged match-fixing in the 2023–24 Serbian First League, a type of scandal that led to a different club's expulsion from the Macedonian First League in 2009–10 due to an eight-year FIFA suspension?",GFK Dubočica
af2a7ade92,"What is the numerical difference between the number of years separating the forced transfer of six paintings from Martha Nathan to the Staedel Art Institute and the restitution of Henri Matisse's 'Le Mur Rose' to the heirs of Harry Fuld, and the length of Hermann Voss's tenure as director of the Sonderauftrages Linz?",68
93e510491c,"How many years after the Persian poet, who was born in Shiraz and later became a court poet for Akbar the Great, passed away, did the Iranian government's censors refuse permission to reprint a centuries-old classic poem that inspired a masnavi by the 'Parrot of India'?",420 years
56fbae1e68,"Identify the name of the politician who was the longest-serving Member of Parliament in his country at the time of his final electoral defeat, and who was also knighted by Queen Elizabeth II. This politician's country is different from the country where a former Prime Minister was jailed for 4 years for bribery, a crime for which he and 13 other MPs were pardoned by an acting President who himself was jailed for 3 years for the same offense.",Pupuke Robati
6ceefff184,"What is the specific river into whose tributaries the mountain, officially adopted in 1906 by the U.S. Board on Geographic Names and named after a prospector, drains its precipitation runoff, considering that its naming occurred 48 years before another Alaskan mountain received its descriptive 'many colors' name, and 104 years before the Alaskan peak that was formerly the highest unnamed peak in the state was officially named after a US Senator?",Matanuska River
f46d54db0b,"Identify the alien protagonist of the comic series penned by a writer who also contributed to 'Hellblazer', a publication whose original artist also illustrated the alien character in 'The Bozz Chronicles', a comic series released by Epic Comics.",Rac Shade
db65a2038f,"What is the name of the natatorium that hosted the NCAA Women's Division I Swimming and Diving Championships in the same year that the Minnesota Golden Gophers men's swimming team won a Big Ten Team Championship, and where a Big Ten Conference Diver of the Year for the host university had previously earned a first-place performance on the one-meter board?",Donald B. Canham Natatorium
699f64519b,"Identify the bacterial genus that is strictly anaerobic and filamentous, and was isolated from thermophilic digester sludge in Niigata, Japan. This genus belongs to a family distinct from the family shared by both Shimazuella, a mesophilic and aerobic Gram-positive genus, and Kroppenstedtia.",Bellilinea
e5d4534bde,"What is the title of the major label debut album by an indie/rock band from Patras, Greece, that was released in the year prior to a Louisville-based musical collective recording their first album of original music, and six years before a multicultural hip hop group from Switzerland released their debut studio album?",Flood
cf596144cf,"What is the name of the U.S. state that contains a city sharing its name with a location in Arkansas, and also has multiple communities named Blair, but is not one of the states that contain a Braytown?",West Virginia
1d9b7f7f6a,"What is the name of the museum in Sapporo, Japan, that opened 14 years before a museum in Abashiri, Hokkaido, which shares a focus on the Nivkh people with a museum on a Russian island whose architect was Kaizuka Yoshio?",Hokkaido Museum of Modern Art
ec41613813,"Identify the American literary scholar who served as provost of Swarthmore College from 1974 to 1979 and authored a book about his World War II combat experience. This individual passed away 24 years after a Shakespearean biographer who directed the Center for Renaissance and Baroque Studies, and 25 years after a German dramatist known for his postmodern plays.",Harold E. Pagliaro
df744d2e88,"What is the name of the pet elephant in the American live-action puppet series that premiered 46 years after a Swedish/West German film, based on Astrid Lindgren's books, was released in the US, and was first aired 28 years after a Japanese animated series called 'Aoki Densetsu Shoot!' debuted?",Gregory
0ac194486c,"Identify the German retail group, headquartered in Karlsruhe, that was sold to an American supermarket chain in the year preceding the pilot opening of the first convenience shop by the UK's second largest supermarket chain in Hammersmith, and four years before the parent company of a chain of entertainment retail stores (known for selling VHS, DVDs, and video games, and whose loyalty program also worked at Sam Goody stores) was purchased by a major consumer electronics retailer.",Wertkauf
b294ffb638,"In what year did the French basketball player born in Guadeloupe, who had 113 caps with the national team, receive the French 2nd Division French Player's MVP award, if this year was 8 years after another French player competed in the 1984 Summer Olympics and was inducted into the French Basketball Hall of Fame in 2008, and also 9 years after a third French player, also born in Guadeloupe, concluded his national team career of 250 caps?",1992
5c0442d9a3,"Identify the individual who, approximately two decades after a King of Tyrone whose son later founded the lordship of Clandeboye was killed in battle, established his lordship in a county where, over a century later, a bandit leader attempted to set up a sovereign state.",Roger Mortimer
a9953a6615,"What is the name of the city in Illinois where the US Army corps, which performed occupation duty in Yokohama after the Japanese surrender and was disbanded in Mito, was activated, if a Japanese infantry division that was assigned to the 34th Army in July 1944 and later moved to Manchukuo without fighting the Soviet army until Japan's surrender, was under the command of a general who died in Sendai?",Chicago
8908f2e075,"What was the academic field of study of the individual who, on May 23, 1995, became the first Welshman to reach the summit of Mount Everest, a climb that occurred in the same year as the first Turkish ascent of Everest, and exactly 15 years after the first winter ascent of that same mountain?",Marine biology
77c95f87fd,"Which Louisiana parish school board, known for achieving the fifth-highest rate of improvement statewide in Algebra I and English II end-of-course examinations during the 2012–2013 school year, is situated in a state that also contains a high school with the third-smallest enrollment statewide, and within a country where another school district explicitly permits parents to opt out of mandatory uniform policies due to bona fide philosophical objections?",Jackson Parish School Board
c17e5c7307,"Identify the name of the member of the boy band who produced their album, if one of the band's songs was censored around the same time as Homme's 'I Was Able to Eat Well', and the album's lead single peaked at number 2 on the Gaon Digital Chart in the year that Exo's 'XOXO Repackage (Korean Version)' was the best-selling album on the Gaon Album Chart.",Yong Jun-hyung
d9d31ac525,"Identify the Indian Mexican academic, born in Mexico and cousin to Kamala Harris, whose debut book on piracy and personhood in American literature was published 33 years after the first novel by a Mexican author became a U.S. bestseller, and approximately 58 years after the term 'Latino literature' originated during the Chicano Movement.",Sharada Balachandran Orihuela
ff7b419dd3,"What was the name of the German U-boat commander who sank a coal freighter in 1917, where this sinking occurred in the same war that saw a US cargo ship, whose captain received the Medal of Honor, sunk by a German submarine, and also saw a British officer achieve the unique feat of sinking a German U-boat with a sailing vessel?",Ernst Hashagen
b5df1afadb,"What is the sum of the birth years of the British boxer who defeated Vazik Kazarian at the 1960 Summer Olympics, the Moroccan boxer who also competed in the men's light welterweight event at those same Olympics, and the Danish boxer who competed in both the 1960 and 1964 Summer Olympics?",5821
711072080c,"What was the courtesy name of the Southern Tang official whose two daughters successively became empresses for Emperor Yuanzong's son, if an official who served as chancellor for Emperor Xianzong of Tang was born 488 years after a prominent Jin dynasty regent?",Juntai
301d998cb6,"What is the name of the district that had a population of 90,038 in 2003, and is located in a different country than the main district of Ad Daff and the village of Bahrat al Qadimah?",Arhab District
bbcd571c6d,"Which Sheffield United footballer, who was club captain in the 1930-31 season and later coached Sheffield Wednesday, had a playing career at the club that began after another player made guest appearances during World War I and earned an FA Cup losers medal in 1912, and whose time at the club concluded before a third player made 40 appearances in the season the Blades won promotion to the First Division and also played first-class cricket?",Tommy Sampy
38dfb87ebf,"What is the birth year of the architect who received the Global Award for Sustainable Architecture in 2008, an award founded in 2006, if this architect established their first personal office in the same year that another prominent sustainable architect, known for being one of the first LEED accredited professionals, earned their Bachelor of Science degree?",1948
ab366dacf4,"Which football club, whose manager was sacked in the 1976-77 season, qualified for the European Cup Winners' Cup, and was in a division two tiers above the division Bradford City was promoted to in the same season, and also two tiers above the division Mansfield Town was promoted from in the same season?",Manchester United
6de35416a3,"How many years after the leader of the first organized government to formally declare the Independence of Albania from the Ottoman Empire was killed, did the Democratic Party, which was the ruling party when the opposition Socialist Party left parliament on June 12, 2008, lead major anti-government protests that began on February 18?",72 years
64a896b146,"What was the age of the former Assistant Secretary of the Navy (Financial Management) who was born in Boonton, New Jersey, when the President's Commission on Care for America's Returning Wounded Warriors was established, where the commission was created by the same president who appointed the second Secretary of Homeland Security?",81
63c35f19ab,"Which lighthouse, whose original fourth-order Fresnel lens was found, restored, and relit in 1998 to serve as an active private aid to navigation, was initially decommissioned in 1870, unlike a cast-iron octagonal lighthouse that was automated in 1972 and had its original fourth-order Fresnel lens moved to another Michigan lighthouse, and also unlike a concrete-built lighthouse that was automated in 1973 and had its fourth-order Fresnel lens moved to a museum in Haines?",Mendota (Bete Grise) Light
6a3176f478,"What was the birth year of the Russian official who was dismissed from his post as Governor General of St. Petersburg in October 1905, and whose contemporary, a general, was dismissed for lenient treatment of mutineers in Vladivostok in March 1906, and whose other contemporary, a former Director of Police, accurately predicted the coming social revolution in a letter to Nicholas II that was found after the February Revolution of 1917?",1850
1c49bc30d9,"Identify the radio station that commenced its first regular scheduled FM broadcast in April 1965, and was among the initial stations nationwide to air a program by a religious leader whose content is also broadcast on a South Carolina station that began operating in April 1986 and is affiliated with a network that owns another South Carolina station which first signed on in December 1963.",WJSM
97b92de40a,"Identify the politician who served as Justice Minister in November 1891. This politician's birth year is exactly 47 years after the year a Savoyard nobleman, who died on January 15th, was elected to the British Parliament. Furthermore, the politician's death year is 114 years before the death year of a Norwegian jurist, also known for dying on January 15th, who was director of the Secretariat on Traffic Safety.",Nicolae Blaremberg
3c6beda0cf,"What was the age of the Japanese professional wrestler who secured the IWGP Junior Heavyweight Championship in August 1991, at the time a Puerto Rican wrestler, known as Super Medico III, first captured the WWC Caribbean Tag Team Championship alongside his father?",24 years old
162865c9df,"Identify the American comic book artist who co-created a Marvel Comics miniseries in a year that was 19 years after a Filipino artist was recruited for American comic books, and that recruitment year was 2 years after another Filipino comic book author was born.",Mike Okamoto
850dcac405,"Identify the English actor who lived in a County Cork village where his burial place is located just off the village square, given that this county also contains a town whose racecourse served as an emergency airfield for a Mexican business jet, an event that inspired a 2010 film, and this town is connected by road to a village situated on a regional road that is 28 km long.",Oliver Reed
6f48ed25eb,"What is the name of the Local Level Government (LLG) in Papua New Guinea that is located in the Highlands Region, is home to the Kumai, Gurikunana, and Bari tribes, and whose province is distinct from both the province of the LLG in the Islands Region where the Bali and Vitu languages are spoken, and the province of the LLG in the Momase Region?",Kup Rural LLG
8cdddd28c8,"Who was the actor and writer from the Haggard family whose birth year was one year after an English writer and biographer, and whose birth year was also exactly 200 years after the death of the 3rd Earl of Bolingbroke?",Stephen Hubert Avenel Haggard
57c2ea7211,"Identify the Egyptian football club that signed a player in January 2019 who was named in Egypt's squad for the 2018 FIFA World Cup, and also signed a player in September 2020 who was born in January 1997 and was named the best player in the 2019 Africa U-23 Cup of Nations, where his team won their first title. Both of these players previously played for a club where another player, born in January 1962, achieved an unprecedented record of winning the football league 10 times.",Pyramids FC
fceaffca5d,"Identify the Tamil dubbed title of the Telugu romantic comedy film that was released five years after a 1991 Telugu action crime film, where the protagonist, a police officer, seeks revenge on his father for murdering his mother and framing his grandfather. This romantic comedy film was a box office flop, but its lead actor also starred in a 1992 Telugu drama film that achieved an industry record by being the first to cross 100 days in more than 40 direct centers.",College Galatta
71e531ab1e,"How old was the political scientist who worked at the Santa Monica-based RAND Corporation between 1990 and 1996 when the prominent Shiite opponent of Hezbollah, born in South Lebanon, became a founding member of the Democratic Renewal Movement, given that the Hezbollah official first elected to the Lebanese Parliament in 1992 was 32 years old at the time?",47 years old
ce4d91636d,"What is the name of the elephant character from a 1970s puppet television series whose theme song reached number 14 on the UK charts, given that this series began airing after a children's show that introduced a dog puppet in 1967, and that same dog puppet show premiered before a different children's program introduced a donkey puppet in March 1968?",Edward Trunk
f273b7e5ce,"What is the district of the municipality that has approximately 300 inhabitants, is located about 90 km west of Prague, and is in a different region than both the municipality first mentioned in 1131 and the municipality known by the German name 'Petrowitz'?",Plzeň-North District
af4f7af11f,"What is the genus of planthoppers found in southeast and temperate Asia that includes species first described in the same year that the Italian entomologist, who authored the family of fulgoroid planthoppers whose nymphs are known for having a tail of waxy filaments, passed away?",Thabena
c9359e676c,"Identify the company that acquired a Macintosh programming company, known for its 3D software like Swivel 3D, in the same year that a different 3D scenery generator software released its first Macintosh version, and two years before a UK-based Macintosh computer magazine began being published by Future plc.",MacroMind
f904a5a134,"What is the title of the book published posthumously by the social historian who pioneered family history in North America, if she was born exactly 10 years after the Australian oral history pioneer whose best-known work was published in 1978, and also exactly 10 years after the British food historian whose book on marmalade won the Diagram Prize in 1984?",The Silk Weavers of Kyoto: Family and Work in a Changing traditional Industry
986496f40e,"What is the nationality of the philosopher, born in 1951, whose main contribution was an immanent critique of G.W.F. Hegel's Phenomenology of Spirit, if another philosopher known for works on Aquinas was born 8 years prior to him, and a third philosopher whose book Powers: A Study in Metaphysics was published posthumously in 2003 was born 9 years before the philosopher known for works on Aquinas?",Dutch
59b6d21631,"What is the difference in years between the election of the Fellow of the Royal Society of Edinburgh who was also Chief Secretary of Bengal and a noted botanist, and the year of the first successful vaccination in Bombay, considering that another botanist who was born in Calcutta was elected a Fellow of the Royal Society of Edinburgh in 1913?",25
133d6c638d,"Identify the British politician who began serving on the General Advisory Council of the BBC in the same year that an American politician, who succeeded Donald Rumsfeld in Congress, was first elected, and also in the same year that another British politician, who was a chairman of a local Conservative Association, passed away.",Richard Hornby
7b58eb0d9f,"What is the name of the engineering college, founded in 2004, that was initially affiliated with the university from which the university that Shri Sant Gajanan Maharaj College of Engineering is affiliated with was partitioned?",St. Vincent Pallotti College of Engineering and Technology
4ccb503b0b,"What is the name of the Finnish food and drink company that was established 29 years before another prominent Finnish food company which sold its ice cream business to Nestlé, and whose own acquisition of a meat alternative product company happened two years after an Italian coffee group acquired the Boncafe Group?",Paulig
448d5f6a12,"In a Mexican telenovela, an antagonist who is a wealthy landowner was made sterile by his mother. Identify the patriarch of another Mexican telenovela family, where one of his sons is also a sterile antagonist, and this patriarch began his career in a profession similar to the protagonist of an Argentinian comedy series that was recognized as the 'Comedy of the Year' in 2004.",Everardo Rey
3d0dd63170,"What is the sum of the number of years a Canadian Chief Electoral Officer, who was made an Officer of the Order of Canada in 1990, served in that role; the birth year of a Canadian MP who was elected in 1988 for Beaver River but died before serving in the 34th Canadian Parliament; and the age at death of a French diplomat who was Ambassador to Monaco and died in 2024?",2034
a7e76274e4,"What is the name of the music producer who worked on the debut album of a glam metal band, and also worked with another band that released a song primarily written by a bassist who had left a different heavy metal band before the filming of their music video for the song ""Breaking the Chains""?",Jim Faraci
26bb70e8c4,"What is the length of the river that flows through the same department as Quiberville-sur-Mer, is known for its traditional quality glass industry, and has a commune on its banks that offers rail connections to Le Tréport?",68.1 km
2c1d424a83,"What is the name of the country whose government would have employed the son of the French illustrator who created the futuristic trilogy Le Vingtième Siècle, if not for World War I? This illustrator was born 59 years before a Belgian comics artist who had an instrument he made in 1940 collected by the Musical Instrument Museum of Brussels, and also 59 years before a French novelist who won the Prix Goncourt in 1957.",Thailand
3bd2297e9b,"What is the full title of the fictional book, satirizing artificial intelligence and discussing 'personetics', that is reviewed in a 1971 collection of fictitious criticism by an author whose 1985 novel features the character Ijon Tichy undergoing a callosotomy, and whose 1961 novel describes an apocalyptic event of global paper decomposition?",Non Serviam
8e3d55f0e4,"What was the name of the baseball player who played for the Pittsburgh Alleghenys, and was signed by a Baltimore Orioles team in a year that was exactly 18 years after the Union of Morrisania won its sole premiership title, in a league whose name is similar to, but explicitly distinguished from, a professional baseball league that featured a team from Baltimore, Maryland in 1880?",George Creamer
34353f5f33,"What is the recommended English name for the gilled mushroom that is globally endangered on the IUCN Red List, and is found on the same continent as an inedible earth tongue fungus critically endangered in Denmark, and also a yellow-green moss with crowded, keeled leaves?",Mealy meadowcap
439b3ffed4,"What is the birth year shared by two American poets, one of whom taught in thirty schools and the other was employed by the Treasury Department, if a third American poet, who was a schoolmate of James Abbott McNeill Whistler, was born four years earlier than them?",1839
a7556d4562,"Among the novels 'To Catch a Thief', 'Petulia', and 'Christopher Strong', one had its film adaptation released exactly one year after its publication. Another had its film adaptation released three years after its publication. What was the primary profession of the author whose novel's film adaptation was released two years after its publication?",Dentist
cbcdac074c,"Which city hosted the FIBA Under-19 World Championship where the MVP was from a country that Bosnian athletes previously represented, and which took place in the year prior to the death of a Yugoslav basketball player who set a national team scoring record of 42 points?",Edmonton
7bda3ca278,"What is the name of the present-day Romanian county that roughly corresponds to a historical Székely seat, whose royal judge was a Hungarian historian born in 1676, and which later formed a significant part of an autonomous region for a Hungarian subgroup that was abolished in 1968?",Covasna County
46732f36d7,"What is the full name of the Anglican cleric who was the seventh son of the 5th Duke of Beaufort, a Duke whose other son married the daughter of an Earl whose wife was the sister of the first Pocock Baronet?",Rev. Lord William George Henry Somerset
558dcab922,"A Linux distribution, which has been based on Arch Linux since its 6.0 release and is primarily used for repairing damaged computer systems, supports a bootloader that specializes in booting from FAT filesystems. When creating a bootable USB for this distribution, a specific filesystem is recommended for formatting. This identical filesystem is also recommended for the EFI system partition (ESP) when booting Linux from a GPT disk on a UEFI system. Identify this Linux distribution.",SystemRescue
e504f3059e,"Identify the Italian toy manufacturing company that, after producing HO-scale toy soldiers and a cheaper version of a tabletop football game first available in March 1947, ceased operations in 1984, a year after an American company known for metal miniatures went out of business.",Atlantic (company)
c22cc74b77,"What is the name of the former Greek municipality whose name is derived from a Slavic word meaning 'Good', located in the same country where a mythological figure was the eponym of a region in Thessaly, and where a police motorcycle unit shares its name with the Modern Greek name for Zeus?",Dovras
15d42abc67,"In a nation where the average temperature has increased by 1.8 °C since 1950, and which was listed in a 2010 global assessment as one of 15 acutely vulnerable countries to climate change, what is the name of the province where its first female judge, who was later appointed as a 2015 Women Peacemaker, served?",Parwan Province
ecf12cb65d,"Identify the specific name of the geological feature in Washington state that is a lava flow from a cinder cone, and whose eruption age is older than the lava flow at the Oregon site where NASA astronauts trained for lunar missions, but younger than the lava tube located on the northern flank of Newberry Volcano in Oregon.",Big Lava Bed
4a8904f72a,"What is the name of the organization that launched an American branch in 2022, and was founded six years before a UAE-based foundation that includes the 'Arab Hope Makers' initiative, and eight years before the first edition of an annual awards show held in Dubai?",Takreem
19d36768ee,"Which German apple cultivar, a hybrid of 'Geheimrat Dr. Oldenburg' and 'Cox's Orange Pippin', is the parent of another cultivar that incorporates a genetic component also found in a cold-hardy apple developed in the United States, and whose own parent, 'Cox's Orange Pippin', is a genetic component of a UK-developed apple known for its good disease resistance?",Clivia
024af995fd,"What is the name of the Australian paralympic swimmer who won a gold medal at the 1996 Summer Paralympics, whose birth year is shared by an Australian volleyball player who competed in the 2000 Sydney Olympics, and whose birth year is also 11 years before that of the first Indigenous Australian volleyball player to represent Australia at the Olympics?",Janelle Falzon
9c071d9520,"What is the sum of the ages of a Serbian football manager when he became the youngest manager in Partizan's history, an Argentine attacking midfielder when he signed with Flamengo four days before his 24th birthday, and a Swiss winger when he made his Swiss Super League debut against Grasshopper?",79
c26a020ef3,"What is the result when the combined 2004 census populations of two rural communes in the El Kelâat Es-Sraghna Province – one with 684 households and the other with 4198 households – is subtracted from the 2014 census population of a town in the same province that had 30,315 inhabitants?",-1001
a36119c4a9,"What is the common name of a plant, also in the Myrtaceae family and endemic to Western Australia, that was first described in 1928 and then redescribed in 2009, two years after a genus native to both Australia and New Caledonia was formally established in 2007 by the same taxonomist who transferred a specific eastern Australian Myrtaceae species (originally described in 1997) into that genus?",bush pomegranate
25d03eb822,"Identify the individual who, six years after the Central of Georgia Railway's arrival in Starrsville, acquired a prominent Savannah plantation where he subsequently built a mansion that was completed in the same year that the former president of the Central of Georgia Railway died.",Spencer Proudfoot Shotter
2ae41d99b1,"What is the name of the British architect who died at the age of 88, and who employed an architect who became Consulting Architect to the Government of India five years after arriving in the country? This employee is buried in the same Edinburgh cemetery as another architect who emigrated to Australia one year before the first architect received a commission in the Artists' Rifles.",Robert William Edis
82e5e015ae,"What is the name of the political movement that was created by an individual who was expelled from the French Communist Party exactly 31 years after another politician, who later founded the French Popular Party, was expelled from the same party, and this movement was formed four years before a French politician, whose great-grandfather was deported to Dachau for political convictions, joined the Socialist Party?",Concrete Utopia movement
d3b7268c42,"What was the name of the individual who completed the watercourse project, whose charter was obtained 372 years after the founding of the priory that was established by Ela, Countess of Salisbury?",Sir Hugh Myddelton
b7523247c1,"What is the birth year of the former Ottawa Rough Riders player who won a Grey Cup with the Winnipeg Blue Bombers, if he shares a surname with two defensive linemen who were both associated with the Ottawa Redblacks in 2013, one drafted 18th overall in the CFL Draft and the other selected in the first round of the CFL Expansion Draft?",1941
48ed16f792,"What is the family of the monotypic genus of planthoppers found in the Iberian Peninsula, if its genus was described 25 years before the species of a monotypic butterfly genus endemic to Tibet and West China was described, and this butterfly genus belongs to the same order as a monotypic tiger moth genus found in West Africa and Kenya?",Dictyopharidae
4389ead95d,"What was the birth year of the coach who graduated from the University of Chicago in 1991, if he was born in the same year that a coach, who later became president of Beckley College, turned 70 years old? This latter coach was born 23 years before a coach who was fired from Murray State in January 1960 and later died at the age of 103.",1968
352d264bb5,"What is the name of the Paraguayan football club that shares a nickname with an Argentine club which won its only first division title in 1969, where this Paraguayan club was founded 16 years after another Argentine club whose current stadium was inaugurated two years after that 1969 title win?",Deportivo Recoleta
2f601d4a5c,"What is the name of the song by a Canadian artist that was originally a breakup song but was rewritten to reflect the blossoming relationship of its co-writers, and is described as a piano-driven power ballad, whose country of origin is shared by another artist whose song's musical foundation was adjusted from piano to guitar by its producer, and also by a third artist who requested the incorporation of steel guitar into her song after its co-writer initially decided to use piano instead of guitar?",Let Me Go
d9bbc9b94e,"Which student newspaper, founded 32 years before The Cambridge Student, was relaunched in the same year that a new student organization was officially launched at Macquarie University?",SCAN
7cd0939342,"What is the name of the Masters of the Universe character who was introduced into the toy line in 1984 and possesses the power to spray a sleep mist, but is distinct from the DC Comics villain created by Jack Kirby who was born as a conjoined twin and once defeated Batman in hand-to-hand combat, and also distinct from the G.I. Joe character whose 1982 action figure mold was recolored in Argentina to create a figure named 'Cobra Mortal'?",Kobra Khan
f388851177,"What is the birthplace of the mathematician who co-founded the Austrian Mathematical Society, and whose death occurred one year after a major work by another mathematician born in a city that is now in Poland was posthumously published? This posthumous publication happened during the period when a third mathematician, known for authoring 'A Modern View of Geometry', was a visiting scholar at the Institute for Advanced Study.",Mantua
0715aa8ca1,"What is the name of the private, non-profit organization based in Washington, DC, that has been recognized by the U.S. Department of Education since 1978 for providing national accreditation to non-collegiate vocational institutions, distinguishing it from the regional accrediting agency for California, Hawaii, and the Pacific whose CEO previously served as Deputy Under Secretary for the U.S. Department of Education and was the first female president of Skidmore College, and whose accreditation is essential for its students to qualify for federal financial aid, a benefit explicitly denied to those attending institutions lacking such recognition?",Accrediting Council for Continuing Education and Training (ACCET)
9300ebd3df,"What is the name of the public art piece at the light rail station in Denver that opened exactly 18 years before two Sounder commuter rail stations in Washington state both began service on the same day, one of which features a sculpture whose original design attracted controversy for being phallic?",The Welcoming Committee
de593769a3,What is the sum of the year Ron Garvin was born and the number of years between Andrew Everett's release from Impact Wrestling and the renaming of the TNA World Tag Team Championship to its original name?,1951
d7543d0c0b,"Identify the German gynecologist who, in the same year that the prominent gynecologist he had been an assistant to passed away, was appointed a full professor of OB/GYN, and for whom the year of his former mentor's death was exactly 18 years after the birth of an experimental pathologist who demonstrated hereditary breast carcinoma in mice.",Max Hofmeier
a64760ebf2,"What was the name of the seven-speed gearbox technology that was Renault's first attempt at a seamless shift system, introduced in the car driven by Giancarlo Fisichella during the 2007 Formula One season, a season where pit stop refueling was still permitted, and this same driver had also competed in 1999 with a car whose engine manufacturer was operating under a ban on turbocharged engines that had been in place since 1989?",Instantaneous GearChange (ICG) gearbox
303a334eb8,"Identify the full name of the Danish film director, screenwriter, and producer whose birth year is exactly 24 years after a Danish singer-songwriter and musician, and whose birth year is 60 years after a Danish film producer.",Nicolas Winding Refn
8663a18541,"What is the name of the filmmaker who produced, directed, shot, and edited a documentary film whose soundtrack composer was a Sundance fellow in the year that is four times as many years after the 1996 Sundance Film Festival where a film won the Cinematography Award, as it is before the 2016 Sundance Film Festival where an editor's work had its USA premiere?",Broderick Fox
a2dec84062,"Identify the bird genus in the Old World flycatcher family whose introducer made a spelling correction that is not recognized by the International Ornithologists' Union. This genus was introduced 34 years after another genus in the same family was introduced by Johann Matthäus Bechstein, and 18 years before a third genus in the family was introduced by Charles Lucien Bonaparte, a genus named after an English natural history dealer.",Dessonornis
ed841cd2df,"What is the city where the funeral was held for the rapper whose commercial debut single reached #82 on the Billboard Hot 100, a position 5 spots lower than a single from a 1989 comedy rap album released by a comedian's alter ego, and also 5 spots lower than a single by another rapper whose album debuted at #2 on the Billboard 200?",Atlanta
d0c3a1c766,Identify the head coach of the team that achieved a season sweep against the Pittsburgh Steelers during the final year of the Steelers' head coach who had also led them to Super Bowl XXX.,Brian Billick
8f4f05387c,"What is the name of the composer who scored his first fully animated film soundtrack using unique instrumentation like chromatically tuned glass bottles, whose contemporary also composed a score influenced by a prolific film composer known for scoring films such as 'Tora! Tora! Tora!' and whose work also featured the song ""(Don't Fear) The Reaper"" by Blue Öyster Cult?",Kris Bowers
1bfc94c4cc,"Identify the language of the 17th-century poet who famously composed 31 stanzas without using any labial sounds, if the year a translated poetry collection (which was later incorporated into Pondicherry University's M.A. Hindi program) was published is 59 years after the birth year of a poet who refused a state literary award in 2016.",Tamil
77b349e416,"An Indian non-profit organization, known for its anti-ragging campaigns and whose national coordinator, an IIT-Kanpur alumnus, appeared on an Indian television show anchored by a famous superstar, was formed in October 2005 following a student's death. In a later year, a consultant's report, covered by a Wikipedia publication in January, detailed the failure of a global education program's India pilot. This same Wikipedia publication's October issue of that year also noted the marriage of Wikipedia's co-founder to a former aide of the Prime Minister whose government, in a still earlier year, passed major education legislation that notably banned corporal punishment in all schools. What percentage of student-produced content survived after necessary clean-up in the aforementioned failed India pilot?",21%
e6943908c9,"What is the establishment year of the Jain religious minority engineering college in Thane, affiliated with the University of Mumbai, given that another engineering college in Mumbai, catering to a different religious minority and also affiliated with the University of Mumbai, was established 3 years before the Information Technology program was launched at the public technical university that was founded in 1960 and later merged its IT program with Computer Science and Engineering in 2013?",2014
4adb736092,"What is the name of the French music duo whose second single, which featured a bilingual French/Portuguese version, was released in the same month as the music video premiere of a New Zealand boy band's song that was filmed on a 70 ft classic schooner, and whose country of origin is different from the American boy band whose music video famously depicted them performing with unbuttoned shirts in the rain?",Flavel & Neto
fc9dc79183,"What is the name of the flowering plant species, endemic to California, that is known for its five hollow spurred petals, and whose flowers have a sepal count that differs from that of an African shrub genus with four sepals and stamens merged into an androgynophore, and also differs from the sepal count of another African genus whose flowers consistently have three sepals and six white petals?",Aquilegia eximia
03ea3f5424,"What is the name of the American Thoroughbred racehorse, foaled in 2015, whose owner filed a lawsuit regarding a 2018 Santa Anita Derby win, and whose pedigree has no inbreeding through the first five generations, unlike two British Thoroughbreds that both won The Derby, one in 1827 and the other in 1791, both of which were explicitly noted as being inbred?",Bolt d'Oro
41bb86a302,"What is the city where a Gothic-style market hall is located, whose developing and owning company was founded 88 years before two other Finnish shopping center entities were either founded or completed in the same year, one of which owns 9 urban centers in Finland including Iso Omena, and the other is a shopping mall located in Kuopio?",Vaasa
fdd5aedb84,"What is the sum of the birth years of the two psychologists, one of whom authored a book titled *The Science of Consciousness* and the other developed the Vividness of Visual Imagery Questionnaire, whose research areas include consciousness, and neither of whom are listed as proponents of the anti-nesting principle?",3903
45df403b60,"What is the sum of the birth year of the British poet who authored 'For the Fallen', the year the British soldier-poet who commanded Crusader tanks was killed in Normandy, and the year the American poet known for his dramatic adaptation of Herman Melville's *Billy Budd* was named a fellow of the Academy of American Poets?",5790
1f610693ef,"How many years after the 13th mayor of the capital of the 'Buckeye State' became its postmaster did the post office of the Tuscarawas County community, whose name is derived from a nearby creek, officially adopt its current single-word name?",52 years
18424be387,"What is the maximum weight, in kilograms, of a male of the critically endangered German donkey breed whose breeding program was approved in the same year that marks 36 years after a unique transforming teddy bear series was released in the UK, a series that debuted 103 years after a German seamstress, paralyzed by polio, founded her company?",210
5afc1afb75,"What year is obtained by subtracting the number of years between the National Register of Historic Places listing of the Road Island Diner and the Wickahoney Post Office and Stage Station, from the year the Mountain View Diners Company ceased operations?",1930
36e117317a,"What is the name of the historical site, the tomb of a National Hero of Assam, located near a town in Jorhat district that is traversed by National Highway 37, where the old National Highway 37 (now NH 715) also passes through a town in Golaghat district which is additionally traversed by the old National Highway 39 (now NH 129), and this old National Highway 39 also passes through another town in Golaghat district situated at an elevation of 117 meters above MSL?",Lachit Borphukan's Maidam
9060a7d4ee,"Identify the Polish duke whose granddaughter became the Queen consort of Poland and Hungary, who was mentioned by a chronicler known for opposing Louis I of Hungary, and who was also a contemporary of another duke that joined Louis I of Hungary on a military expedition to Bełz.",Kazimierz III of Gniewkowo
7ca2b4d365,"Identify the Mannerist painter who maintained a detailed journal of his activities from 1573 until his death, and who was a contemporary of the artist famous for painting both a double-sided portrait of Cosimo I de' Medici's court dwarf and a fresco depicting Moses commissioning Joshua, which was also commissioned by Cosimo I de' Medici.",Paolo Farinati
5d861fcaeb,"What was the name of the anti-communist organization, whose leader was arrested in October 1987, and was founded in the same country where a school building, visited by Emperor Francis Joseph I in 1880, later became a girls' school as a result of a 1948 educational reform that also made communist ideology central to the national curriculum?",Fighting Solidarity
3cf269f805,"What is the name of the specific concert from the 'Where in the World of Music Is Carmen Sandiego?' series that was performed in 1995 by an orchestra whose name is similar to one that uses an animated conductor's baton in its educational program, and whose debut conductor shares a first name with the first leader of a German orchestra that was absorbed into the Berlin Symphony Orchestra?",The Case of the Missing Concert Hall
d649cef043,"What is the German term for the criminal justice body, which is attached to the judiciary and whose function is the main subject of a Wikipedia category, that is involved in the delivery of justice to those who have committed crimes?",Staatsanwaltschaft
8b8ddeb2ab,"Identify the full name of the chess player who won the Spanish Junior Chess Championship under 18 years in the same year that was exactly 12 years after the Spanish Grandmaster who later represented Senegal received his Grandmaster title, and exactly 32 years after the second Spanish player to achieve the Grandmaster title received his title.",Daniel Alsina Leal
c1c8b6d170,"What is the result of adding the publication year of the French graphic novel about a feral girl raised by a bear in the Pyrenees to the year a children's historical novel set in 2nd century AD Rome received a Newbery Honor, and then subtracting the birth year of the real-life individual known for living with wolves in the Sierra Morena?",1986
8e1322b5cb,"Identify the German constructivist artist who, in 1999, developed a unique style where depth, volume, and lighting are tangible realities, incorporating back-mounted lights, and whose birth year precedes that of a Polish painter known for his 'ludicrous haiku' multimedia project by nine years, and also precedes that of a German artist who uses an impasto oil painting technique to create 'aerial views of imaginary islands and volcanoes' by twenty-one years.",Hans Dieter Zingraff
6e52ee2254,Which band did John Gossard and Sarah Weiner play together in after the band which recorded the song 'Untitled'?,The Gault
644d9ca511,Who is credited with the layout design for the album 'Would We Be Alive?' by the band which recorded the songs 'Stop It' and 'And That's Sad'?,Randy Iwata
b00092378c,"What is the name of the record label that released the song ""Rock-a-Doodle-Doo"" by the artist who also recorded ""Sweet to Do Nothing""?",Raft Records
d3235b248f,What was the name of the street where the record shop that released 'Time Tunnel' and 'The Carpettes' was located in London?,Hoe Street
dd8756f0f7,"In which city did the British ice hockey player with the same name as the author of ""Introduction To The Music Of Brahms"" live until his death in 1983?",Birkenhead
8e0643dc5d,"Which film, directed by the screenwriter of ""Four Nights with Anna"" and the producer of ""EO"", features Peter McEnery and Claudia Cardinale in its cast?",The Adventures of Gerard
ae834bf4e0,In which city was the person born on 1865-06-14 with the name Adriaan Schade van Westrum born?,Amsterdam
f2cf7f9b49,Which football club won their first FA Cup title after beating the team with the same name as the artist who recorded the song 'Free the Fighters' in the final?,Leicester City
4e06d4069a,Which band did the composer of the musical works Syncope and Cataract join as their new secondary guitarist and sound manipulator after leaving Sparta?,The Mars Volta
1021035a6f,Which search engine commemorated the lyricist of 'Jukhi Jukhi Si Nazar' with a Doodle on his one hundred and first birth anniversary?,Google
c34737518c,"In which city was the American writer, and author of ""The Hue and Cry at Our House: A Year Remembered"", born and raised?",Fort Worth
8aa2751544,"What is the nationality of the mother of the person also known as Dwairi, Ahmet, whose height is 2.09 meters?",Turkish
ed87ec6bce,What was the original name of the band whose album 'Nevaeh' belongs to the Metalcore genre before they changed it to Design the Skyline?,Extra Large Kids
46394f7350,Which monument in the birthplace of Otto Scheerpeltz was designated a UNESCO World Heritage Site in 2000?,Holy Trinity Column
072b2df8fb,Which song by Queen did the artist who recorded the track Pusong Bato (Minus One) perform during the finals of Pilipinas Got Talent?,Too Much Love Will Kill You
17a0ebc586,Which recording studio in Northeast Minneapolis was used to record the album 'LP III' by the band which recorded the song 'Blue Stars'?,Terrarium Studios
3744452296,Which country was awarded the island of the same name as the birthplace of Mauricio Llovera by the International Court of Justice in 1992?,Honduras
dc96fd151a,"Which club did the person with the same name as the artist who recorded 'Eat, Drink and Be Mary' join on loan for the 2010–2011 season?",Gillingham
bba808b75d,What is the name of the character played by Bourvil in the 1965 French drama film which shares a name with a recording by Wise Guys Octet?,Hector Valentin
28559df247,Which Serbian rugby club was renamed in December 2014 to the same name as the film with the synopsis 'A bicycle-motocrosser tries to enter a corrupt promoter's nationally televised cash-prize race.'?,RK Pobednik
7f4e3c2a18,Which Australian club did the Brazilian former footballer with the same name as the artists who recorded 'Booking Agent Blues' and 'I Can’t Give You Anything but Love / L‐O‐V‐E Medley' sign for in 2006?,Melbourne Victory
e335c8a31f,What was the name of the building occupied in 1984 on the Old Kent Road in South London by the band which recorded the track 'Insurrection'?,The Ambulance Station
341c28a127,"Which university did the author of ""Performance-Based Contracting for Roadway Maintenance Operations in Indiana"" serve as a visiting professor of civil engineering at in the fall of 1980?",Massachusetts Institute of Technology
52e5b4d829,"In the Mexican telenovela with the same name as the song created by Luz Casal, what is the name of the town where Alfonso and his wife Aminta lead a hermit life?",Valle de Bravo
4260b3ee9f,Which professional wrestler mentored the person with the same name as the artist who recorded the songs 'Love Business' and 'Someone's Gonna Hurt You' in the art of creative event marketing of pro wrestling?,Pedro Martínez
92812ee158,"Which composer was the life partner of the writer who created music for 'Despite and Still, op. 41' and 'In the Dark Pinewood'?",Gian Carlo Menotti
dbb7842792,Which Montserratian association football club uses the song with the same name as the creative entity created by Felix Cartal as its anthem?,MVO Tremors
df0d4ce4ff,"In the music video for the song ""To Be or Not to Be (The ... Rap)"", which historical figure does Mel Brooks dress up as?",Adolf Hitler
9a050d2862,"What was the name of the column in the magazine with the same name as the film produced by Glenn Gers that listed individuals who were missing, killed in action, wounded, or who had been awarded medals during the First World War?",Roll of Honour
d408ffa50d,"Which singer is featured on the song of the same name as the recordings by artists SBM Jay and Joey Riot, from the album of the same name by Ida Corr?",Shaggy
9a14e0ffc6,"Which instrument does the composer of 'Arise, Her Eyes' play on the album Trio 2000 + One?",electric bass
606c645563,"Which individual, described as the author of 'Scientific Lives' and 'Brief Lives, Chiefly of Contemporaries; Volume 1.' 's 'most familiar learned acquaintance', was a 17th-century Rector of Pertwood?",Lancelot Morehouse
2dfc68c03f,"Which Renaissance composer is the early-music ensemble from the United Kingdom which recorded the tracks 'Estampie on CSM 42' and 'Der Herr ist mit mir, BuxWV 15' named after?",Guillaume Dufay
fbb8bb3b0c,"What is the name of the country house where the Welsh industrialist and Liberal politician, also known as 'David Davies Llandinam', died in 1890?",Plas Dinam
7c13b4ef0f,Which organization released a grant in August 2024 to support the restoration project of the place designed by John Shaffer Phipps?,The Preservation League of NYS
068393e53b,Which record label released the album Greatest Hits: Live & Kickin' by the band which recorded the song 'What’s the Matter With the Mill'?,Arista Records
7fb1da1b61,Which band did the band which recorded the songs 'Erase (Aubade)' and 'Sane' support on tour in North America and Europe after the release of their album Loom?,The Pains of Being Pure At Heart
23da382ca3,In which Italian city was the concert scene for the film 'I Hate Summer' shot during a concert by the artist who recorded the songs 'Via del Conservatorio' and 'Magia'?,Terlizzi
feaafc0ff8,"Which team did the Ice Hockey Player Herb Cain coach that won the Ontario championship in 1956, 1958 and 1959?",Newmarket Smokies
1c4dd1974f,"In the 1995 film with the same name as the recording by Rezz, which character is described as a dangerous asthmatic psychopath?",Little Junior Brown
0f3183a742,What is the name of the road that connects the entity with the same name as the release with the track 'Bloody Knees' to the unincorporated community of Clfitondale?,Stonewall Tell Road
ba0adc6645,"In the 1946 British musical film with the same name as songs recorded by Zach Lemmon and Manwell Reyes, which singer performed the song 'Honeysuckle Rose'?",Jill Allen
bc8b8332f3,"In which country was the greatest hits album, S.E.S. Best, released in 2002 by the musical group that recorded the songs 'Let It Snow' and 'Dejavu'?",Japan
99c3a6f557,What is the name of the casino where Cassie Black's failed theft took place in the crime fiction novel?,Cleopatra
1a63144fa0,What is the name of the art director who designed the sets for the 1943 Swedish film with the same name as a creative entity written by Jon Schaffer?,Bibi Lindström
7fef3503d5,What is the title of the song released as a single in 2004 from the album Attimo x attimo by the artist who recorded the tracks 'Se' and 'Qualcosa di te'?,L'amore piu grande che c'è
43105d6f3d,In which city was the person born in Nakhon Pathom and named Nicholas Bunkerd Kitbamrung ordained to the priesthood on 24 January 1926?,Bangkok
9bedd51b29,Which Pakistani president awarded the singer of 'Duniya Ki Jo Baatain Hain' and 'Apni Shadi Ka Sehra' the Sitara-e-Imtiaz for distinguished merit in the field of arts?,Pervez Musharraf
a1e656858a,In which cemetery was the American industrialist and philanthropist who had Marian Cushing Eliot as a child buried?,Bellefontaine Cemetery
f1f2c56594,At which American university did the guitarist who recorded the track Chakmool-Ti study arranging and composition?,Florida Atlantic University
1f4934b4eb,What is the name of the documentary that was created about the political protest of the person named Bill Breeden?,The Times of a Sign
59eec23900,Which British satellite channel began broadcasting the television show of the musical group which recorded the track 'My Picture of the World' in April 2013?,Nick Jr.
0988f5d47f,Which Parisian theatre hosted the premiere of the opéra comique which was first performed on 1879-12-13?,Théâtre des Folies-Dramatiques
b1316180a0,"Which organization's steering committee was the author of the books ""Policy Options in Lebanon: January 11, 1984"" and ""Negotiations, the path to peace in the Middle East"" a former member of?",Bilderberg Group
f8713d318f,"In which county of New York did the person with the same name as the author of the book ""The Whilton Dispute, 1264-1380: A Social-Legal Study of Dispute Settlement in Medieval England"" buy land for his vineyard in 1983?",Suffolk County
e0771d9463,Which character is portrayed by Staffan Göthe in the Swedish TV program directed by Jonas Grimås?,The Wanderer
203628a973,What is the name of the art venue where the record producer which recorded the tracks '555Hz' and 'Honeycomb' created a site-specific composition during his residency in 2012?,Wysing Arts Centre
9e658481f9,"In the Canadian Drama film first released in May 1996, what is the name of the character portrayed by Richard Moffatt?",René
9b8cdfab46,"On which British television breakfast show did the artist who recorded the tracks ""Lament"" and ""Well Almost"" appear as a guest on 16 May 2014?",This Morning
272ccafa56,In which church did the author of Footprints of the Apostles as Traced by Saint Luke in the Acts marry Margret Emma Thompson?,Childwall Church
2f8d25fd3b,"Which European country has an embassy in the birthplace of Carlos Gabriel and consulates in Belém, Belo Horizonte, Curitiba, Fortaleza, Manaus, Natal, Porto Alegre, Recife, Salvador, Rio de Janeiro, Santos, São Paulo and Vila Velha?",the Netherlands
d373fcb1a7,From which Ottoman emperor does the name of the district in Istanbul with a TV program of the same name directed by Faruk Teber come from?,Fatih Sultan Mehmed
64a0e26f8d,"What type of baked good is named after the English surgeon and author of ""Lectures on the Theory and Practice of Surgery""?",Abernethy biscuit
a9ba095da1,"What is the name of the program established in 1983 by the leaders of the same name as the birthplace of Jean Bell Thomas and Ashley York to keep its ""best and brightest"" interested in furthering education in the Commonwealth?",Kentucky Governor's Scholars Program
a8f76821da,"In Greek mythology, what is the most commonly mentioned role of the entity with the same name as a moon of Jupiter that has named locations such as Gaea?",nurse of the infant Zeus
f9db660d60,Which motorcycle model did the manufacturer of the same name as the recording by Big Big Train submit for evaluation against the War Office's Norton 16H at the outbreak of the Second World War?,1939 VA 497 cc overhead valve single
fbf80ad877,"In the election event which includes the '2024 France National Assembly election round 1 - Gers's 1st' and the '2024 France National Assembly election round 2 - Val-d'Oise's 8th', what date was the first round of voting held?",30 June 2024
6c1e972542,What is the name of the French rock group that recorded the songs 'Sorcière' and 'Everybody's Got to Learn Sometimes'?,A.S. Dragon
466b96ce17,What was the name of the committee of inquiry that reported in 1883 on the effects of the land legislation in the place where Christopher David Lee and Kirsty Hinchcliffe were born?,Morris and Ranken committee
33cd3f7863,"In which city did the editor of the book ""Sexual Behavior: Pharmacology and Biochemistry"" serve in the Royal Army Medical Corps during his National Service?",Shoreham-by-Sea
d5d841aca2,Which Italian poet was criticized by the author of 'Contre la elevision' and the screenwriter for 'The Canterbury Tales' for being an old writer and unable to possess poetic character?,Pietro Zorutti
751e31f86e,Which city gave the keys to its gates to the birthplace of Tommaso Temanza and Antonio Maria Priuli in 1414 to avoid a war?,Vicenza
ddd021c46c,In which territory of the country whose organizational scope includes Tennis Australia was a general election held on 18 June 2005?,Northern Territory
e9170445d4,Which university is Professor Joseph Coupland affiliated with in the film with the same name as the recording by Turin Brakes?,Oxford University
c6d447ec11,What was the call sign of the United States Air Force B-52F-70-BW Stratofortress bomber that crashed near the California city which is also the name of a recording by Russ Tolman on 14 March 1961?,Doe 11
31a86c31fa,What was the name of the magazine where the musician who recorded the song 'Symphony no.2: I. Tachycardie' worked as an editor after being a conductor at the Bucharest National Theatre?,Muzica
0deb3c2c71,"According to Rick Nelson, what was the original title that was considered for the album with the same name as a film classified as a 'Financial Troubles film' before it was shelved?",It's Rock and Roll to Me
4878f92b19,What is the name of the culture to which the Middle Neolithic enclosures of the type associated with the birthplace of Henri-Charles-Etienne Dujardin-Beaumetz are ascribed?,Cerny culture
24050a6724,"According to Berber customs, what status did the mother of Idris II maintain throughout her life?",matriarch
ccb1864a57,"What is the name of the record label that released the song ""Miss You"" by the artist who recorded ""Nothing Really Matters (piano version)"" and ""One of Those Days""?",Never Fade Records
540274b013,Which company was the first customer for a computer book of the company with the same name as the director of the film 'Hesitant with Love'?,Addison Wesley
dd6895ee90,Which record label did the Dutch thrash metal band that recorded the album 'Haatland' sign with in the beginning of 2008 for the album 'Depression Tank'?,Displeased Records
0d1313bfa4,"What is the name of the tribe whose myths were retrieved and edited for publication by the author of the book ""Family Hunting Territories in Northwestern North America: Indian Notes and Monographs, No. 46""?",Koreng tribe
35d8b21e7c,Which record label released the album Pro Patria Finlandia by the band which recorded the songs 'The Day of Reckoning' and 'Goat Seeds of Doom' in 2006?,Osmose Productions
301e04b180,What is the name of the person after whom the stadium in the birthplace of John Orobulu was named?,Eric Lawson
96469a0424,"In which city was the mother of Miles Jebb, a political hostess, born?",Newcastle upon Tyne
7e6ba78ad1,What is the name of the record label that released the extended play Giza by the recording artist of the same name as the musical writer of the work 'Gatekeeper'?,Merok
51173bedd9,What was added to the coat of arms of the birthplace of Antonio Lara Zárate after the victory over the English in 1706?,a second lion head
b81ac02920,"What was the role of the author of the book ""The Egyptian Labor Market in an Era of Reform"" at the Population Council's regional office in Cairo from 2005 to 2008?",Regional director for West Asia and North Africa
31378fe5a1,Which international commission is responsible for the protection of the river with the same name as a recording by The Jaffa Kid and its basin?,International Commission for the Protection of the Rhine
377696ccf9,Which fictional Japanese ice hockey forward was drafted in the 1974 National Hockey League amateur draft by the sports team whose abbreviation is BUF?,Taro Tsujimoto
db7135a095,What was the original name of the station in the same place as the Atlantic City Conference that was later demolished in 1997 and became the Atlantic City Municipal Bus Terminal?,Atlantic City Union Station
2cd45fc844,Which Austrian record label signed the band which recorded the song 'The Invocation Pt. III “abyzou”' and plays in the Melodic death metal genre on 12 August 2021?,Napalm Records
5586c46f65,"Which song by Nirvana is parodied by ""Weird Al"" Yankovic in the song composed by Krist Novoselic?",Smells Like Teen Spirit
ea7ce8d782,In which city did conservationists meet in 1941 to address environmental damage in the region where Andrew Pyper and John F. Bassett were born?,Guelph
1ab8c7fe46,Which composer dedicated their Fourth Piano Sonata to the Irish pianist with the same name as the author of the book 'The Surgeon General's Office'?,Sir Arnold Bax
e9bfd410fc,"What was the name of the hurricane that struck the place where Andrea Beatriz Arango was born on August 8, 1899, causing significant damage and loss of life?",Hurricane San Ciriaco
f38947724b,"According to the provided text, from which religious tradition did the artist who recorded the songs ""Buck Creek Girls"" and ""Soldier's Joy"" learn the song ""Heaven's Airplane""?",Holiness tradition
688dff37f5,What is the name of the port city where the disciple of Jesus with the same name as the recording artist of 'Does Dim Mwy O Win' lived?,Joppa
372d61d4b9,"What instrument did Lee Graziano play in the band which recorded the song 'I’m Gonna Make You Mine' and 'Lipstick Traces', in addition to drums and backing vocals?",trumpet
ce3f028977,"According to the provided text, what is the name of the town on the southeastern point of the island where Sayumi Shibukawa and Taro Kondo were born and where the Hidaka Expressway is planned to be extended?",Urakawa
73b0847846,"Which light rail station serves the shopping center also known as ""Dream Mall"" in Kaohsiung, Taiwan?",Dream Mall light rail station
c7d3f05757,"What is the name of the independent film company founded in the 1930s by the producer of ""What It Means To Be An American""?",Frith Films
9e0d5ad289,"In the novel with the same name as a book edition with ISBN 9780385308465, which city in Italy does Harry Arno want to retire to?",Rapallo
6829848c5f,In which city did the person who recorded the song 'Whos Afraid Of The Big Bad Wolf' die of a cerebral hemorrhage in 1970?,Metamora
48de7ed6ee,Which band member of the band which recorded the song 'A Meditation upon Death' took over frontman duties in November 2015?,Johan Reinholdz
86d923cd30,What is the shape of the median apophysis in the pedipalp of male spiders belonging to the genus with the same name as a 1974 music album and a recording by Sayed Balaha?,C-shaped
e061aa4e99,"Which record label released the debut studio album, Dreamers, by the band which recorded the track Mockingbird?",BEC Recordings
a720cdf184,What is the name of the abandoned location where the children in the film with the same name as a creative entity written by Jo Swerling play army?,lumberyard
5f2c08b644,"What is the name of the department store where Norman, a stock clerk, works in the 1953 British comedy film with the same name as a release with the track 'Stop Digging That Hole'?",Burridge's department store
afbedce586,Which zoologist introduced the genus which includes organisms with the lower classification Greater flameback in 1843?,Edward Blyth
c0397193a7,"What was the name of the bus operator that was immediately renamed as the name of the record label which released 'MTV Fresh, Volume 4' and 'Now the Music: Power Ballads' after being privatized?",Rodoviária do Algarve
b84bfd1a45,"What is the name of the family farm owned by the deceased person Pros Mund, whose national affiliation is Norway, in Eidanger?",Bjerkevold
28256b8d8b,What is the registered name of the ProRodeo Hall of Fame barrel racing horse with the same nickname as a music album by Lida Husik and a film directed by Ron Weisberg?,French Flash Hawk
ed16eb795e,Which naval air station did the author of the book 'On Glorious Wings: The Best Flying Stories of the Century' attend to train in the A-6 Intruder?,Naval Air Station Whidbey Island
b1ceb49ed9,What is the name of the treaty that effectively made the birthplace of Kunzang Dechen Wangyal a de facto protectorate of British India in 1861?,Treaty of Tumlong
74647f92d7,What was the name of the music venue co-founded in the northwest suburbs of Chicago in 1974 by the same person who creatively produced 'If Only I’d Known It'?,B'Ginnings
3c85598b22,What type of political system did the Constituent Assembly transform the country where Vannara Be was born into in 1993?,constitutional monarchy
961eeeb328,What is the title of the 2014 album by the artist who recorded the track 'Offering' and the song 'Madison Avenue'?,Nothing New
fa61c1d9a3,Which company launched the PC Checkup program in October 2008?,Symantec
db5f76efe7,"In the opera with the same name as the recordings by artists Zoltar and Ohmns, which city is the setting for the action?",Grenoble
3ce970b302,What is the name of the American textbook company founded by Aaron White?,Boundless (company)
6aca503577,In which Finnish town was a street named Valtaojankatu in honor of the astronomer?,Kemi
8e39c9a549,Which Australian cinematographer won the Golden Tripod award in 2004 for their work on the television miniseries with the same name as an artwork by George Frederic Watts?,Geoff Burton
d0b8e96953,With which city did the Swedish garrison at the birthplace of Per Lasson send a message to after seeing the Dano-Dutch fleet?,Malmö
00d0fe0f52,What was the name of the college where the author Alexander Johnston who worked as editor of American Orations: Colonialism. Constitutional government. The rise of democracy. The rise of nationality taught jurisprudence and political economy from 1884 until his death in 1889?,College of New Jersey
d3dedd9b0f,"Which opera company performed the work with a track list including 'X, The Life and Times of Malcolm X: Act I, Scene 2, Boston, “Come with me, child.”' in June 2006?",Oakland Opera Theater
2425ba6a9b,What is the name of the German record label that released the debut album of the musical duo which recorded the song 'Burnt Away' and whose release has a track list including 'Certain Abstractions'?,Morr Music
892eff4a9f,Which driver secured the pole position for the 2019 Auto racing event called the North Carolina Education Lottery 200 race?,Matt Crafton
d7811d7700,"What was the name of the technical institute where the British set decorator, art director, and production designer who worked as an art director for the film The Spy Who Loved Me was educated?",High Wycombe Technical Institute
776c4d74eb,"What is the title of the Turkish folk song that the recording by The Spotnicks, ""Uska Dara"", is based on?",Kâtibim
812f14d69a,In which county's Arts & Entertainment Hall of Fame was the artist who recorded the track 'Southern Lady' inducted in 2023?,Luzerne County
1ac5a8129e,"According to a 2022 paper, in which Mexican state was the jackrabbit of the same name as the birthplace of María Josefa Zozaya found to inhabit, a region where it was previously not known?",San Luis Potosi
e3e25b1d48,Which county was nominated to play in the 1911 All-Ireland Senior Hurling Championship final after the county where Muireann O’Connell was born refused to play?,Tipperary
ba36c594cb,"According to the publisher of 'World Directory of Medical Schools: 1967 supplement' and 'Lao People’s Democratic Republic: a Primary Health Care Case Study in the Context of the COVID-19 Pandemic', what is the name of the condition that involves inflammation in one or more sites of the male genital tract?",Male accessory gland infection
1b87438422,"Which musician supported the artist who recorded the songs 'Rudy's Rock' and 'Mambo Rock' on his last British tour, according to the New Rolling Stone Record Guide?",Steve Tatler and Drew Barfield
953ec7c071,Which college did the director of Geography of the Body graduate from?,State Teachers College at San Jose
1d5d13f1fc,"Who directed the 1919 Australian silent film adaptation of the play with the same name as a film classified as Melodrama, Investigation and Serial Killers?",Charles Villiers
20aeca1c8b,Which mountainous region stretches between the body of water with the same name as the recording by Karim Blal and the Gulf of Aqaba?,Mount Seir
4104d89fd7,"In the short story with the same name as a recording by Charlie Kunz & His Casani Club Orchestra, what is the name of the sea near which Olivia is cornered?",Vilayet Sea
5b9937a06e,"Which Nigerian television channel premiered the first season of the reality competition series with the same name as the release which includes the track 'Chocolate Girl' on February 9, 2020?",DStv channel 198
de7112c53c,In which town in west Cornwall is the person known by the alias Katharine Lee buried?,Lelant
2c5d9561d6,"What is the name of the school in Decatur, Georgia, where the writer of the lyrics for ""Everything in Its Own Time"" first met her future Indigo Girls bandmate Amy Ray?",Laurel Ridge Elementary School
9cfafaaa9b,"Which Lebanese magazine was sued by the artist who recorded the song 'Shou Mahdoumi' for spreading false news, intimidation and slander?",Nadine
3992356664,Which band played on the song 'Johnny Come Lately' on the album by Steve Earle which includes the track 'Little Sister'?,The Pogues
0932084b4a,"What is the name of the train line that had a special limited edition train with the same name as the video game where the topic 'Splats' appears running from November 14, 2016 to December 17, 2016?",Keikyu Airport line
9e0edd4b23,What is the name of the Biblical figure after whom the sign with the same name as recordings by Dahlia KYHC and Pinch is named?,Lazarus of Bethany
8adc858420,What type of body was formed in the birthplace of Aileen Allen when the Legislative Council and House of Assembly were amalgamated in 1893?,unicameral body
ab907c5610,"Which organization did the author of 'Race, reform, and rebellion' join in 1979, comprised of veterans of the New Left?",New American Movement
46879d49f7,Which award did the illustrator of 'The Secret Society of Super-Villains' receive in 2021 from the Inkwell Awards?,Joe Sinnott Hall of Fame Award
5692b2b70b,In which Chicago neighborhood did the same name as the illustrator of Blood Dance acquire his GringoLandia Studio and take up permanent residence in 1998?,Pilsen Historic District
33e33d2416,Who was the engineer for the album Horizon by the artist who recorded the track 'The Cosmo-Fire'?,Tam Fiofori
87b298b0cb,"What is the name of the record label that released the single ""Syd’s Eyes"" by the band which recorded the song ""Harlem""?",Black Mountain Music
a10eb51dff,"Which character in the 1983 film with the same name as a TV program with music by Keith Hopwood is described as affable but reclusive, not caring for society and social events?",Badger
f40b3403e5,Who narrated the 2016 American documentary film about mixed martial arts with the same name as a creative entity by Wale?,Kevin Costner
e12a0c56d6,"According to Kirkus Reviews, which type of crime writing by the author of ""Ravissements"" is described as 'gripping and creepy'?",crime-from-the-criminal-point-of-view
41d1ce7f37,"In which city did the journalist and author of the book ""Wind of Death"" serve as the bureau chief for Agence France-Presse from 1977 to 1979?",Brasilia
a8034619df,In which German city was the author who was a screen writer for Violanta born?,Rudolstadt
355356c714,"Which bird species is known to nest on the island also known as 'Eagle Iland', making it the only island in the archipelago to do so?",great blue herons
2e31c43d66,Which Spanish football team did the official football team of the location where the Battle of Piedra Pisada happened play against in a friendly match on 8 December 1926?,Spanish National Team
98513bec52,"In which state of the United States is the Greenwood Township which is also known as Greenwood Township, Wexford County, Michigan located in Tripp County?",South Dakota
1770261c8c,Which television network broadcast the two parts of the HISTORICAL_DRAMA 'Man in an Orange Shirt' as a coherent feature film on 13 August 2017?,TVNZ
adb9e65164,Which film festival awarded the movie written by Ivo Brešan and edited by Boris Erdelji with the Grand Silver prize in 1980?,Yugoslav Feature Film Festival in Pula
c4e0ad143b,"Which award did the musician who recorded ""Just One Wish"" and ""Brazilia"" win for his keyboard skills in the smooth jazz genre?",American Smooth Jazz Keyboardist of the Year award
47aebb353d,Which television network picked up the program including the episode 'Marlon Wayans and His Hilarious Family' for broadcast in Canada?,Global
8d33a23989,"Which Indonesian singer/songwriter is featured on the opening track ""Summer in Paris"" of the album with the same name as the recording by Ruffstuff?",Anggun
8211606546,What is the name of the Welsh hymn melody associated with the hamlet which has the same name as a recording by John Cavicchio?,Llangloffan
c9f9dde9e8,Which character in the animated film Lil' Ainjil is known for throwing bricks at the character whose series includes the works 'Feather Duster' and 'The Trapeze Artist'?,Ignatz the mouse
f760e28c92,Which city did the Austrian forces retreat to after the battles at the birthplace of Karl Eckhard and Stockach in May 1800?,Meßkirch
9fdb95419f,Which correctional facility is now the only prison in the English county where Mike Edwards and Jonnie Hurn were born?,HM Prison Erlestoke
71b03f0bce,Which British film director and film producer is a distant relative of the author of 'From the Earth to the Moon: The Original Text - Remastered'?,Marc Benardout
6621b49131,Under the supervision of which person did the editor of 'Linguistic Issues in Language Technology Vol 9: Perspectives on Semantic Representations for Textual Inference' complete her doctorate at the University of Cambridge?,Martin Hyland
1f37d63d1b,What was the name of the television show that the person with the same name as the film production designer of 'The Unborn' hosted on the Fox network?,30 Seconds To Fame
d1e3edaf51,"In which city did the person named John H. Gibbons, born on 1929-01-15, die in 2015?",Crozet
d26409d848,What was the name of the goldsmith in charge of marking the devalued placks with a heart and star associated with the same name as the birthplace of Lawrence Adamson in March 1574?,James Gray
c7f4e24e5b,"What mythical creature is integrated into the letter O of the company with the same name as the record label that produced 'Babydream, Vol. 13: Tierische Lieder'?",A centaur
6474208bca,"What is the name of the village in Leicestershire where the author of the book M in the Kitāb Al-Amālī Of Abū ʿalī Ismāʿīl Ibn Al-Ḳāsim Al-Ḳālī (Būlāḳ Edition, A.H. 1324): I: Names of Poets II: Rhymes and his wife Ada settled in 1920?",Quorn
14d6fdf1ea,In which French department is the commune that was the birthplace of Eugène Charles Miroy located?,Ardennes
4a4d2890d6,Which community in Obubra Local Government Area in Cross River state was involved in a land dispute with the community with the same name as the artist who recorded the track TOKYO that was settled in June 2024?,Onyadama community
b79b6b91b9,What title was Victor Marie d'Estrées given after successfully sailing the founder of the Royal Academy of Pharmacy to Naples?,Grandee of Spain
63b5eb1f89,What was the profession of the person with the same name as the U.S. legislator who co-sponsored the Mental Health Telemedicine Expansion Act when he started in strongman competitions?,photocopier engineer
b31526e5b2,What is the name of the square near which Sergey Zhuravlev lives in a communal apartment in the film with the synopsis 'Three lifelong friends return to Moscow after their military service'?,Zastava Ilyicha Square
d9631e5fbd,What is the name of the dialect used by the dancehall reggae sound system which recorded the songs 'Reggae Internazionale' and 'Punnuieu' in their lyrics?,Salentino dialect
fdc9396731,What is the name of the software product from the software developer which created Network Information Service and whose slogan is 'The network is the computer.' that implements the Microsoft Windows Application Programming Interface specifications?,Wabi
c02e015a80,Which British explorer first sighted the birthplace of Pauline Mackay in 1602?,Bartholomew Gosnold
ae09cfef8f,"What is the name of the country where the featured artist on the album 'Didare Jodaee', Sara Naeini, was arrested as part of a government crackdown on artists?",Iran
d5f9b2924e,Which Australian passenger train service was replaced by road coaches beyond the birthplace of Travis Birt on 20 August 1993?,The Gippslander
ba2a195e2d,"What was the name of the project at Boston College where the triathlete Rick Hoyt worked, helping to develop systems for people with disabilities?",EagleEyes Project
757e343bc1,"Which political party was founded in 1967 in the location completely contained within the United States which is the subject of the Puerto Rico Film, Television, and Theatre Production Act of 2021?",New Progressive Party
e184e2b9c9,"Which Portuguese American writer is known for their work about the author of 'The Authentic Letters of Columbus, Volume 1, Issue 2' and was born in Madalena?",Manuel da Silva Rosa
b9dc9fa1f9,"Which organization's board of directors declared that the employment of the artist who recorded the track ""Love Letter to Chi"" had been ended, following a statement by Sam Van Cook?",Young Chicago Authors
f6a260ce7c,"Which French punk rock and alternative rock group covered the song with the same name as a recording by Old Head on their album ""17 plombs pour péter les tubes"" in 1994?",Ludwig von 88
a052c9f138,"What was the title given to the person also known as Prince Chao Noi Sukkasem, a member of the royal family of Chiang Mai, that did not grant him the right to ascend the throne?",Chao Uttarakan Kosit
5d48e3d3fa,Which team did the manager with the same name as the editor of 'The Scottish Quotation Book: A Literary Companion' tour New Zealand in 1990 and Australia in 1992?,Great Britain RL team
9d86b6292f,During the reign of which English monarch did the practice of purchasing officer's commissions in the armed force with units including the 107th (Bengal Infantry) Regiment of Foot and the 43rd Infantry Brigade begin?,Charles II of England
9ac2b27997,In which city did the Welsh rugby player with the same name as the producer of the track Crescent City Serenade become a taxi driver after his rugby league career ended?,Huddersfield
f07bf03608,To whom did the artist who recorded 'Symphony no. 1 - IV. Finale: Bewegt und feurig' dedicate the song 'Der Lehrerstand'?,Michael Bogner
c48f45bddb,"Which cultural group of the birthplace of Washington Banian is composed of at least 240 different peoples, each with its own language and culture?",Papuans
11661b4374,Which mine was credited as being more consistent in yielding annual dividends during the late nineteenth century than any other mine in the US state for which Utahraptor is named?,The Ontario mine
53f35b5f72,In which English football league did the team from the same place as the birthplace of Wilf Threlfall play in during the 2007–08 season?,League Two
595adff005,"What was the birth name of the American professional boxer with the same name as the author of ""History of Egypt, Chaldea, Syria, Babylonia, and Assyria in the Light of Recent Discovery""?",William Hall
082f182bcf,What is the name of the area in the Jordanian capital and birthplace of Dr. Diya AlAqil that is characterized by compact buildings with concrete facades?,Eastern Amman
1f08cc60c2,Which tennis player partnered with the mother of Jagger Leach to win the doubles title at the 1995 Nichirei International Championships?,Mary Joe Fernández
14f90b996b,Which football club released the person born on 1998-11-30 with the alias J. Antwi at the end of the 2017–18 season?,AFC Wimbledon
9187ad104d,What is the name of the biblical city that was the home of the entity with the same name as the 2008 film or the recording by Xay Hill?,Gath
b0874052e7,What is the name of the independent press devoted to gay literature that the author of 'Paul's Cat' established in 2010?,Chelsea Station Editions
fe32c65b62,What is the name of the genus of tiger moths that was erected in 1807 by the person born on 1761-06-20?,Hypocrita
ec75ce917d,Which American musician and composer led the band that recorded the tracks 'Ghost Riders in the Sky' and 'Baja Nights'?,Julius Wechter
b145fc1408,Which television series did the media producer of 'Werewolves Within' win an Emmy for his guest acting role in?,Ted Lasso
3db9f6ffb2,"According to a study performed at the educational institution also known as UNISI, Italy, what was the form of distraction used in the passive distraction experimental group during venipuncture?",watching a TV cartoon
0bea57bc6b,"In the 1999 television series with the same name as albums by Lucía Méndez and recordings by Lisette Melendez, what is the name of the character who abandoned her two-year-old daughter?",Rosario
29f605d445,What is the name of the Australian record label that released the debut album 'Ele' by the artist who recorded the song 'Heko'?,Sigma Editions
68435f4bb0,"What is the brand name of the first notebook computer released by the programming language developer which helped develop COMTRAN on October 5, 1992?",ThinkPad
2a39846dcd,"Which fashion designer created the clothes and outfits for the Japanese rock band which recorded the album ""Sister""?",H. Naoto
74ebc74fac,What is the name of the first single released from the album '4.0' by the artist who recorded the song 'Grande' and the track 'Abismo (live Madame Noir)'?,Solo Se Vive una Vez (4.0 Version)
b95765b522,Which city did the composer of the musical work The Resolution move to after leaving Los Angeles and taking a step back from the music industry?,San Clemente
bc11be5b6f,Which river is the birthplace of Wilhelm Zaisser located on?,Emscher River
f2bb4f0069,Which player was named hurling captain for the 2020 season of the same name as the birthplace of Stacey Flood and Dane Massey?,Danny Sutcliffe
ee4c8cdf7d,Which song from the album with a track titled 'Dark Night of the Soul' received a GMA Canada nomination for Instrumental Song Of The Year in 2008?,Moon Over Birkenau
a9dda53786,In which city was the band which recorded the track Yang Farang Dub formed in 2015?,Khon Kaen
6da1601713,Which creative agency was founded by the artist who recorded the track 'T.D.' and the composer of 'Am I Dreaming' and simulated a platform of game boy to get visitors immersed?,AWGE
b16c20c7a5,"According to a review in The Guardian, which series of novels by the author of 'Crossing the lines editions of books' is described as semi-autobiographical?",The Soldier's Return series
edc968cf24,Which musician played keyboard and guitar on the album 'Man in the Moon' by the band which recorded the songs 'Word to the Wise Guy' and 'F.N.A.'?,Mick Cripps
06c60f99da,"Which artist collaborated with the singer who recorded ""My Tears Are Overdue"" and ""Let’s Both Have a Cry (1966)"" on the song ""Yearning""?",Jennette Hicks
9cbffc03dc,"Which Brazilian football club did Carlos Eduardo Alves Albina, also known as the entity with the same name as a recording by Les McCann Ltd., play for where he became closely identified with the fans?",Juventude
fd286bf4ca,"Which Australian musicologist described the sound of the band that recorded the songs 'On the Vine (Slight Reflux)' and 'Bride Of The Fair Countryside' as a diverse musical palette, taking in country-tinged Oz rock, pop, blues and jazz with strong, varied songs, crooning vocals, lap steel, and unusual instrumentation?",Ian McFarlane
27dbb9c019,"In which country is the village named Tsetse, North West located, which has the same name as the artist that recorded the track 'Dream'?",South Africa
8f53627379,On which river is the town with the same name as the birthplace of Martine Hansen situated?,Wiltz
c07583aabf,Which Irish band contributed to the album created by Hope Sandoval & the Warm Inventions and also appeared on 'Through the Devil Softly'?,Dirt Blue Gene
975c98c78f,"What is the name of the town in New York where filming for the third season of the TV program about 'Courage & Bravery' took place, representing Fagan Corners, Vermont?",Windham
6e08c68498,"In the video game with the same name as the song by Of Lions and Giants, what type of structure is damaged in a nuclear war and holds 1000 survivors in stasis?",hibernation dome
15a2482528,"In which city is the headquarters of the Department of Transportation, Communications and Infrastructure of the entity with the same name as the recording by Nickybaby located?",Palikir
9ba91fb930,Which filmmaker created the animation for the Luden's cough drops television commercial that featured the music of the artist who recorded 'Exercise Four' and creatively produced 'Yo Mama'?,Ed Seeman
74338c1076,"Which hills, known for their stark plateaus and rough terrain, are part of the forest that inspired artworks by Frédéric Bazille and Narcisse Virgilio Díaz and were a popular theme for painters and photographers of the Barbizon School?",Jean de Paris
17ce10234c,"What is the name of the publication where the story ""Kidnapped"" by the author of ""The Jungle Book - Reading Time"" was first published on March 21, 1887?",Civil and Military Gazette
125b8af4d0,What is the name of the genus of demosponges that is also called the classification of Crucifers?,Crambe
3736051c51,"What is the name of the research station in Alaska where Cassie, the protagonist of the novel with the same name as the recording by Daniel Lanois, is raised by her father?",Eastern Beaufort Research Station
ac4132f4d5,Which river is the Tuscan town where Carlo Arrighi was born located on?,Carrione River
27a6eae679,"Which educational institution in Saskatoon, Canada, is named after the founder of Kyiv-Mohyla Academy?",St. Petro Mohyla Institute
0c523f7cbb,"Who directed the music video for the song ""I Love You"" by the band which recorded the songs ""Beauty"" and ""Tell Me (Acapella)""?",Little X
7e0808d22b,What was the profession of the person born on 1788-07-04 who was elected as a fellow of the Royal Society in 1820?,astronomer
ff483d7ea3,"In which Russian city was a concert by the band which recorded the songs 'Universe of My Heaven' and 'Golden Years' banned in 2004, allegedly for the advocacy of violence?",Kemerovo
6a8a062f86,What is the name of the English Parliamentary bill proposed by the House of Commons in 1407 or 1410 that was inspired by the thinking of the author of 'De eucharistia'?,Lollard Disendowment Bill
9e5982661e,"Which science fiction convention, held in and around the place with the same name as a recording by Ed White and the Next of Kin, is the second oldest in the state?",LepreCon
b0901aa51c,What is the name of the international airport that serves the metropolitan area which is the birthplace of Susilo Badar and Anto Wijaya?,Juanda International Airport
d7daff30c8,"What is the name of the independent publication about books that the author of ""Out of Hiding: Holocaust Literature of British Columbia : an Historical Survey in Appreciation of Robert Krell"" created?",BC Bookworld
51e985b494,"Which publication featured an essay by the author of ""Modern Meat"" in 2020 about the ""death of engagement"" between the United States and China?",The Wire China
d5f848d119,Who was appointed Minister of Agriculture in the country with the same name as the separate recordings by artists Dottor M and Fikus after the cabinet shuffle of 9 August 2010?,Peter Mwanza
9d07427cc0,"In which district of Kerala did a team with the same name as the recording by Glowjack carry out a combing operation following reports of sighting of Maoist insurgents in February, 2013?",Malappuram district
49213204b7,"What was the name of the home in Les Avants, Switzerland, where the opera singer who recorded the song 'Ah! Roland!' lived?",Chalet Monet
86f2ad6480,What is the title of the animated short film directed in 2023 by the same person who was an executive producer in the film Once in a Lifetime: The Extraordinary Story of the New York Cosmos?,The Day I Became a Bird
98b5c90bcc,"In the 1923 film with the same name as a recording with the track 'Second Fiddle', what is the name of the town where the Bradley family resides?",Spell's River
8c8fb40321,In which city was the painter Jamal Joratli born?,Salamiyah
4efa83b724,What is the name of the Taiwanese boy band that released a Chinese remake of the song with the same name as recordings by Da Tweekaz and Christophe Imbs?,Energy
0066a781e8,In which Spanish city was the film written by Fernando Colomo and also known as 'La Noche Que Mi Madre Mato A Mi Padre' shot?,Valencia
33d97585be,"Which institute, promoting social justice and human rights, did the author of ""Que votre joie soit parfaite"" serve as director of?",Las Casas Institute
01b6de6ecc,What was the academic title held by the author of 'Cepstral Filtering on a Columnar Image Architecture: a Fast Algorithm for Binocular Stereo Segmentation' at New York University Medical Center before joining Boston University?,Associate Professor of Psychiatry
38a283d60f,"Which American organization awarded the author of the book ""Elementary Solid State Physics: A Short Course"" the Oersted Medal in 1979?",American Association of Physics Teachers
c042d8af8b,Which record label gave some of its assets to the record label with an artist named The Ramrods in 1961?,Madison Records
a7dcaed770,"Which Australian Prime Minister was described as a ""fossil with a baseball cap"" by the person quoted as saying 'If one takes pride in one's craft, you won't let a good thing die. Risking it through not pushing hard enough is not a humility.' in 2019?",Scott Morrison
01d5e3568c,"What is the name of the film festival where the director of the film Ishu edited the official catalogue in 2003, 2004, 2005, 2007 and 2008?",International Film Festival of India
80c02b0ae0,"In the 1985 Quebec municipal elections, which political party supported the proposed annexation into the city of Montreal of the birthplace of John Dunning?",Verdun Unity Party
83fdcee558,Which company produced the feasibility study of a light rail system for the birthplace of Clara Vestris Webster?,Atkins
99a6e57df7,"What was the name of the tavern located next door to where Abel Roper moved his business, at the sign of the same name as the recording by Lez Zeppelin?",Devil Tavern
96a347850b,"Which playwright, who is also the stepdaughter of the author of 'The Painter with Women', was the first female to have her play performed on the main stage of the National Theatre?",Rebecca Lenkiewicz
cdc6b54b92,Which scent bottle was designed by the visual artist who created 'Bulgarian Child Eating a Rat' and is part of the collection at the Perfume Museum in Barcelona?,Le Roi Soleil
e11db0a7c2,Which Wisconsin highway is the place with the same name as a creative entity by Hybrid Kin located on near its junction with Wisconsin Highway 13?,Wisconsin Highway 86
174a15fa65,"What is the title of the 1928 songbook by the artist who recorded the songs 'Picture From Life's Other Side' and 'Sweet Betsy From Pike' that sold more than 100,000 copies?",My Favorite Mountain Ballads
f2901c7d70,"In which city was the Catholic Church prelate born on February 18, 1903?",Buccheri
ed59287ce4,Which organization is the producer of the album 'Defenders of the Faith' a member of?,Music Producers Guild
cfea8c0c25,In which cemetery is the writer of the screenplay for 'The Road to Romance' and her husband buried?,Mount Pleasant Cemetery
31e2679a7a,Which sport is the focus of the British sports drama film with the synopsis 'Four runners go to Rome to compete in the 1960 Olympics.'?,marathon
1f084f0082,"Which Polish city is the location where the composer of Miserere, op. 44 dedicated their work?",Bydgoszcz
116e8b6e53,In which hill station of the British Raj was the English cricketer whose name is commonly shortened to M. Corke born?,Murree
79cc291b31,What document can non-permanent residents of the birthplace of Ben Hopkins obtain to travel if they cannot get a national passport from another country?,Document of Identity
492d19785c,"Which musician played bass on the song ""Was Never There"" by the same artist who recorded ""Red Don't Feel""?",Flea
e6f7f2ea44,Who was the photographer for the album Shpritsz by the band which recorded the songs 'Don’t Do It' and 'Job'?,Anton Corbijn
a3481b9c21,"Who arranged the song ""I'll Wait for You"" performed by the same artist who recorded the track ""Trumpet Sorrento""?",Peter De Angelis
ce82a3894d,What is the name of the organization that awarded the artist who recorded 'A. Shurbin Sonata Nr 3 Walk through njeskutchny sad' the Merit Award in 2008?,Confédération Internationale des Accordéonistes
570580694d,"Which record label released the album Solinari by the American doom metal band which recorded the songs 'Phoenix Moons (1995 instrumental demo)' and 'She, the Master Covets' in 1999?",Relapse Records
4408cda92e,Which American former actress sang the theme song for the 1982 film with the same name as the recording by Jessica Penner?,Phoebe Cates
5046742c77,"Which railway line serves the transit stop with 3 tracks on the Takayama Line in Gifu Prefecture, Japan?",Takayama Main Line
555b167f6a,"In the 2011 film which was executive produced by both Mingyu Peng and Xu Jinglei, what is the profession of the character Amy, played by Xu Jinglei?",investment bank official
aa75a54baf,"What is the name of the house designed by the architect of the Edwin H. Cheney House located in Virginia Beach, Virginia?",Andrew B. Cooke House
7d72267823,"What is the name of the film based on the novel of the same name by the author of ""Sommersgate House"", released on February 14, 2020?",The Will
3e3df459f7,"Which record label released the single ""Because You're Young"" by the band with the same name as the song by Protex on March 12, 1982?",Chrysalis Records
fb1ed18780,What is the name of the main character in the 2006 novel with the same name as the film produced by Faulkner-McLean Entertainment?,Moon Blake
ea1e96247f,"What was the name of the university where the author of ""Using Hypnotism: Expert Tips from the Creator of the Manchurian Candidate Or Mind-Controlled Assassin"" served as chairman of the Department of Psychology?",Colgate University
5be7c09e5c,"What is the title of the Israeli film directed by the author of ""Unfair to Goliath"" released in 1971?",The Policeman
eee5dd9bae,What is the name of the heavy metal/punk band that the recording artist of the song 'Chicks Dig Bad Boys' is a member of?,Löded Diper
ccba48959d,"Which music group released the compilation album 'Classic Hits of the composer of the compositions ""Winter Song"" and ""Sunday Morning Sunshine"" in 2003?",Warner Music Group
11baf30e8b,"In the 1917 film also known as ""FIGHTING FOR LOVE"", what is the name of the kingdom's ruler who is beloved by her people?",Sylvia
87ab345cb2,"Which record label released the album ""The Strainge Case of Steve"" by the band which recorded the tracks 'Psychlops' and 'Nightmare' in 2023?",Cuneiform Records
c6c7bfd529,Which South Korean entertainment company distributed the debut studio album 'The Awakening: Written in the Stars' by the artist who recorded 'Call My Name' and 'Gas Pedal'?,Kakao Entertainment
f44f0e9a07,"Which church in Scania, Sweden, designed by the architect of AB Börringekloster Huvudgård and Öved Kyrka, was inaugurated in 1788?",Sofia Albertina Church
50c8e9c4d9,"What is the brand name of the urban oldies format that the radio station using the slogan 'Philly's Favorite Classic R&B' flipped to on December 10, 2018?",Classix 107.9
56ad4fb66c,"In which Irish city was Castle Hackett, a filming location for the movie with the same name as a book with Dewey decimal number 942.0164092$220, located?",Tuam
214c5375a4,What is the name of the British motorcycle manufacturer that first showed the motorcycle with the same name as a composition by Snail Mail in 1938?,Brough Superior
d7d490bdfb,"What was the maiden name of Anne Berkeley, Baroness Berkeley, who was a lady-in-waiting to the person with the same name as a play first performed on 2010-07-24?",Anne Savage
c54a2c2682,"Which record label released the compilation album 'Bootleg Retrospective' by the band which recorded the songs 'So Tough (outtake)' and 'Earthbeat 12""'?",Y Records
faaf987107,Which football club did the English person Chris Bush join on loan from Gateshead in January 2013?,Lincoln City
3bf7b946b5,What was the original name of the insurance company which is also known as Nationwide Mutual Group?,Farm Bureau Mutual Automobile Insurance Company
718bbe830d,"In the 1998 Indian Malayalam film with the screenplay by A.R. Mukesh, what is the name of the character played by the actor Prem Kumar?",Jayan
62c7ec05bf,"According to Auguste Bontems-Lefort, a contemporary French military envoy to Iran, which army looted and seriously damaged the religious buildings in Echmiadzin of the people who speak the same language as is used in the media item 'Our Yard'?",Russian army
f35aac94b1,"Which artist created the sculpture of the person with the same name as the singer of 'The Dundee Weaver' that was unveiled on Sheriff Street, Dublin?",Vera Klute
40c4ffbb63,"Which streaming service signed a deal with STX Entertainment to produce an animated television series based on the film with a soundtrack of the same name, classified as Adventure, in May 2018?",Hulu
fdee0ec15a,"According to a study from 2019, which size of firms in the country where Atelaw Yeshetela Bekele and Mohamed Kedir were born face the highest tax burden?",small firms
7cfdafb8e6,"Which state attempted to sue the person who said 'If I am shot at, I want no man to be in the way of the bullet.' for enforcing the Reconstruction Acts?",Mississippi
0956f19303,What is the name of the record label that released the vinyl version of the extended play with the same name as recordings by Dying Desolation and Dance Cult by Sevdaliza?,Music on Vinyl
821d7ee0d5,What is the title of the debut single released in 2022 by the singer-songwriter born in Spain on 2001-12-12?,Si No Estás
5eb276f9ea,Which celestial body is on a collision course with Earth in the TV series with episodes such as 'Beach Party' and a synopsis of 'Three friends discover they become mermaids when in contact with water.'?,a comet
ad20cfe206,"Which record label released the second studio album, Absolute Value, by the Boston rapper who recorded the track 'Live'?",Fat Beats Records
370f75d9cc,Which team defeated the team also known as Sea-Port Cascades in the final to become the 2016 American Ultimate Disc League Champions?,Dallas Roughnecks
aa91151e7d,What was the name of the electorate for which a by-election was held in the Australian state where John de Vries and Jim West were born on 1 February 1878?,East Macquarie
09b5527034,Which tribe did the tribe of the fictional character whose child is Osman Bey seek refuge with after the Mongols massacred half of their tribe in Erzurum?,Dodurga
37d8e380c3,"According to Mary Louise Graffam, what did she and others argue would free the ethnic group which includes Cherkesogai from Turkish domination?",an independent Armenia
21904e55cb,Find the person who was the set decorator for both A Quiet Place Part II and The Truman Show.,Nancy Haigh
52adff4aab,When was the person born who served as the film editor for both The Fall Guy and Deadpool 2?,1965-07-06
ddd269e809,Consider the common individuals who created How to Get Away with Murder and wrote Grey\'s Anatomy. What are the books they have written that were published before 2009?,The Hollywood Assistants Handbook: 86 Rules for Aspiring Power Players
9de59461e6,Who directed the casting for the film American Pie?,Joseph Middleton
4d3e9187ca,"For the teams that both Roy Keane and Steve Cooper coached, find the one with the earliest coaching start date by either of them. What is the founding date of that particular team?",1865
14667c2b30,"Considering the films released in 2019-12-16 that featured both Kylo Ren and Ahsoka Tano, which female actors played the character Ahsoka Tano?",Ashley Eckstein
d1e126d2ba,List the films released in 2015-08-19 that were produced by the same person who was the producer of Interstellar and the screenwriter of Oppenheimer.,Quay
ad384f92d4,"Of all the films directed by Taylor Sheridan, who was in charge of set decoration for the one released earliest?",Goar Galstyan
5ffdf2e36c,Name the costume designer of the earliest released film where the fictional character Hannibal Lecter made an appearance.,Colleen Atwood
84bc4e937d,"For the character Katniss Everdeen, which female actors were in the films that are sequels to The Hunger Games and also belong to the film series The Hunger Games?",Jennifer Lawrence
5241e197bd,"Who designed the production of the films that Stephen Moyer directed, which were released in 2018-06-24?",Mark Larkin
f273d2c5d5,What is the name of the cinematographer who worked on the film that is a prequel to The Empire Strikes Back and also included in the Star Wars original trilogy series?,Gilbert Taylor
869caffd27,Find the oldest book written by a producer of the film Challengers.,Between U and Me: How to Rock Your Tween Years with Style and Confidence
b4ba0a0256,"If a film starring Clint Barton was released in 2019-04-22, what was its release date in the US?",2019-04-26
d1e8be0bf2,"Among all the films produced by Michael Caine, who edited the film that came out first?",John Trumper
5bf7df3d78,"Among the directors of the film series to which the film Wishmaster belongs, who was born earliest?",Jack Sholder
5c9d4999b4,Determine the art director who worked on both Paddington and Harry Potter and the Prisoner of Azkaban.,Steven Lawrence
78c9629c79,What is the release date of the most recently released film among all films written by Norm Macdonald?,2022-05-30
276d5d420d,"Among all the films directed by Robert De Niro, find the cinematographer of the film with the maximum release date.",Robert Richardson
7d28d33989,"Regarding the film Wayne\'s World, who designed the costumes for its subsequent film?",Melina Root
de1a636d1c,Determine the art director who worked on both Cheaper by the Dozen and Forgetting Sarah Marshall.,Scott Meehan
cfbb2bc26f,Find the cinematographer of the film that is a direct sequel to Pitch Perfect.,Jim Denault
57eb20f77c,Identify the TV show that features Eobard Thawne and has the minimum end date among all such shows.,Batman: The Brave and the Bold
02e248319e,Which person was responsible for the production design of the earliest released movie directed by Steve Guttenberg?,Mark Harper
3728a9a642,Find the production designer of the earliest released movie written by Jordan Peele.,Aaron Osborne
3b2cb7b8f9,Which individuals were the casting directors of the movies written by Paul Reubens with a release date of 1988-12-21?,Diane Dimeo
f4a1d62bd4,What person wrote the screenplay for the earliest movie starring the fictional character Billy the Kid?,Edward J. Montagne
741cc565de,"Among the films produced by the intersection of producers of The Watchers and screenplay writers of Trap, what is the oldest release date?",Praying with Anger
7d547491cc,"What are the names of the players who were drafted by teams common to both Stephen Curry and Wilt Chamberlain, and whose active period with the team ended on 2008-12-18?",Richard Hendrix
d633a9625c,What female actors were cast as Merit in films produced by Travis Kelce that came out before 2025?,Sonequa Martin-Green
9443ea4a26,Tell me the date of birth of the person who produced It\'s Complicated as well as The Truman Show.,1958-07-14
dda375f086,Who designed the production of the films released in 2012-08-24 and featuring Holly Willoughby as an actor?,Tom McCullagh
cb127f7e3b,"What were the award categories won by the person who was president when Dick Cheney was vice president, at the ceremony on 2018?",Liberty Medal
22ba04b3f7,Identify the person who served as executive producer for The Ministry of Ungentlemanly Warfare and producer for The Rental. Which film produced by this person has the minimum release date?,At Any Price
285f02b2ff,Can you name the trainer shared by both Coco Gauff and Andy Murray?,Brad Gilbert
a01ad1740a,"For the person who is credited as the screenwriter on both Fifty Shades of Grey and Venom: The Last Dance, what is their birth date?",1974-01-10
3e2c77289d,Find the person who did the set decoration for the most recently released film that Daisy Duke appeared in.,Robin Peyton
7060edd410,"Of the films produced by Kevin Gage, find the person who provided the story for the earliest one.",Shane Ryan
3b430c98ca,"For the films written by Norm Macdonald and released on 1998-06-12, who composed the music?",Richard Gibbs
5a28182564,"Regarding the film Home Alone 2: Lost in New York, who designed the costumes for its subsequent film?",Jodie Lynn Tillen
e330b6400b,"Of the films directed by Marty Feldman, who designed the production of the film released last?",Lawrence G. Paull
9f847efa21,What person is the oldest spouse of the people who created the TV program Derry Girls?,Tobias Beer
f6c230d900,"Considering all executive producers of The Hunger Games, find the earliest released book written by them.",FIRE PROOF
6142e8302d,"Considering the films that Roger Clemens acted in, who composed the music for the film with the earliest release date among them?",Elliot Goldenthal
f8adf82831,"For the person who worked on the screenplay for both The Princess Bride and Misery, what is their wedding date?",1961-04-15
d3ff02df59,"Before 1997, who designed the costumes for the films that Kevin Spacey directed?",Isis Mussenden
2cd573dc82,Which person was the cinematographer for the earliest released movie written by Brittany Snow?,Sandra Valde-Hansen
4a02d18ab0,Take the cricket teams that Ravi Shastri and Gary Kirsten both coached. Consider the team among them with the highest 'from' date for coaching. Who from that team's roster history has a start date of 2004-09-05?,Dinesh Karthik
9b1feeaa82,"For the person who was a coach for Boston Red Sox and a manager for Chicago White Sox, which of their spouses had a start date equal to 2013?",Kathryn Venable
b54ba6cabf,Who are the cinematographers of the films directed by Kevin Spacey that were released in 1996-09-09?,Mark Plummer
ce389bdbe2,List the female actors who played the character Senapathy\'s Wife in the film that came before Indian 2.,Sukanya
11b23fd878,Who among the female cast played the character Young Iduna in the sequel of the film Frozen?,Delaney Rose Stein
7bac74bedf,Find the organization of education where the host of the TV program The Kitchen had an end date equal to 2000.,Bradley University
d2ea9585c5,What books released on 2016-11-15 were written by the head coach of the basketball team Arkansas Razorbacks men\'s basketball?,Success Is the Only Option: The Art of Coaching Extreme Talent
613a99d7a6,What is the release date of the latest film directed by Rita Wilson?,2007-10-05
377c49313f,"Of the films produced by Sheila Kelley, find the set decorator of the film with the maximum release date.",Chris Tunney
1601c07605,Find the female actor who took on the role of Ravenclaw Student in the earliest released film in which the fictional character Cedric Diggory appears.,Sarah Harrison
c1a10c0a78,Who wore the minimum jersey number in the team that emerged as the champion of UEFA Euro 2016?,Rui Patrício
83d9bd0fae,What is the date of birth for the person who wrote the book series The Quintessential Quintuplets?,1991-07-27
e6d122e40f,Who is the mascot for the sports team Dallas Wings?,Lightning
b5ef1c4107,"Among all the films produced by Bárbara Mori, who edited the film that came out first?",Jorge Macaya
d1aa9cd679,"Among the films released in 1993-04-10, which ones were produced by the person who both created Dexter and was a writer for The Sopranos?",The Positively True Adventures of the Alleged Texas Cheerleader-Murdering Mom
19898e3abd,Consider the costume designers of the film Psycho. Find the award category with the earliest ceremony date among the awards they have won.,Costume Designers Guild Award for Career Achievement in Television
1615ea9a64,"List all sports teams where the head coach of Auburn Tigers football was the coach, with a coaching end date of 2017-07-20.",Ole Miss Rebels football
339bd53bcb,"In the films released in 2013-09-19 where Elon Musk appeared as an actor, who were the cinematographers?",Robert Rodriguez
805b4c3dc4,What is the date of birth of the person who served as cinematographer for both films Homefront and Big Daddy?,1947-05-10
075612cc20,Who handled the set decoration for the films where the fictional character Rasputia Latimore appeared and that were released on 2007-02-09?,Robert Greenfield
cf91991252,Who among the female cast played the character Bar Frog in the sequel of the film Shrek?,Wendy Bilanski
2004838780,What is the release date of the latest film directed by Demi Moore?,2011-10-10
487db3afee,Find the female actor who took on the role of Employment Agent in the earliest released film in which the fictional character Wednesday Addams appears.,Kate McGregor-Stewart
5f2a213cda,"Who is the person who started their marriage most recently, and is or was married to one of the editors of the film Inglourious Basterds?",Dean Parisot
4a4b73c910,What is the date of birth for the persons who were writers for both South Park and Modern Family?,1976-09-24
b5fa036b6c,"Among all the sports teams coached by Gianluca Zambrotta, which one has the latest end date for coaching?",Jiangsu F.C.
840cad8614,"Considering all the films where Roger Clemens is an actor, which one was released first?",Cobb
77665bb15b,Who directed the casting for the film Portrait of a Lady on Fire?,Christel Baras
4b8dfe4514,Find the film with the minimum release date among the films written by Alison Brie.,Horse Girl
295408d0b5,"For the composers common to both Despicable Me 4 and Despicable Me 3, in which films with an end date of 2006-10-20 were their music contributions credited?",Two Weeks
db6867cdc2,"What is the name of the university that the author of the book series My Youth Romantic Comedy Is Wrong, As I Expected attended, and which completed its academic year on 2009-03?",Meiji University
be0e4ae849,Find the cinematographer of the first film produced by Richard Pryor.,Dennis Dalzell
180b79ffb2,What is the oldest film produced by Catherine Deneuve?,Zig-Zag
d20907caa1,"For the film with the minimum release date directed by Glenn Close, who was the film's editor?",Sarah Harvey
427795b348,Find the film with the minimum release date among the films written by Diplo.,Favela on Blast
b598d609dc,"For the film with the earliest release date starring Harvey Weinstein, who was the costume designer?",Laura Cunningham Bauer
5abdd34bbe,What is the date of founding of the organization owning the periodical Le Monde?,2000-04-12
41e3496212,Find the female actor who took on the role of Racer\'s Edge Clerk in the earliest released film in which the fictional character Dominic Toretto appears.,Delphine Pacific
c156517007,Which female actors portrayed the character #7 Bus Driver in films produced by Lucas Cruikshank which were released in 2010-09-18?,Cassandra Braden
12a9bac56d,Which films from the year 2016-12-06 were produced by the individual who served as the executive producer of Interstellar and the producer of Pacific Rim?,The Great Wall
955764ae0e,"Regarding the film which is the prequel of Are We Done Yet?, who handled the set decoration?",Johanne Hubert
ecdaa0240a,"For the film that is the prequel to Taken 2, what is its release date?",2008-02-27
24fcd73089,Determine the mascot for the sports team coached by Grady Sizemore with a start date of 2024.,Southpaw
afa2651409,What is the release date of the latest film directed by Marty Feldman?,1980-09-26
2ce6db67cc,Which female actors portrayed the character Leigh in films produced by Joey King which were released in 2022-02-11?,Brooke Jaye Taylor
7aedf25011,Find the female actor who took on the role of Fainting Girl in the earliest released film in which the fictional character Stitch appears.,Cathy Cavadini
b3a0c7a976,Bill Clinton acted in a film. What is the name of the female actor who played the character Sasha in that film which was released the earliest?,Eileen Kenney
98fcc7be3e,What is the first film directed by Steve Guttenberg?,P.S. Your Cat Is Dead!
61b528e030,"For the films written by James Patterson and released on 1991-05-01, who composed the music?",Jay Gruska
680fd27a0d,Tell me the person who was the executive producer of Indiana Jones and the Temple of Doom and the producer of Twisters.,Frank Marshall
8c35d14e2c,"Among all the films written by the creator of the TV Program The Sopranos, which one was released the earliest?",Grave of the Vampire
10ae2adcd5,Who among the female cast played the character USC Girl #3 in the sequel of the film Taken 2?,Stephanie Honoré
5edae41a3e,List the films released in 2024-07-13 that were produced by the same person who was the producer of Homefront and the screenwriter of Over the Top.,Lost on a Mountain in Maine
b78549f96b,Who is the art director of the earliest released film in which the fictional character Fat Amy appeared?,Jeremy Woolsey
98aea70394,"Regarding the film The SpongeBob SquarePants Movie, who designed the costumes for its subsequent film?",Roland Sanchez
ebb822d9fc,What is the release date in the US for the first film that Tinker Bell was in?,1924-12-29
a2f79933a2,Find the US release date of the film that is the prequel to Avengers: Age of Ultron.,2012-05-04
1ae6b7fb91,Who among the female cast played the character Pompous Woman in the sequel of the film Ace Ventura: Pet Detective?,Kristin Norton
b136cc6021,Provide the wedding date for the person who produced both the films The Time Traveler\'s Wife and The Host.,2001-12-26
9a8959c55b,Fatih Terim has coached several sports teams. Find the governmental jurisdiction with country Türkiye where the team they coached starting the earliest is located.,Ankara
f977af9c0b,Consider the cricket team coached by Gary Kirsten with the earliest end date. Which players in that team had a start date of 2022-06-26?,Umran Malik
efec0770a3,"For the sports teams that drafted both Dan Marino and Skylar Thompson, identify the persons who had a roster start date of 2011-08-23.",Larry Johnson
f81853c723,What person was responsible for cinematography in the most recent film written by Alain Delon?,Robert Fraisse
591018c2ce,Find the executive producer who worked on both Deadpool & Wolverine and Avengers: Age of Ultron.,Louis D\'Esposito
b52d67e9d4,Which films released in 2002-06-28 feature the actors who are common creators of Hey Arnold! and writers of Rugrats?,Hey Arnold!: The Movie
c87056f77d,What female actors were cast as Ruth in the films that Mia Goth wrote?,Tandi Wright
59ac35c5d7,"Identify the people who are the spouses of the female hosts of the TV program Wheel of Fortune, with their marriage starting on 1976-07-04.",Dick Ebersol
7dc0c2785a,Which films from the year 2022-07-18 were produced by the individual who served as the executive producer of Deadpool 2 and the producer of The Fall Guy?,Bullet Train
06da3ec205,Which person is the composer of the music for the film written by René Angélil with the minimum release date?,Jacques Crevier
82e2cd058e,When was the person born who served as the film editor for both White Chicks and Big Daddy?,1946-01-30
118611600f,"If a film starring Tinker Bell was released in 2008-09-11, what was its release date in the US?",2008-10-28
4733566eaf,Who directed the casting for the film Over the Top?,Ron Surma
a99364b229,"Which book, written by the production designer of Titanic, was published last?",The Man with the Golden Eye: Designing the James Bond Films
0a1b913a2b,Find the female actor who took on the role of Pisuke in the earliest released film in which the fictional character Doraemon appears.,Keiko Yokozawa
3f93ac4132,Determine the art director who worked on both Gladiator II and The Hills Have Eyes.,Tamara Marini
cf196818f3,"Determine the US release date of the film with the earliest release, among films where both Cedric Diggory and Draco Malfoy appeared.",2004-06-04
8cf1d0d70f,Who is the spouse of the creator of the TV Program Brooklyn Nine-Nine whose marriage started the latest?,J. J. Philbin
d1137a45e0,Find the cinematographer of the first film that Chirag Paswan appeared in.,Baba Azmi
aad9bcafc4,Discover the mascot of the sports teams coached by Ryan Giggs whose starting year is before 2018.,Fred the Red
6691406971,Which people designed the costumes for films produced by Michael Caine which were released in 1992-10-09?,Les Lansdown
9a8fd539b5,"Among the films produced by the producers of both Munjya and Stree, which ones were released before the date 2006?",Being Cyrus
39ef51c331,Who was in charge of casting for the oldest film directed by Christopher Walken?,Adrienne Stern
a863b3d67a,"For the films produced by Mel Brooks and released in 1991-07-26, who were the set decorators?",Marvin March
0ae742e44a,Who was responsible for art direction in the earliest released film directed by Bob Hoskins?,Jindřich Kočí
57fa75fc90,Who was in charge of costume design for the film produced by Mel Brooks that has the earliest release date?,Patricia Norris
403f2ca510,Provide the names of the TV programs featuring Stitch that stopped airing on 2017-04-06.,Stitch & Ai
df89449993,What female actors were cast as Woman at Bog in films produced by Russell Crowe that came out before 2011?,Hannah Barrie
7f4ff48aac,Which person was the cinematographer for the earliest released movie written by Robert Duvall?,Joseph Friedman
b0a05c9800,Who was the set decorator for the earliest film in which the fictional character Dominic Toretto appeared?,Florence Fellman
769f77bfa9,Could you provide the birth date of the production designer who worked on both Deadpool 2 and The Fall Guy?,1978-07-17
a7a02203f2,Find the spouse of the casting director of Wake Up Sid with the earliest marriage date.,Neil Bhoopalam
b75a23bc78,"For the films written by Adrien Brody and released on 2021-06-19, who were the set decorators?",Tom J Rukavina
e13c2dcabd,What were the TV programs broadcast by the network of both The Sopranos and The Last of Us that ended in 2002-09-08?,Arliss
e225f2c3a6,Which composition is the fight song for the sports team that Mike Ditka most recently started coaching?,When the Saints Go Marching In
625ed50975,"Which region is the town that contains the Ermita de la Virgen de Avellá located in, marking the boundary between the Ports region and the Baix Maestrat?",Alt Maestrat
af451cd26d,"What was the name of the policy that the transition to the Russian word for a tax on food production, paid in kind in the Soviet Union, and sometimes known as ""the tax in kind"" was the first act of?",New Economic Policy
e224d894c7,What was the name of the defunct American company that manufactured aircraft and was known as the place which is completely contained within Oregon and has the unique ID for features cataloged by the United States Geographic Names Information System of 1163191?,Orenco (aircraft manufacturer)
a341ea9aa8,Which Hindu deity is also known as the lord of the Raghu dynasty?,Rama
6873f5d8bc,In which country is the capital and chief port that was badly damaged during the Lebanese civil war of 1975-89 located?,Lebanon
6683922e1a,Which company was reorganized as a subsidiary of C.N.T.E.E. Transelectrica S.A. in 2004 through a government decision?,ICEMENERG SERVICE SA
ac8f4f83f8,Which banner's affairs did the Qing dynasty imperial prince who was the first son of Yunki supervise?,Bordered White Banner
c57ae1db2b,"Which company acquired the street-level imagery platform that scales and automates mapping using collaboration, cameras, and computer vision in June 2020?",Facebook
c3ecb00f7c,Which tribe did the Native American chief of the Narragansett lead when the Pilgrims landed at Plymouth?,Narragansett tribe
d4e228a18d,In which district of Nepal is the birthplace of Mehboob Alam located?,Saptari District
f5c7dd77d4,"In which state was the American ambient band, who recorded the music/song ""The Descent of Man, Part II"", formed?",Pennsylvania
2ace16f76c,In which archipelago is the rocky island which gives name to the Minorca chicken located?,Balearic archipelago
18aab913cd,"What is the name of the gene that overlaps with the gene also known as CRMP-1, DRP-1, collapsin response mediator protein 1, ULIP-3, and DPYSL1?",EVC
2e992dc322,"What is the name of the parish where the early successor of Saint Kerrill, Bishop of the kingdom of Soghain in what is now County Galway, established a church at Killamude?",Ballymacward
7a65269a5a,"Which city in Florida was the radio station whose slogan is 'The Voice of Lake County' licensed to, when it held the call sign WBIL from 1962 to 1965?",Leesburg
098bfa7b82,"What type of market was unearthed in the ancient Greek, later Roman, city and bishopric in Aeolis, located near the modern village of Yuntdağı Köseler in Manisa Province, Turkey, in 2018?",meat and fish market
87ca5e1823,In which country was the debut album 'Tora' by the artist who recorded the track 'Savvatokiriako' released in 2003?,Greece
b144c94d46,To which country are species of the classification with NCBI Taxon ID of 90536 endemic?,Australia
0990fa822a,"What was the title of the B-side song of the single ""For Those Who Like to Groove"" by the artist who recorded the album Is This a Love Thing?",Can't Keep from Cryin'
c8ba7da7d1,"In the water strider genus with an NCBI Taxon ID of 295131, what structure do males use to grab females around the head?",antennae
239bb9ea1c,Which Polish city was connected to the place where Carl Friedrich Ernst Frommann was born by a railway line extension in July 1909?,Luboń
58b3220a8c,In which month of 2017 was a new dock for cruise ships put into operation at the former islet that is now part of Kristiansand's container port and connected to the current Kristiansand Fish Wharf?,May
7dcfc4c14e,Which Japanese animation studio produced the television series comprised of episodes such as 人の不幸は密の味?,Madhouse
918296cb9d,Which Japanese animation studio adapted the written work edited and authored by Paul Gallico into a feature-length TV special in 1979?,Nippon Animation
4a40c72257,In which country is the village which has the unique ID for features cataloged by the United States Geographic Names Information System of 422395 located?,United States
404fb9bd8e,"Which football team was the British Thoroughbred racehorse born on 1980-04-27, whose parent is Mill Reef, named in honor of?",Al-Wasl F.C.
70e8b58f16,"What is the name of the college that owns the radio station which owns the profile ""WOZQ 91.9 Smith College Radio""?",Smith College
bd0b1fd1ef,"What is the name of the fictional planet ruled by the female extraterrestrial monarch with the power of Telepathy, as created by Gardner Fox and Mike Sekowsky?",Alstair
ab4e33282e,In which country was the computer worm also known as I-Worm.ZippedFiles first discovered?,Israel
255c073c80,Which Canadian company purchased the broadcasting assets of the major Canadian media conglomerate founded in 1974 by Izzy Asper?,Shaw Communications
f118176a0d,"Which district, including the unincorporated community located at the junction of State Routes 643 and 644 8.3 miles northeast of Bedford and the surrounding area, is listed on the National Register of Historic Places?",Cifax Rural Historic District
2a638beb89,"In the 1998 Indian action drama film, which was issued by Melody Makers and has the creative credit 'Ilaiyaraaja', which actor played the role of Sarai Veeraraju?",Jagapathi Babu
b710089d23,"Which company originally developed the Java software, also known as Qt Jambi, before March 2009?",TrollTech
78900eb48c,Which noble house was involved in hereditary feuds that affected the location where Gustav von Seyffertitz was born in the late Middle Ages?,House of Wittelsbach
1518d57415,"Which village in County Armagh, Northern Ireland, has Joe Lennon and Edward Armstrong Bennet as notable people born there?",Poyntzpass
e37cee67b3,"Which Japanese city invested in the amusement park in the Shinsekai district of Naniwa, Osaka, Japan, just beside the Shin-Imamiya Station of the Osaka Loop Line of Nishinihon Japan Railway and Nankai Railway?",Osaka
1b54bd790b,What type of virus codes for the enzyme with systematic name that cleaves -Ala-Ser- and -Ala-Ala- bonds in the scaffold protein?,herpes-virus virion
e88e0b32b8,"After which Hungarian poet was the crater on Mercury named after, whose written work was authored by Gyula Illyés?",Sándor Petőfi
e686a16e5c,"In which country is the island that is one of the two major islands in the Calaguas group, located in Vinzons, Camarines Norte, part of the Barangay Banocboc and named among summer escapes for travelers in 2018 by the Philippine Daily Inquirer, located?",Philippines
6674bf3f0e,In which ocean are members of the organism classification that has an NCBI Taxon ID of 37514 and belongs to the Cerianthidae family found?,Atlantic Ocean
7d85518e69,"In which administrative district, called Gmina, is the village where Jacob Fishman was born located?",Gmina Radziłów
a0320c0da1,"What was the name of the Vedic teaching that Ashvini Kumars taught the ancient Vedic period Indian philosopher and seer, who suffered from a disfiguring skin ailment since youth, to restore her youth and acquire immense knowledge?",Madhu Vidhya
06a861e791,Which tribe does the organism classification with NCBI Taxon ID of 1468431 belong to?,Nocarodeini
93006571f4,"In the Amarna Period tomb of the Egyptian noble who bore the titles of 'Chief servitor of the Aten in the temple of Aten in Akhetaten', what shape is the benben depicted as?","a large, round-topped stela"
8c5ee35cf4,"Who described the genus in the animal classification, classified under Arthropod, Eukaryote, Protostome, and Hermit crab in 1858?",William Stimpson
fe00deeb4a,"What was the previous call sign of the radio station that broadcasts in the Oldies format, before its call sign changed on January 21, 2021?",WYPJ
ccc53693ad,"In which city was the Finnish food and drink company also known as ""Paulig Coffee"" founded?",Helsinki
a146c89dfe,"In which Swiss canton is the highest mountain in the Samnaun Alps, which is 3294 meters high and had a transmitter located west of the summit from 1972-2011, located?",Graubünden
8d5978edac,"According to the credits adapted from Tidal, who is credited with mixing engineering for the song first issued on 2017-09-07 by RCA Records?",David Davis
a2a403f426,What is the name of the evil wizard who kidnaps the Princess in the computer videogame designed by Fukio Mitsuji?,Popils
af38056d6d,"According to historian Guy Barruol, of which confederation was the Ligurian tribe dwelling near on the Mediterranean coast, around present-day Antibes, during the Iron Age and the Roman era, a part?",Saluvian confederation
39b5b1029b,What type of music format does the radio station which broadcasts at a frequency of 96.7 MHz and is licensed to La Porte air?,country music
a822f3cd41,"In which year was the drug, invented by Georges Teutsch, registered in Bulgaria?",2013
a04b01cb66,In which year was the village where Pavel Atanasov was born renamed to Paskalevo?,1942
56df3c0b19,"What was the name of the manifesto distributed during their protest by the author of ""The Woman-Identified Woman""?",The Woman-Identified Woman
a6bceb6932,Which Indian state government dropped charges against the author of Maharṣi Patañjali's Yogadarśana: The Yoga Philosophy : with Simple English Explanation & Commentary by Swami Ramdevji Maharaj in March 2006?,Uttaranchal
bed24ba266,"In which city did the bluegrass band who made the release with the tracks ""He Goes to Church"", ""Coastline"", ""Workin' Man (Nowhere To Go)"", and ""No One to Sing for Me"" make their first appearance at the Grand Ole Opry?",Nashville
7be5c6abbe,In which month of 2020 did the New Zealand peer-to-peer carsharing company that JUCY purchased 50% of in 2016 announce that it had ceased all operations?,March
503d266ffa,What is the name of the television channel that replaced the 24-hour Albanian television music channel owned by Top Media after its shutdown?,Melody TV
0e9c80d1d8,Which fjord branches roughly northeastwards on the eastern side of the mouth of the topic that has an alias called Kangerdluarssikajik?,Sammileq Fjord
d2dd3b3e72,Which record label released the first studio album of the Greek pop singer with a self-titled album released in 2006?,Minos EMI
06b9e11921,"In which year was the genus, an organism classification in Araliaceae with NCBI Taxon ID of 2043137, first described and published?",1967
6d40425aab,"What was the former administrative designation of the travel destination, which contains the tourist attractions Satakshi Dham Waterfall, Damak Fun Park and Smile Fun Park, before it became a rural municipality?",Village Development Committee
6b85854e63,Which company partnered with the entity founded by Urska Srsen on the Beyond Skin Deep wellness bundle in 2023?,The Body Shop
2a9c148c60,What is the Japanese name for the suborder with an Integrated Taxonomic Information System Taxonomic Serial Number of 718936?,胞泳 (hōei)
6d91d5e8ee,In which city was the first case of COVID-19 confirmed in the region also known as Central Mindanao and Region XII?,Cotabato City
ea926cbe08,In which country was the rare mineral named after Mt. Bity first discovered?,Madagascar
f3ec378931,Which song became the twenty-first career number one radio hit of the artist of the recording AVALON?,Still My God
e30347f9d6,"Which school of Yogacara Buddhism did the Korean Buddhist monk who worked in seventh century China follow, which defended the existence of a ninth consciousness called the ""pure consciousness""?",Shelun school
1b430555c6,"What is the nationality of the science fiction film, also known as 未來作業, which was directed by Jake Wachtel?",Cambodian
6bc4f27df7,"What was the main religion practiced by the majority of the population in the northwestern province in the Sasanian Empire, corresponding almost entirely to the present-day Azerbaijan region in Iran?",Zoroastrianism
68920df00e,What is the name of the microtubular ribbons associated with the somatic kinetosomes that characterize members of the subphylum with NCBI Taxon ID of 431837?,postciliodesmata
be18fbb96b,Which organization granted priority review to the experimental antibiotic that acts as a topoisomerase type II inhibitor for the treatment of urinary tract infections in October 2024?,US Food and Drug Administration
f884ce23e1,"Which English football league did the team from the travel destination containing Frontierland, Morecambe play in during the 2007–08 season?",League Two
b3d3ac4a73,"What is the format of the radio station, which broadcasts over AM broadcasting, uses the branding 'Personality Radio' to identify itself and was founded on 1946-09?",talk and nostalgia
d4c3f74125,"Which treaty ceded the island where Antonio Schranz, John MacKellar, Chloe Morris, and Júlia de la Fuente Carbonero were born to Britain in 1713?",Treaty of Utrecht
c0c543bb64,"What term is used in modern Islamic finance for the basic financial instrument of the medieval Islamic world, where investors entrust capital to an agent for trade and profit sharing, with the agent not liable for losses not exceeding the subscribed capital?",Mudarabah
69ae3a663a,Which company acquired the American technology company that produces software using natural search and AI-powered analytics in May 2024?,Verint
763fa7de90,What is the name of the algorithm included in the atmospheric dispersion modeling system for short-range dispersion of direct air pollutant emissions from stationary industrial sources that is used for modeling the effects of downwash created by the pollution plume flowing over nearby buildings?,PRIME
293b3d616b,What is the name of the deity of the Thelema new religious movement that is a stylization of the principal speaker of the second chapter of The Book of the Law?,Hadit
b9d3e3a751,"In which historical region is the town known by the alias Milleschoutz, located in Suceava County, situated?",Bukovina
df06789acd,In which year was the village in Slovakia with a total area of 15.56 square kilometers first mentioned in historical records?,1113
8446e15ffa,"Which university developed the free, web-based collaborative repository of interactive and searchable water case studies called, for information and analysis of water conflicts?",Tufts University
1acbaa8375,"Which political coalition did the political party founded in 1987 operating in Spain join in 1998, before leaving it after ETA broke the 1998 truce?",Euskal Herritarrok
e3efe9b4a8,What is the name of the nature reserve that includes the largest island of Vaigattøyane?,Nordaust-Svalbard Nature Reserve
293eb6d8c3,In which continent is the plant genus with NCBI Taxon ID of 141640 native?,Africa
9f74d252c9,In which bay was the vessel that is 28.8798 meters long wrecked on 1 September 1830?,Table Bay
aaa748d3e3,What type of feeding behavior is exhibited by the bivalves of the genus classified directly or indirectly under Eumetazoa in the biological classification?,stationary suspension feeders
f456609ed3,"What is the name of the road that enters Milabena, Tasmania, Australia from the north-east and runs through to the south before exiting?",Myalla Road
0d6a41cd23,What is the name of the company that commercialized the general-purpose programming language designed for multithreaded parallel computing which influenced OpenMP and Rust as Cilk++?,Cilk Arts
9d691d5c7d,"In which city was the first exhibition of the play written by Masum Reza in Bengali held on January 14, 2001?",Dhaka city
9853d0724a,What is the chemical structure of the synthetic androgen/anabolic steroid known by the alias 2α-methyl-5α-androstan-17β-ol-3-one azine?,a dimer of drostanolone linked at the C3 position of the A-ring by an azine group
8cdf5713f5,In which country are both species of the spider genus with an Integrated Taxonomic Information System Taxonomic Serial Number of 871587 found?,New Zealand
178f8b2956,Which German herpetologist is honored by the generic name of the dinosaur classified directly under Diplodocinae in the biological classification?,Gustav Tornier
eeb31776ea,"In which Indian state is the city, known as the location for the Lok Sabha election in Nanded, Maharashtra 2024, situated?",Maharashtra
0bbfc471d0,What is the name of the NASA mission that employed the white smoke formed by the chemical compound with a molar mass of 72.09 on air contact to study the high altitude jet stream?,ATREX mission
c84861737e,In which publication was the required description for the family name of organisms with a lower classification of Pteleocarpa published in 2011?,Kew Bulletin
fb0ae66367,"Which French administrative division is the location of Henri Préaux's birthplace a part of since January 1, 2017?",Communauté urbaine du Grand Reims
d1bd6ef326,"Which river is the city where Andrii Sybiha‎ was born, located in western Ukraine, situated on?",Strypa River
d248df3ecd,"Which musician played lead guitar on the song ""Valkyrie Rising"" on the album written by Veronica Freeman and composed by Pete Wells?",Craig Goldy
7d8fcf6de7,In which city did the travel marketing platform that develops AI-powered guest experience solutions launch its first international office in 2013?,London
265386e1a5,"Which company purchased the broadcast license of the radio station which serves Kearney, Ravenna, and Grand Island, and is sister to KRGY from Community Radio, Incorporated, in 2010?","Legacy Communications, LLC"
aba0924460,To which group of anti-inflammatory medicines does the drug with DrugBank ID DB00394 belong?,corticosteroids
00941ce0cf,What is the name of the enzyme encoded by the human gene which has the alias 'RING-type E3 ubiquitin transferase UBR1' and 'ubiquitin-protein ligase E3-alpha-I'?,ubiquitin-protein ligase E3 component n-recognin 1
38e6afb667,"In which country is the island named after Rurutu Airport, where Robert Bollt conducted archaeological excavations, located?",French Polynesia
f785ce971a,"Which mobile automotive repair startup company, based in Seattle, Washington, acquired the car repair and maintenance service provider that was formerly known as Service Marketplace Inc. in June 2022?",Wrench
0fe2f76b4e,In which month of 2017 did the European Medicines Agency grant orphan drug designation to the drug with DrugBank ID DB11978?,October
f6ca0a90ae,"In the movie which contains the album with 4 primary release tracks, what is the name of the character who is the nephew of ""well-done"" Vasu?",Kunjiraman
44ab39ccd5,"In which state of the United States is the town of Danby, NY located?",New York
8ab8da32d6,"Which family was the genus, with a sibling of Azara and Flacourtia, formerly classified in?",Flacourtiaceae
17a8043deb,Which Italian city is the location of the monumental stabile sculpture completed in 1962 by Alexander Calder?,Spoleto
79ca95443e,Which city did the Theban general who commanded some Boeotian forces under Clearchus at Byzantium escape to after being captured as a prisoner of war in Athens?,Decelea
bc20dd7461,"What type of protein family does the protein encoded by the gene also known as ""Cark"" belong to?",MAP kinase kinase kinase
f1cd53cbf8,"According to the legendary history of Rome, which king captured the ancient town of central Italy, c. 15 km northeast of Rome by the Via Collatina?",King Tarquinius Priscus
360c09dd46,Which record label released the album titled 'Aquarello' in 1998 by Fabio Capanni and Nicola Alesini?,All Saints label
8070ec81c0,"What is the name of the alien race to which the female techno-artist, a fictional character in the Marvel Cinematic Universe, belongs?",Krylorian
a26919eeed,"Which record label released the album with tracks ""Nebeula"" and ""Present"" by Derek Bailey, Jamaaladeen Tacuma, and Calvin Weston in 2000?",Tzadik Records
d3f4e84ac6,"According to the Venetic theory, which people are considered the last remnant of the original European tribe who spoke Gaulish and dwelled in Armorica, in the southern part of the Brittany Peninsula, during the Iron Age and the Roman period?",most of the northern Slavs as well as the Slovenes and some Croats
c8acdedee6,"Which company completed the acquisition of the warehouse business founded in 2012 that operates in Europe, in November 2017?",China Investment Corporation
d86772d186,In which Indian state was the Afghanistan portion of the 1957 film which has the synopsis 'A fruit vendor befriends a little girl who reminds him of his daughter. But fate tears them apart when he's arrested and imprisoned' shot?,Rajasthan
2f8e45df03,"According to the Shahnameh, who was the father of the ninth Shah of the Pishdadian dynasty of Persia, who is also known as Nauzar?",Manuchehr
a68da21b9a,In which Roman province was the colonia in the Roman province of Numidia situated where Guelma in Algeria now stands located?,Numidia
b4e3798652,What language were the Sinhala commentaries translated into by Buddhaghosa in the fifth century to create the collection of Pali commentaries on the Theravada Tipitaka Vinaya?,Pali
bfb328ac98,"In which city in Tasmania did the Aboriginal Tasmanian woman who was taken from her family and had children with George Briggs, an English convict and sealer, die?",Perth
0304455a46,"Which international bicycle route passes through the Hungarian village with a total area of 13.27 square kilometers, and that uses Central European Time Zone?","EuroVelo International Bicycle Route 13, ""Iron Curtain"""
bd8126ee45,"Which Hungarian-Italian pornographic actress-turned-politician inspired the song ""Cicciolina""?",Ilona Staller
99ea468231,Which radio station's tower site is shared with the FM broadcasting station founded on 2006-04-11 on Elk Mountain?,Wyoming Public Radio's KAIW
bf7f47bdbf,"Under which open source license is the server-side, Android app, and iOS client source code available on GitHub for the digital photography sharing and management platform that shut down on March 31, 2015?",Apache open source license
89b9938dd1,Which country is the origin of the electric vehicle supplier and manufacturer that was founded in 2009 and is based in London?,Turkey
38bc2304b9,What is the postal code associated with the island which has an area of 0.13557 square kilometers?,78467 (Constance-Wollmatingen)
bfd3f9d75c,"Which organization is listed as a partner of the European Office of Crafts, Trades and Small and Medium-sized Enterprises for Standardisation?",Council of Small Business of Australia
aa4277e28d,Which company currently owns the radio station broadcasting in the Country music format under the branding 'Columbia's Country'?,"Radio Maria, Inc."
bd87902d3f,"According to a passage from one of his inscriptions, which body of water did the son of Sargon of Akkad lead a fleet down?",Persian Gulf
8ed332e1a5,"In the moving image which has the synopsis 'A minister is pitted against invisible foes.', which actor plays the role of a communist Chief Minister of Kerala?",Hareesh Peradi
1605494e1f,"In which province of Armenia is the town also known as Khanjian, Armenia located?",Armavir Province
1501b8ab26,In which Indian state is the birthplace of Pragada Kotaiah and P. Ankineedu Prasada Rao located?,Andhra Pradesh
936c7585a9,"Which political party did dozens of militants of the Basque nationalism party, which operates in Spain and was founded in 2012-01-28, including Joxe Iriarte Bikila, integrate into in February 2015?",Alternatiba
1b9cc44069,"Which river flows through the town, which includes the tourist attraction Daugėliškiai bunker and where Aloyzas Stasiulevičius was born?",Dubysa River
5f868925a9,In which Italian town was the production plant of the organization founded in 1868 by Stefano Pernigotti located?,Novi Ligure
065cfbf906,"How many voice actors for the character ""Arthur"" in the Arthur TV series were still alive as of 2020",All 9 voice actors who have voiced Arthur are still alive as of 2020.
3c0046979c,How many years after CVT was invented did it take for Toyota to use it in its vehicles?,121
335c95a638,"Up until 2023, how many creative directors has the luxury brand Loewe had since they were purchased by a publicly traded conglomerate?","Loewe was purchased by LVMH in 1996, and since then it has had 4 creative directors up until 2023."
05eeab7c5f,On what day did The Rock win his second WWE Championship (aka WWF Championship)?,"January 24, 1999 at the Royal Rumble"
6fcbb5ff98,Who finished 4th in the 2009 Six Nations tournament.,"Wales finished 4th in the 2009 Six Nations tournament, tied on 6 points with England and France but lower than both on points difference."
9ed4487cce,How many 2015 NFL first-round draft picks came from the SEC and Big 10?,10 Total - 7 from the SEC and 3 from the Big Ten
bbfe9d4862,"Which of the Academy Award for Best Directors winners in the 2010s, has the longest in duration winning film?",Alejandro G. Iñárritu
83584a17f3,How old was the first player to record a triple-double in NBA history?,28 years old
076d2aad50,How old was Mary Earps on the women's Euros final 2022?,"During the UEFA Women's Euro 2021, final held on 31st July 2022, Mary Earps was 29 years and 4 months old."
bf02272847,"In the movie that won the best picture Oscar in 1994, what was the next feature film the cinematographer worked on?",Little Giants
24fa428f23,What is the final level of the original NES game Rad Racer?,Level 8 - Last Seaside Running
e314b60e6f,What is the intro track to the second mixtape from Future's 2014-15 run?,Oooooh (feat. Young Scooter)
ac48a67157,What band was the drummer who filled in for Jared Champion in December of 2014 in with his brother?,Chrome Pony
fa88c2a70e,Which episode of Only Murders in the Building is it where Oliver throws the knife into the ceiling?,"Season 2, Episode 4 of Only Murders in the Building, titled “Here’s Looking at You"""
530794e664,"Of the countries involved in the G7 summit in 1991, what percentage had leaders that were women? ",0%
e660289e23,How old was Tig Notaro when the Expos left Montreal?,Tig Notaro was 33 when the Expos left Montreal.
3b2d6a0773,Which of the artists that the Ninja Turtles are named after lived to be the oldest?,Michelangelo (88 years old)
8d0eef7076,Which type of nutrient communication within a mycorrhizal plant-fungus network sees nutrients behaving most like the sodium ions during depolarization which creates action potential in a firing neuron?,Source-sink relationship
d85e15645f,Which Doctor played the animal who wants to be eaten in Hitchhiker's Guide series?,"The 5th Doctor, played by Peter Davison, also played as the ""Dish of the Day"" in the Hitchhiker's Guide series. This animal was an example of a race of artificially created sentient creatures which were bred to want to be eaten."
1d229f530e,"Prior to the year that “I Will Always Love You” won Record of the Year at the Grammys, how many solo female artists had won the Best New Artist award?","“I Will Always Love You” won Record of the Year at the Grammys in 1994. Prior to 1994, 11 solo female artists had won the Grammy for Best New Artist."
037e7775c2,How many Olympic gold medals did Australia win while Ian Thorpe was an Olympian?,"Ian Thorpe competed in the 2000 and 2004 Summer Olympics. 

Australia won 33 gold medals at these two Olympics. "
913e858f0a,"Out of the two female Disney Legends that were inducted in 1995, who was born earlier?",Angela Lansbury and Betty Taylor were the two female Disney Legends inducted in 1995. Betty Taylor was born earlier.
1527e26c94,"How long after publishing ""Travels Through the Middle Settlements in North America, In the Years 1759 and 1760"" did Andrew Burnaby publish his next work?",29 years
00f771ba47,How many shows did the actor who played 'Beach Frizbee Player' in Surf II receive writing credits for between 2012 and 2023?,Alan Bendich has 6 writing credits.
bc255567e4,"who initially studied architecture, reluctantly fought for and deserted the axis powers in ww2 and later was awarded a nobel prize for literature?",Dario Fo
1bafa2bb42,Can you tell me the Asian city that is also a name of a painting style that depicts an abdicated ruler and his mistress?,Kishangarh
2692c5e2eb,How many athletes have won exactly 6 olympic gold medals while winning zero bronze or silver in the prior to the year 2000?,four
5f0b6a1e3a,Who was the person who ran for mayor of a Logan county Arkansas town on a dare in the early 2000s and won?,Jerry Wilkins
7891939f17,"As of 2023, In the IFSC Climbing World Championships, looking at the lead event, between the woman who won the most silver medals before and including the year bouldering was introduced into the competition, and the woman who won the most silver medals after this year, who won the most gold medals in the combined event?",Kim Ja-in
fd7e115e80,"Who composed the score of a reimagined iconic ballet, and also expanded to the screen by scoring a film about an outsider's search for belonging?",Vincenzo Lamagna
981658b2b3,"Who was the first EGOT winner to win their first of each award in this order: Grammy, Oscar, Emmy, Tony?",Whoopi Goldberg
2d9ea5b06b,"What was the name of the green character from an animated TV show that had the same voice actor for the three main characters of the show, whereas each of the main characters also had separate voice actors for singing portions, and was produced by a company who the founder was Founder Jean Chalopin?",Manic from Sonic Underground
0fcadecd2b,"What does Darwin describe, in his most famous publication, as never having distal part of their legs?",The Ateuchus
3906babf93,Who is rumored to be buried in a hill near Kidwelly?,Cunedda
2eb229b363,"How many signers of the Giving Pledge (from before 2024), pledged from a continent outside of North America?",57
5104554d9d,"Between 2010 and 2019 inclusive, how many times did Standard & Poor's downgrade Argentina's credit rating?",8
3f64740ccd,"In The Triumphs of Oriana who wrote the un-numbered madrigal?
",Michael East
6d8c53a04b,"What is the official Youtube handle of the person who made the soundtrack for the game that the developer LocalThunk released on February 20th, 2024? Include the ""@"" in your answer too.",@louisf8846
f2b3a3d20b,Which character in Danganronpa is stated to represent what the series is?,Toko Fukawa
cce3a6a2e6,What was the total value of CBRE group's assets at the end of their 2022 fiscal year?,$20.51 billion
db17a65ea5,"What was the average kindergarten class size for Decatur Classical School in 2020, according to the Illinois State Board of Education report card?",26.5
a2b288baad,What was the name of Blue Devils A's tour the year that BDB's 2016 director retired?,Tempus Blue
cb495e3fef,What is the name of the minor league baseball team that plays in the city where the Super Bowl was held the year Hurricane Katrina hit Louisiana?,The Jacksonville Jumbo Shrimp
e145d30e8e,"The year that Celine Dion won her first Grammy award, who won the most Grammys that year?",Eric Clapton
3cafa45da4,What is the longest song on Amanda Palmer's first solo album?,"""Another Year: A Short History of Almost Something"" at 6:03. "
4cd65503fc,Who scored the most league goals in a single season for Barcelona while the Soviet Union was still in effect?,Mariano Martín
f9e2ec077f,when was Linfield FC's 26th win in the Irish cup?,1952-53 Irish Cup
4e8f2dd98c,How many years after the death of the first Titanic survivor did the last known Lusitania survivor die?,98 years
58546c11d7,"When the Guild Inn of Scarborough reopened, who was the reigning Superbowl Champion?",The New England Patriots
22c5e3882b,"Who was the President of Murray State University the year that Joe Staton (comic book artist, not baseball player) graduated from there?",Harry M. Sparks
82b39c0765,If I have only 8 minutes in my presentation to show a whole film from UNESCO 2011 Intangible Cultural Heritage list and I want it to be keskek or nazar which should I choose?,"""Craftsmanship, Practices and Beliefs of Nazar Boncugu Charms"" (7 min.)
"
2920783825,What director of the Louvre published a series of sketches from his journeys joining an expedition to a country famous for its Ancient civilization?,"Baron Dominique-Vivant Denon, the first director of the Louvre, published in his 'Voyage dans la basse et la haute Egypte' a series of sketches from an expedition he joined to Egypt. "
60439540c7,Who was the manager of the guy who won the Peer Gynt Prize in 2011?,Espen Agdestein
e80907a69d,"Who was older at the time of their death:
1. The last duke of the birthplace of Guillaume Faye?
2. The 16th-century king who recaptured the birthplace of John Calvin?","Louis Antoine, Duke of Angoulême, was older at the time of his death than Henry IV of France. "
9204cfe44d,Which NBA player lead the league in Points per Game the most times during the Cold War?,Wilt Chamberlain
e85b29a08a,"Compared to the original Black Album, how much longer is the runtime of The Metallica Blacklist?","3 hours, 2 minutes, and 51 seconds"
84d0386ce7,A 'Homes under the Hammer' presenter provided a premier league assist on his 31st birthday. Which team was he playing against in that match?,Leicester City
3ccd409b6d,How many more NCAA Championships did John Wooden win in the 1960s than Ed Jucker?,Three
54bc310f2e,What country the archaeologist who first discovered easter island heads had bodies from?,"The archeologists crew that discovered that the statues on Easter Island also had bodies, rather than just heads, left from England."
3451d047ec,"On the show SKAM, the character played by Josefine Frida Pettersen has an instagram. In what year did the show her handle is a reference to premiere?",1990
62d5db3f47,What fast food restaurant did Sega games pair with to distribute cd rom video games as toys in fast food meals?,"In 1999, Jack in the Box started selling Sega toys with their Jack's Kids Meals."
11248764c4,What was the 1999 Russian Second League East champion's team name from 2003-2013?,FC Metallurg-Kuzbass Novokuznetsk
714f6093e7,"What singer does the movie ""How the Grinch Stole Christmas"" have in common with the band ""Evanescence""?",Taylor Momsen
7b21de7510,Who hosted the grammys when Taylor Swift won her 3rd Album of the Year ?,Trevor Noah
3b0cb55604,which film based on a play was banned in cuba in 1992?,A Few Good Men
2587207b50,What age was Basil Radford when Whisky Galore! was released?,"Whisky Galore! was released June 16,1949. Basil Radford was born June 25, 1897, so he would have been 51 years old at the time of the film's release. 
"
8a5596c4ad,What is the specific ancient source text that McManamon believes motivated Europeans to take swimming and free-diving seriously?,"Plato's Laws, Book 3"
966a50d977,who won the presidential election the year Nancy Pelosi was born,"Nancy Pelosi was born in 1940, Franklin D. Roosevelt won the election that year. "
db0f4c6665,How old was the first woman to earn a medical degree in the United States when Maria Montessori Earned her medical degree?,Elizabeth Blackwell was 75
959156d3c3,Who was the Prime Minister of Canada when Lester B. Pearson's father died?,R. B. Bennett was the Prime Minister of Canada when Lester B. Pearson's father died.
2c59c4773f,Which of the five sovereign nations that don't have any airports has the longest railway?,Liechtenstein
88c891192d,"Which poem uses the word ""I"" more, Lord Byron's ""The Destruction of Sennacherib"" or T.S. Eliot's ""Love Song of J. Alfred Prufrock""?"," T.S. Eliot's ""The Love Song of J. Alfred Prufrock"""
d8382128ab,What year did America win it's 700th Summer Olympics Bronze medal?,2016
aa2ce44001,What student of Mrs. Goodfellow's published Old Maid?,Eliza Leslie
0b7ebfb11c,How much time passed between when the That's So Suite Life of Hannah Montana and Wizards on Deck with Hannah Montana crossover episodes released?,"2 years, 11 months, and 19 days"
96365b3f8e,Which mountain bike racer won the most races in the World Enduro League in 2023?,"For the elite women's races, Isabeau Courdurier won 4 out of 7. For the elite men's races, Jesse Melamed won 2 out of 7."
eecd13711a,How old was Pete Wentz during Fall Out Boy's Honda Civic Tour show in Tampa?,"Fall Out Boy headlined the Honda Civic Tour in 2007 to promote their new album at the time, Infinity on High. Their Tampa, Florida show occurred on June 15, 2007. Pete Wentz, the basis of Fall Out Boy, was born on June 5, 1979. Therefore, Pete Wentz was 28 years old at the time of this particular tour date."
8e86aa089e,What is the total length in minutes and seconds of the last two Bayside albums that came out when Bush was president?,91 minutes and 45 seconds
14272012f9,What was the oldest opera performed at the Met in the 2022-2023 season?,Idomeneo
14405f8dda,Who was the governor of Wyoming when the Cutthroat trout was made the state fish?,Mike Sullivan
892ecdb664,"Who was the QOTSA dude that had the band that was like proper punk, and it had an album on that label from the Faith No More guy?",Nick Oliveri of the punk band Mondo Generator
b0cab1a799,How many years passed between the first improvised chapel built at Maria Rast am Stein and the second abolishment of the Vyšší Brod monastery?,The first improvised chapel at Maria Rast am Stein was built in 1887. The second Abolishment of the Vyšší Brod monastery was in 1950. The number of years between these events is 63.
4355a6b5ca,"How old was Robert Jordan's wife when Path of Daggers was first published? 
",59 years old
88be2dddb1,How many previous main series Animorphs books were ghoswritten before the book were Aftran permanently morphs into a humpback whale?,"Three-#25 The Extreme, #27 The Exposed, and #28 The Experiment"
dc3cd69776,"Which Disney legend was born in 1919, and became a Disney legend 77 years later?","Xavier “X” Atencio was born in 1919 and inducted as a Disney Legend 77 years later, in 1996. "
b2fbfaf320,How old was Barron Trump when Donald Trump signed Executive Order 13771?,10 years old
fd8efc5d3b,who won the NFL MVP the year John Kerry lost the presidential election,"John Kerry lost the 2004 presidential election, and the NFL MVP in 2004 was Peyton Manning."
565f3bcb3f,"Who was the King of Algiers that ordered an operation against the Saadi Sultanate, leading to a night attack on the Moroccan army in December just outside a city between the Rif and Middle Atlas mountains?","Salah Rais, the 7th king of Algiers, ordered the operation that led to the Battle of Taza, a night attack in December 1553 against the Moroccan army camp near Taza. "
ffe708378e,Which deer from Animal Crossing New Horizons has the earliest birthday in the year?,Diana
68fe5bf2d3,Which city hosted the summer olympics twice with the shortest time gap in between the hostings?,Paris
89f3d5fd87,How many games in the 2020 ACC men's basketball tournament were actually played?,Six games were played in the 2020 ACC men's basketball tournament before the remainder of the tournament was cancelled due to the COVID-19 pandemic.
76076d189a,Name of the record label Iggy Pop’s cancelled biopic actor had,Simian Records
e5ce3656d4,How many sets of tennis did Tim Henman play by the time he reached the semi-final of the French Open?,19 sets
d67e043a2c,What specific award was the mobile game Candy Crush Saga nominated for in 2015?,Kids' Choice Award for Most Addicting Game
4804b5b523,"In their early careers, who was the first to win a UCI World Tour Race out of Tadej Pogacar and Jonas Vingegaard?",Tadej Pogacar
a3d40b48a0,"When Bob Gibson had the season with his best ERA, who was the oldest pitcher on his team?",Bob Gibson
e4ec89887f,How long after the discovery of Tungsten was the iPhone 13 released?,238 years
e6f68475a6,"For the person who had the most followed Instagram account in 2017, how many solo studio albums did they release prior to this accomplishment?",Two
9829749f18,"In their 1992 match, what was the first move played by Spassky against Fischer in Sveti Stefan?",e5
e3516d9551,Who was the category manager of Q Acoustics in 2009?,Tony Jones
71fa491c38,Which Adventure Time episode referenced the Akira Slide?,Season 2 Episode 20.
427066249c,"During the NHL season when Connor McDavid was drafted first overall, which player won the Rocket Richard trophy?",Alex Ovechkin.
daef8ca66a,How many albums did James Blake release by the time he was 26?,2
537436e9b6,"How old was the singer of japanese breakfast when their song ""be sweet"" was released?",31
84e49512d4,What number playing field is Northernmost at UQ St Lucia,Playing Field 8
5196d25da8,What country was the first to grant women the vote in federal elections where they could also elect a woman?,Australia
437971cabb,What is the longest song My Chemical Romance has released on studio albums up to 2023?,"""Demolition Lovers"""
7fbd88cbe5,"Of the best actress in a leading roll nominees at the 1991 Academy Awards, which one has been nominated again for an Oscar most recently as of 2022?",Kathy Bates
b1eff5d484,"Apart from Elizabeth II and Victoria, which English queen had the longest reign?",Elizabeth I
e125ed072b,"Which country has existed longer, Canada or Australia?",Canada has existed longer as a country than Australia.
7085001498,"Which Finnish defensive fortification was portrayed by Soviet media as nearly impenetrable to justify high Soviet casualties during a 1939 conflict, despite being largely composed of trenches, obstacles, and modest bunkers?",The Mannerheim Line
1666bcb7a8,"From 2000 to 2015, how many times has a private university won the NCAA Division 1 title in men's basketball? ","Four times. Duke University won the title three times, and Syracuse University won it once. "
d1a6c10a3a,Which engine was used in the car Lewis Hamilton won his first F1 championship in?,Mercedes-Benz FO 108V
dc0c6ed215,What restaurant won the Best Restaurant Newcomer award in the 2022 Connecticut Restaurant Association's CRAzies Awards?,Materia Ristorante
c13b7a5221,What is the currency for the host city of the 1994 Olympics?,The Norwegian krone.
ab1dd88966,Who was the prime minister of the UK when Taylor Swift was born?,Margaret Thatcher
9d190072ee,Who was the richest person in the world in the year that Google was founded?,Bill Gates
822828d8cb,What was the name of the defunct airport that was located in the area that is now zip code 63010?,Starling Airport
cc2f94ef0b,"What was the first known Egyptian, cat-headed, God named?",Mafdet
b5a33981f9,How long was the longest marriage of person who played the character Rose Nylund?,18 years
5b92b550c0,What percentage of parliamentary votes were in favor of changing Canada's flag?,67.63%
35cb1c89fd,How old was Miley Cyrus when she released flowers?,30
3b55523642,"In the first Premier League season Bukayo Saka scored more than 5 goals, what percentage of his goals were scored with his right foot? ",9.09%
770c6023f6,Who is second place in the competition when Armand Duplantis broke his pole vault world record the seventh time since his birth?,Ernest John Uy Obiena
8023926b60,"How many total hits did the famed six ""Murderers Row"" players from the 1927 New York Yankees have in that year?","The six ""Murderers Row"" players from the 1927 New York Yankees had a combined total of 1,141 hits that year."
5a161506fd,How old was the actor who played spencer during the third season of iCarly?,"Jerry Trainor was 32 years old at the beginning of the season, and 33 years old by the end of the season."
041cfc3e67,Who was the president of NYU the year that the first global study-abroad site was established?,Carroll Vincent Newsom
b480aaa249,"What percent of votes were missed, according to govtrack.us, by the first Whig Senator of Maine during the entirety of his congressional career?",9.60%
11a25025f3,Who presented the award for 'Best Action Game' at the 2024 Game Awards?,Abubakar Salim
914d1b07da,Where was the third man to walk on the moon's second wife born?,"Denver, Colorado"
64ea099049,How many goals were scored in the NHL the day the 23rd Canadian prime minister was sworn in?,27
f54edf396b,During the 1960s. how many musicals were released that were nominated for the Academy Award for Best PIcture?,Nine
7dc75813ab,What year was Euless Trinity High School in a Gatorade commercial?,2007
cc619e17e2,what are the cambodian nymphs that mirror the greek muses,Apsara
f6c3e302ba,Who placed second at the 2023 Barcelona MagicCon Limited Open?,Alex Friedrichsen
658eef837c,How many players over 60 were there in the first 10 seasons of survivor?,4
be72a1171c,Who was the doctor who diagnosed Flannery O'Connor with lupus?,Arthur J. Merrill
77e602ca1f,What was the first film Quentin Tarantino released after turning 50?,The Hateful Eight
078ad0017a,"In Gabby Jesus' first league season at Arsenal, what percentage of goals did he score with his head? ",36.36%
9ce3cc6bf2,The top two restaurant chains in the U.S. for 2023 both opened their first international location in the same country. How many years apart did that occur?,20
4671dcd0f9,"What is the name of the oldest character on the picture taken in the Modern Family episode titled ""Family Portrait"" ?",Jay Pritchett.
b26cd6de9a,What was the year model of first ford vehicle to cross Canada without assistance?,A 1926 model T.
123199b21b,"In 2022, the LPN National Hero of the Year was interviewed by Bayada Home Health care regarding her young patient Jax -- what was her name?",Kim Den Bleyker
580681695b,What year was the artist born who's album Pitchfork said was the second best of the 2010s?,Kanye West was born in 1977.
73240bf7af,How many countries had people finish the marathon the third time it was run at the Olympics?,5
b7815f7f9a,Which Native American tribe is responsible for Idaho's state horse?,Nez Perce tribe
54091d6cb5,Which horse won the Doncaster St Leger in the 1980s in the shortest time,"Touching Wood in 1982, won with a time of 3:03.53"
778284bd95,What was the Michael Jordan reference in Hercules?,Air-Hercs
33852c15db,What is the most expensive article of clothing ever made as of January 2024?,The Nightingale of Kuala Lumpur
80e10131c0,How old was George Lucas when the first humans landed on the moon?,25 years old
bfa9ae2854,"Which martial art is older, BJJ or krav maga?",BJJ is older.
73115594cd,How many times between 2010 and 2024 were the Grammy's held before the Super Bowl that year?,Six.
7aa14a93a8,How many female UK prime ministers served during Queen Elizabeth II's reign?,3
25b1702537,How many books were written in the vampire diaries book series before the first episode aired?,5
323687fcf1,How old was Billie Eilish when she released Bad Guy?,17
3a7aef902a,How many points did the member of the 2019-2020 WVU men's basketball team from Washington (the state) have in the game against Pittsburgh that season?,17
1c35790dbf,What city hosted the first FIFA World Cup final to be held west of 70 degrees west longitude?,"Santiago, Chile"
0451f6fe43,Which European capital city is located furthest west?,Reykjavik
