example_id,problem,gold answer,classification,reasoning
58fed8b1f5,"What was the population of the Nicosia neighbourhood of Ayios Loukas in 2011, if its church was restored two years before an ethnographic museum in North Nicosia opened its doors, and the funeral of an Archbishop of Cyprus, who died in 1947, took place in Nicosia?",489,one-hop,"The question directly asks for the population of a specific Nicosia neighborhood in 2011, despite including additional historical context about a church restoration and funeral. The core request is a single factual data point (population in 2011) and does not require connecting multiple events/timeline reasoning. The extra details are irrelevant to the answer."
e16235c9d5,"How old was the founder of the International School of Traditional Aikido, who trained under a direct student of Morihei Ueshiba sent to France, when the Swedish aikido pioneer who was influenced by Sadateru Arikawa, received his 7th dan?",56,multi-hop,"The question requires connecting multiple entities and events across different contexts: identifying the founder of the International School of Traditional Aikido (trained under a student of Morihei Ueshiba in France), relating it to the Swedish pioneer influenced by Sadateru Arikawa, and determining the age at a specific event (7th dan award). This involves multiple steps of reasoning and cross-referencing information."
a0579c1528,"How many years after the 24th Vice President of Bolivia was elected by the 1938 National Convention was the forestry engineer, who later served as Minister of Hydrocarbons from 2019 to 2020, born?",32,multi-hop,"The question requires multiple steps: 1) identifying the 24th Vice President of Bolivia elected in 1938, 2) identifying the forestry engineer who became Minister of Hydrocarbons (2019-2020), 3) finding their birth year, and 4) calculating the year difference. This involves connecting distinct entities and properties across different contexts."
8271349feb,"Identify the dam that is located in the same prefecture as a rockfill dam completed in 1972, shares its completion year with a gravity dam in Gunma Prefecture, and serves the dual purposes of power generation and irrigation.",Naruko Dam,multi-hop,"The question requires multiple steps of reasoning, including identifying the prefecture of a 1972 rockfill dam, matching the completion year with a Gunma Prefecture gravity dam, and verifying dual-purpose functionality. These interconnected conditions necessitate multi-hop reasoning."
a14da28850,"What is the name of the city where an art academy initially rejected a landscape painter who later became a professor there and died of cholera; where another painter, who studied at the same academy starting on May 12, 1819, later became a general restorer at the Royal Museum in Berlin; and where a third painter, known for his homages to Albrecht Dürer, also studied at that same academy?",Munich,multi-hop,"The question requires connecting multiple pieces of information about three different painters and their shared art academy to determine the city. Each painter's history involves distinct facts that must be linked to identify the common city, necessitating multi-step reasoning."
fcd3092e86,"What is the name of the Indian district that has a comparatively cool and humid climate, a population of 1,586,625 according to the 2011 census, and was the constituency from which a future President of India was elected in 1980? This district's climate differs from the subtropical steppe climate of the second-largest city in Pakistan, and its 2011 population is significantly higher than the city known for Asia's largest grain market, which had a population of 128,130 in the same year.",Hoshiarpur district,multi-hop,"This question requires connecting multiple attributes (climate, population, political history) of an Indian district and comparing them with unrelated cities (second-largest in Pakistan and Asia's largest grain market). The answer demands synthesizing information across different contexts and data points, indicating multi-hop reasoning."
347421734e,"What Italian club, which reached the quarter-finals of the 1965–66 Coppa Italia, was defeated in the final of the European Cup season where the winning team became the first to lift the trophy with its current design?",Inter Milan,multi-hop,"The question requires connecting an Italian club's 1965–66 Coppa Italia quarter-final participation with a European Cup final where the winning team first received the current trophy design. This involves cross-referencing two distinct historical events, necessitating multi-hop reasoning."
e824c40b5e,"Identify the Australian comedic music trio whose 2003 show won The Age Critic's Choice Award at a festival, a festival also frequently attended by a comedian born in Melbourne in 1978 who was a finalist in a national competition whose winner is sent to another festival where the trio also performed.",GUD,multi-hop,"The question requires connecting multiple entities and events: identifying a trio based on a 2003 award, linking it to a comedian's birthplace/year and a national competition, and connecting the festivals. This necessitates multi-step reasoning across different knowledge points."
f1a0f25bc6,"What is the name of the Australian city where a Congregational minister, who was Dux of Newington College in 1888, had a three-year ministry, and where an Anglican bishop, who later presided over the Diocese of Gippsland, was previously an archdeacon? A different Anglican bishop, who was the sixth Bishop of Bendigo, also served as precentor in this same city.",Hobart,multi-hop,"The question requires connecting multiple entities (Congregational minister, Anglican bishops) with their respective roles and locations over time, necessitating multi-hop reasoning."
4b6c6a4e93,"Which Polish voivodeship contains a place named Kozów and a place named Trójca, but does not contain any place named Radlin?",Lower Silesian Voivodeship,multi-hop,"The question requires identifying a voivodeship that includes Kozów and Trójca while excluding Radlin. This involves comparing multiple place names across regions (steps: check Kozów's region, check Trójca's region, verify Radlin is not in the same region)."
3fef0709d8,"What was the name of the aircraft that crashed in a hamlet that was part of Berkshire until 1974, given that this crash occurred after an airfield in Suffolk, home to the 486th Bombardment Group, was handed over to the USAAF, and before an airfield in East Riding of Yorkshire, known for maintaining Thor missiles, closed?",Blackburn Beverley C.Mk 1,multi-hop,"The question requires connecting multiple pieces of information: the hamlet in Berkshire until 1974, the handover of a Suffolk airfield to the USAAF, the closure of a Yorks airfield with Thor missiles, and the aircraft involved in the crash between these events. This necessitates multi-step reasoning across historical facts and contextual links."
9281712c4d,"Identify the composer who studied at the Leningrad Conservatory between 1969 and 1975, if a conductor born in Leningrad, whose birth year is 8 years after this composer, had a musical contemporary who received the 'Prize of Moscow City' in September 2011 for completing a Mozart Piano Concerto Series.",Evgeni Irshai,multi-hop,"The question requires connecting multiple entities (composer, conductor, contemporary) through dates, events, and relationships. It involves inferring the composer's identity via the conductor's birth year and the contemporary's award. Multiple steps of relational reasoning are needed."
717c598464,"What was the name of the chemical compound used in the warhead of the 155mm rocket-assisted projectile that was replaced by a TNT-filled version in September 1977, if the caliber itself was standardized exactly 48 years before the Romanian company, originally known as 'Machinery and Foundry Factory Dumitru Voina', was founded?",Composition B,multi-hop,"The question requires multiple steps to solve. It connects information about a chemical compound used in a military projectile to the standardization of a caliber 48 years before a Romanian company's founding. Solving it requires: (1) identifying the Romanian company, (2) determining its founding year, (3) calculating the standardization year (founding year - 48), and (4) finding the chemical compound used in the warhead before 1977. This sequential reasoning makes it multi-hop."
b6f732eed7,"An American ice hockey player, born on the same day of the year as a Canadian player who played for the Chicago Black Hawks in the 1943-44 season, was drafted by the San Jose Sharks in 2023. What is the birth year of another American player, also drafted by the San Jose Sharks, who is known for growing up in Germany and speaking fluent German?",1999,multi-hop,"The question requires connecting multiple pieces of information: identifying the Canadian player from Chicago Black Hawks (1943-44), linking the shared birth date to the first American player, and then finding another American player with specific background traits (Germany, fluent German), and finally determining their birth year. This requires multiple steps of reasoning and cross-referencing data from different sources."
f6b8074948,"What was the name of the French Resistance member, known by an alias, who was arrested in September 1943 in a French city, and later imprisoned in Auschwitz, a camp from which a Polish officer had escaped five months earlier after documenting its atrocities, while another extermination camp, directed by a former SS commander who was later acquitted in Hamburg, had ceased operations eight months prior?",Jean Burger,multi-hop,"The question requires connecting multiple historical facts: a French Resistance member arrested in 1943, a Polish officer escaping Auschwitz five months earlier, and another extermination camp shutting down eight months prior. Identifying the correct alias/name involves linking these events and timelines, necessitating multi-step reasoning."
a6df85b124,"Identify the artist who achieved their first number-one album more than 30 years into their career, in the same year that a song which spent exactly eleven weeks on the Svensktoppen chart and peaked at number 8 on the Swedish singles chart was released. This artist's achievement occurred two years after a different song, which also reached number 8 on the UK Singles Chart, topped the Billboard Hot Dance Airplay chart.",Jimmy Buffett,multi-hop,"The question requires connecting multiple specific events across different time points and charting contexts. It involves correlating a career milestone with specific song chart data from different regions and timelines, which necessitates multi-step reasoning."
b237a5b21a,"What is the name of the football club, originally established in 1923, which was found guilty of match-fixing in the 1957–58 season, the same season that Dinamo Zagreb won their third Yugoslav First League title, and which was also recently penalized with a 6-point deduction for alleged match-fixing in the 2023–24 Serbian First League, a type of scandal that led to a different club's expulsion from the Macedonian First League in 2009–10 due to an eight-year FIFA suspension?",GFK Dubočica,multi-hop,"The question requires identifying a football club that meets multiple specific criteria (establishment date, historical match-fixing guilt, recent penalties, and a related scandal involving a different club's expulsion). The answer must connect discrete facts across different time periods and contexts, necessitating multi-step reasoning. The mention of unrelated clubs (Dinamo Zagreb in 1958 and a Macedonian club in 2009–10) further confirms the need for cross-referencing multiple sources."
af2a7ade92,"What is the numerical difference between the number of years separating the forced transfer of six paintings from Martha Nathan to the Staedel Art Institute and the restitution of Henri Matisse's 'Le Mur Rose' to the heirs of Harry Fuld, and the length of Hermann Voss's tenure as director of the Sonderauftrages Linz?",68,multi-hop,"The question requires calculating the difference between two distinct time periods: 1) the years between the forced transfer of paintings and the restitution of 'Le Mur Rose', and 2) the length of Hermann Voss's directorship. Each component involves separate historical data points and calculations, necessitating multiple steps of reasoning and data retrieval."
93e510491c,"How many years after the Persian poet, who was born in Shiraz and later became a court poet for Akbar the Great, passed away, did the Iranian government's censors refuse permission to reprint a centuries-old classic poem that inspired a masnavi by the 'Parrot of India'?",420 years,multi-hop,"The question requires identifying the Persian poet (likely Hafez), determining his death year, and then establishing the year Iranian censors refused to reprint a poem (linked to 'Parrot of India' – Khusrau). This involves multiple knowledge connections across dates, historical events, and literary relationships, necessitating multi-hop reasoning."
56fbae1e68,"Identify the name of the politician who was the longest-serving Member of Parliament in his country at the time of his final electoral defeat, and who was also knighted by Queen Elizabeth II. This politician's country is different from the country where a former Prime Minister was jailed for 4 years for bribery, a crime for which he and 13 other MPs were pardoned by an acting President who himself was jailed for 3 years for the same offense.",Pupuke Robati,multi-hop,"The question requires connecting two distinct pieces of information: (1) the longest-serving MP knighted by Queen Elizabeth II, and (2) a country where a PM was jailed for bribery, with a pardon by an acting President. Resolving this demands cross-referencing unrelated facts from different countries, necessitating multi-hop reasoning."
6ceefff184,"What is the specific river into whose tributaries the mountain, officially adopted in 1906 by the U.S. Board on Geographic Names and named after a prospector, drains its precipitation runoff, considering that its naming occurred 48 years before another Alaskan mountain received its descriptive 'many colors' name, and 104 years before the Alaskan peak that was formerly the highest unnamed peak in the state was officially named after a US Senator?",Matanuska River,multi-hop,"The question requires identifying a mountain through multiple historical naming timelines (1906, +48 years, +104 years) and then determining the river into which it drains. This involves connecting disparate facts about geographic names and their relationships."
f46d54db0b,"Identify the alien protagonist of the comic series penned by a writer who also contributed to 'Hellblazer', a publication whose original artist also illustrated the alien character in 'The Bozz Chronicles', a comic series released by Epic Comics.",Rac Shade,multi-hop,"The question requires connecting multiple pieces of information: identifying the writer linked to 'Hellblazer', their contribution to another comic series, the illustrator's role, and the specific alien character. This involves multiple steps of reasoning and cross-referencing."
db65a2038f,"What is the name of the natatorium that hosted the NCAA Women's Division I Swimming and Diving Championships in the same year that the Minnesota Golden Gophers men's swimming team won a Big Ten Team Championship, and where a Big Ten Conference Diver of the Year for the host university had previously earned a first-place performance on the one-meter board?",Donald B. Canham Natatorium,multi-hop,"The question requires multiple steps: identifying the year both events (NCAA Women's Championships and Minnesota men's Big Ten title) occurred, determining the host natatorium for the NCAA event that year, and connecting it to the diver's prior one-meter board performance. This involves cross-referencing multiple facts and dependencies."
699f64519b,"Identify the bacterial genus that is strictly anaerobic and filamentous, and was isolated from thermophilic digester sludge in Niigata, Japan. This genus belongs to a family distinct from the family shared by both Shimazuella, a mesophilic and aerobic Gram-positive genus, and Kroppenstedtia.",Bellilinea,multi-hop,"The question requires identifying a bacterial genus based on multiple characteristics (strictly anaerobic, filamentous, isolated from thermophilic sludge) and comparing its family to those of Shimazuella and Kroppenstedtia, which involves cross-referencing distinct pieces of taxonomic information. This multi-step reasoning necessitates connecting separate facts."
e5d4534bde,"What is the title of the major label debut album by an indie/rock band from Patras, Greece, that was released in the year prior to a Louisville-based musical collective recording their first album of original music, and six years before a multicultural hip hop group from Switzerland released their debut studio album?",Flood,multi-hop,The question requires connecting multiple entities and their respective events (three different bands and their album release years) to determine the title of the major label debut album. This involves multi-step reasoning by linking the timeline of releases across different genres and locations.
cf596144cf,"What is the name of the U.S. state that contains a city sharing its name with a location in Arkansas, and also has multiple communities named Blair, but is not one of the states that contain a Braytown?",West Virginia,multi-hop,"The question requires multiple steps of reasoning: 1) Identifying a U.S. state with a city sharing a name with an Arkansas location, 2) Confirming the state has multiple 'Blair' communities, and 3) Excluding states with 'Braytown'. This interdependent reasoning across different geographic data points classifies it as multi-hop."
1d9b7f7f6a,"What is the name of the museum in Sapporo, Japan, that opened 14 years before a museum in Abashiri, Hokkaido, which shares a focus on the Nivkh people with a museum on a Russian island whose architect was Kaizuka Yoshio?",Hokkaido Museum of Modern Art,multi-hop,"The question requires connecting multiple pieces of information about different museums, their locations, opening years, focus on Nivkh people, and an architect's involvement. This involves several steps of reasoning and data integration."
ec41613813,"Identify the American literary scholar who served as provost of Swarthmore College from 1974 to 1979 and authored a book about his World War II combat experience. This individual passed away 24 years after a Shakespearean biographer who directed the Center for Renaissance and Baroque Studies, and 25 years after a German dramatist known for his postmodern plays.",Harold E. Pagliaro,multi-hop,"The question requires multiple steps of reasoning by connecting the American literary scholar's death to the death dates of two other distinct individuals (a Shakespearean biographer and a German dramatist). This necessitates cross-referencing biographical data across separate historical figures, making it multi-hop."
df744d2e88,"What is the name of the pet elephant in the American live-action puppet series that premiered 46 years after a Swedish/West German film, based on Astrid Lindgren's books, was released in the US, and was first aired 28 years after a Japanese animated series called 'Aoki Densetsu Shoot!' debuted?",Gregory,multi-hop,"The question requires connecting multiple pieces of information: the Swedish/West German film based on Astrid Lindgren's books, the Japanese animated series debut, and the American puppet series premiere dates. It involves temporal calculations and cross-referencing different media, necessitating multi-step reasoning."
0ac194486c,"Identify the German retail group, headquartered in Karlsruhe, that was sold to an American supermarket chain in the year preceding the pilot opening of the first convenience shop by the UK's second largest supermarket chain in Hammersmith, and four years before the parent company of a chain of entertainment retail stores (known for selling VHS, DVDs, and video games, and whose loyalty program also worked at Sam Goody stores) was purchased by a major consumer electronics retailer.",Wertkauf,multi-hop,"The question requires connecting multiple events across different time frames and entities: identifying a German retail group sold by an American chain, linked to the opening of a UK convenience store and the acquisition of an entertainment retail chain. This involves multi-step reasoning and cross-referencing several facts."
b294ffb638,"In what year did the French basketball player born in Guadeloupe, who had 113 caps with the national team, receive the French 2nd Division French Player's MVP award, if this year was 8 years after another French player competed in the 1984 Summer Olympics and was inducted into the French Basketball Hall of Fame in 2008, and also 9 years after a third French player, also born in Guadeloupe, concluded his national team career of 250 caps?",1992,multi-hop,The question requires calculating the year by connecting two separate timelines: 8 years after the 1984 Olympics (1984 + 8 = 1992) and 9 years after another player's career end (1992 - 9 = 1983). This multi-step reasoning across different facts makes it multi-hop.
5c0442d9a3,"Identify the individual who, approximately two decades after a King of Tyrone whose son later founded the lordship of Clandeboye was killed in battle, established his lordship in a county where, over a century later, a bandit leader attempted to set up a sovereign state.",Roger Mortimer,multi-hop,"This question requires connecting multiple historical events and figures across different timelines. It involves identifying the King of Tyrone, his son's foundational role in Clandeboye, the individual two decades after the king's death, and the subsequent bandit leader's actions over a century later. Each step depends on linking distinct entities and events, necessitating multi-hop reasoning."
a9953a6615,"What is the name of the city in Illinois where the US Army corps, which performed occupation duty in Yokohama after the Japanese surrender and was disbanded in Mito, was activated, if a Japanese infantry division that was assigned to the 34th Army in July 1944 and later moved to Manchukuo without fighting the Soviet army until Japan's surrender, was under the command of a general who died in Sendai?",Chicago,multi-hop,"The question requires connecting multiple pieces of information across different timelines and units, such as the US Army corps' activation location in Illinois, movements of a Japanese infantry division, command structure, and death location of a general. This involves multi-step reasoning and cross-referencing disparate facts."
8908f2e075,"What was the academic field of study of the individual who, on May 23, 1995, became the first Welshman to reach the summit of Mount Everest, a climb that occurred in the same year as the first Turkish ascent of Everest, and exactly 15 years after the first winter ascent of that same mountain?",Marine biology,multi-hop,"The question requires identifying the individual (first Welshman to climb Everest on May 23, 1995, contextually tied to the Turkish ascent and the 15th anniversary of the winter ascent), then determining their academic field of study. This involves multiple steps of information retrieval and context linking."
77c95f87fd,"Which Louisiana parish school board, known for achieving the fifth-highest rate of improvement statewide in Algebra I and English II end-of-course examinations during the 2012–2013 school year, is situated in a state that also contains a high school with the third-smallest enrollment statewide, and within a country where another school district explicitly permits parents to opt out of mandatory uniform policies due to bona fide philosophical objections?",Jackson Parish School Board,multi-hop,The question requires identifying a Louisiana parish school board based on specific academic rankings and then verifying additional conditions about the state's high school enrollment and a country-level policy. This multi-step reasoning involves connecting different pieces of information across entities and locations. Classifying as multi-hop.
c17e5c7307,"Identify the name of the member of the boy band who produced their album, if one of the band's songs was censored around the same time as Homme's 'I Was Able to Eat Well', and the album's lead single peaked at number 2 on the Gaon Digital Chart in the year that Exo's 'XOXO Repackage (Korean Version)' was the best-selling album on the Gaon Album Chart.",Yong Jun-hyung,multi-hop,"The question requires multiple steps of reasoning: it connects the censorship of a song to a specific timeline related to another artist's work (Homme), and then correlates the album's lead single's chart performance with Exo's best-selling album year. Answering this demands cross-referencing distinct facts from different contexts, necessitating multi-hop reasoning."
d9d31ac525,"Identify the Indian Mexican academic, born in Mexico and cousin to Kamala Harris, whose debut book on piracy and personhood in American literature was published 33 years after the first novel by a Mexican author became a U.S. bestseller, and approximately 58 years after the term 'Latino literature' originated during the Chicano Movement.",Sharada Balachandran Orihuela,multi-hop,"The question requires multiple steps of reasoning. It involves identifying an individual who is the cousin of Kamala Harris, connecting their academic work to specific historical events in American literature, and calculating time intervals between the person's debut book, a Mexican author's bestseller, and the origin of 'Latino literature'. These interconnected facts necessitate multi-hop reasoning."
ff7b419dd3,"What was the name of the German U-boat commander who sank a coal freighter in 1917, where this sinking occurred in the same war that saw a US cargo ship, whose captain received the Medal of Honor, sunk by a German submarine, and also saw a British officer achieve the unique feat of sinking a German U-boat with a sailing vessel?",Ernst Hashagen,multi-hop,"The question requires identifying a German U-boat commander linked to multiple specific historical events (sinking a coal freighter in 1917, connection to a Medal of Honor-winning US cargo ship sinking, and a British officer's U-boat sinking feat). This necessitates cross-referencing multiple facts and connections, making it multi-hop."
b5df1afadb,"What is the sum of the birth years of the British boxer who defeated Vazik Kazarian at the 1960 Summer Olympics, the Moroccan boxer who also competed in the men's light welterweight event at those same Olympics, and the Danish boxer who competed in both the 1960 and 1964 Summer Olympics?",5821,multi-hop,"The question requires identifying three different boxers based on specific criteria (victory in a match, nationality, and participation in specific Olympics events), finding their birth years, and summing them. This involves multiple steps of connected information retrieval."
711072080c,"What was the courtesy name of the Southern Tang official whose two daughters successively became empresses for Emperor Yuanzong's son, if an official who served as chancellor for Emperor Xianzong of Tang was born 488 years after a prominent Jin dynasty regent?",Juntai,multi-hop,"The question requires connecting multiple historical figures across different dynasties (Jin, Tang, Southern Tang) and involves conditional reasoning (birth year calculation, empress succession). It demands cross-referencing facts about a Jin regent, a Tang chancellor, and a Southern Tang official's family, making it multi-hop."
301d998cb6,"What is the name of the district that had a population of 90,038 in 2003, and is located in a different country than the main district of Ad Daff and the village of Bahrat al Qadimah?",Arhab District,multi-hop,"The question requires multiple steps: identifying a district by population (90,038 in 2003) and verifying it is in a different country than Ad Daff and Bahrat al Qadimah. This involves connecting demographic data with geographical information and making a comparative analysis."
bbcd571c6d,"Which Sheffield United footballer, who was club captain in the 1930-31 season and later coached Sheffield Wednesday, had a playing career at the club that began after another player made guest appearances during World War I and earned an FA Cup losers medal in 1912, and whose time at the club concluded before a third player made 40 appearances in the season the Blades won promotion to the First Division and also played first-class cricket?",Tommy Sampy,multi-hop,"The question requires identifying a footballer based on multiple interconnected criteria: (1) club captain in 1930-31, (2) coach of Sheffield Wednesday, and (3) overlapping career events tied to two other players' milestones. This necessitates combining sequential events and cross-referencing roles of three players, which involves multi-hop reasoning."
38dfb87ebf,"What is the birth year of the architect who received the Global Award for Sustainable Architecture in 2008, an award founded in 2006, if this architect established their first personal office in the same year that another prominent sustainable architect, known for being one of the first LEED accredited professionals, earned their Bachelor of Science degree?",1948,multi-hop,"The question requires multiple steps to determine the birth year of an architect linked to another architect's milestones. First, identifying the 2008 award winner, then connecting their office establishment year to another architect’s graduation year, and finally retrieving the birth year. This sequence of dependencies necessitates multi-hop reasoning."
ab366dacf4,"Which football club, whose manager was sacked in the 1976-77 season, qualified for the European Cup Winners' Cup, and was in a division two tiers above the division Bradford City was promoted to in the same season, and also two tiers above the division Mansfield Town was promoted from in the same season?",Manchester United,multi-hop,"The question requires multiple steps of reasoning to connect the sacking of a manager in 1976-77, qualification for the European Cup Winners' Cup, and the relationship between the target club's division and the promotion movements of Bradford City and Mansfield Town during the same season. These interconnected facts necessitate multiple hops."
6de35416a3,"How many years after the leader of the first organized government to formally declare the Independence of Albania from the Ottoman Empire was killed, did the Democratic Party, which was the ruling party when the opposition Socialist Party left parliament on June 12, 2008, lead major anti-government protests that began on February 18?",72 years,multi-hop,"The question requires identifying the death year of Albania's independence leader (Isamis Qemali, d. 1919) and the year of anti-government protests led by the Democratic Party (2009 after Socialist Party's 2008 parliamentary exit). This involves multiple steps of historical date correlation and arithmetic calculation, making it a multi-hop question."
64a896b146,"What was the age of the former Assistant Secretary of the Navy (Financial Management) who was born in Boonton, New Jersey, when the President's Commission on Care for America's Returning Wounded Warriors was established, where the commission was created by the same president who appointed the second Secretary of Homeland Security?",81,multi-hop,"The question requires identifying the second Secretary of Homeland Security to determine the president (Bush), then finding the commission's establishment date (April 2007), identifying the Assistant Secretary (Financial Management) from Boonton, NJ, and calculating their age based on birth year. Multiple interconnected facts are needed."
63c35f19ab,"Which lighthouse, whose original fourth-order Fresnel lens was found, restored, and relit in 1998 to serve as an active private aid to navigation, was initially decommissioned in 1870, unlike a cast-iron octagonal lighthouse that was automated in 1972 and had its original fourth-order Fresnel lens moved to another Michigan lighthouse, and also unlike a concrete-built lighthouse that was automated in 1973 and had its fourth-order Fresnel lens moved to a museum in Haines?",Mendota (Bete Grise) Light,multi-hop,"The question requires comparing and connecting information about three different lighthouses with specific historical events and attributes (decommissioning dates, automation years, lens relocation details). It involves multiple steps of reasoning to distinguish the correct lighthouse based on the interplay of these facts."
6a3176f478,"What was the birth year of the Russian official who was dismissed from his post as Governor General of St. Petersburg in October 1905, and whose contemporary, a general, was dismissed for lenient treatment of mutineers in Vladivostok in March 1906, and whose other contemporary, a former Director of Police, accurately predicted the coming social revolution in a letter to Nicholas II that was found after the February Revolution of 1917?",1850,multi-hop,"The question requires connecting multiple entities through their relationships and contextual clues (e.g., contemporaries, dismissal reasons, and historical events) to identify the target individual and their birth year. This involves multi-hop reasoning."
1c49bc30d9,"Identify the radio station that commenced its first regular scheduled FM broadcast in April 1965, and was among the initial stations nationwide to air a program by a religious leader whose content is also broadcast on a South Carolina station that began operating in April 1986 and is affiliated with a network that owns another South Carolina station which first signed on in December 1963.",WJSM,multi-hop,"The question requires multiple steps of reasoning, connecting different radio stations, their operational dates, affiliations, and network ownership across distinct timelines. Identifying the original station necessitates tracing a chain of relationships involving a religious program, a 1986 South Carolina station, and a network-affiliated station from 1963, making it multi-hop."
97b92de40a,"Identify the politician who served as Justice Minister in November 1891. This politician's birth year is exactly 47 years after the year a Savoyard nobleman, who died on January 15th, was elected to the British Parliament. Furthermore, the politician's death year is 114 years before the death year of a Norwegian jurist, also known for dying on January 15th, who was director of the Secretariat on Traffic Safety.",Nicolae Blaremberg,multi-hop,The question requires identifying a politician through multiple linked facts: 1) Their birth year is tied to the election year of a Savoyard nobleman who died on January 15th. 2) Their death year is tied to the death year of a Norwegian jurist who died on January 15th. 3) The politician held a specific role in 1891. Solving this requires connecting disparate entities and dates via multi-step reasoning.
3c6beda0cf,"What was the age of the Japanese professional wrestler who secured the IWGP Junior Heavyweight Championship in August 1991, at the time a Puerto Rican wrestler, known as Super Medico III, first captured the WWC Caribbean Tag Team Championship alongside his father?",24 years old,multi-hop,The question requires connecting two distinct pieces of information: the Japanese wrestler's birth year and the timing of Super Medico III's championship win in August 1991. Calculating the wrestler's age at that specific time involves multiple steps and cross-referencing separate facts.
162865c9df,"Identify the American comic book artist who co-created a Marvel Comics miniseries in a year that was 19 years after a Filipino artist was recruited for American comic books, and that recruitment year was 2 years after another Filipino comic book author was born.",Mike Okamoto,multi-hop,"The question requires multiple steps: determining the recruitment year of a Filipino artist (based on another's birth year), calculating the Marvel miniseries year (19 years later), and identifying the artist for that year. Each step depends on prior information, necessitating multi-hop reasoning."
850dcac405,"Identify the English actor who lived in a County Cork village where his burial place is located just off the village square, given that this county also contains a town whose racecourse served as an emergency airfield for a Mexican business jet, an event that inspired a 2010 film, and this town is connected by road to a village situated on a regional road that is 28 km long.",Oliver Reed,multi-hop,"The question requires multiple steps: 1) Identify the town in County Cork with a racecourse that served as an emergency airfield (inspiring a 2010 film), 2) Connect this town to a village via a 28km road, 3) Find the English actor buried in the village square. Each step depends on distinct facts requiring separate reasoning."
6f48ed25eb,"What is the name of the Local Level Government (LLG) in Papua New Guinea that is located in the Highlands Region, is home to the Kumai, Gurikunana, and Bari tribes, and whose province is distinct from both the province of the LLG in the Islands Region where the Bali and Vitu languages are spoken, and the province of the LLG in the Momase Region?",Kup Rural LLG,multi-hop,"The question requires multiple steps: identifying an LLG in the Highlands Region with specific tribes, then ensuring its province differs from distinct provinces in other regions (Islands and Momase). This involves cross-referencing multiple attributes and regions, necessitating multi-hop reasoning."
8cdddd28c8,"Who was the actor and writer from the Haggard family whose birth year was one year after an English writer and biographer, and whose birth year was also exactly 200 years after the death of the 3rd Earl of Bolingbroke?",Stephen Hubert Avenel Haggard,multi-hop,"The question requires multiple steps to determine the answer. It involves identifying the birth year by cross-referencing two separate conditions: 1) being one year after an English writer's birth and 2) being 200 years after the death of the 3rd Earl of Bolingbroke. Additionally, it requires locating an individual from the Haggard family who matches this calculated year, necessitating multi-source reasoning."
57c2ea7211,"Identify the Egyptian football club that signed a player in January 2019 who was named in Egypt's squad for the 2018 FIFA World Cup, and also signed a player in September 2020 who was born in January 1997 and was named the best player in the 2019 Africa U-23 Cup of Nations, where his team won their first title. Both of these players previously played for a club where another player, born in January 1962, achieved an unprecedented record of winning the football league 10 times.",Pyramids FC,multi-hop,"The question requires connecting multiple pieces of information across different time periods and relationships (e.g., linking players to clubs, their achievements, and birth dates). It involves at least three distinct hops: identifying the 2019 signing, verifying the 2020 player's history and tournament, and cross-referencing with a prior club's record. This layered reasoning exceeds a single fact lookup."
fceaffca5d,"Identify the Tamil dubbed title of the Telugu romantic comedy film that was released five years after a 1991 Telugu action crime film, where the protagonist, a police officer, seeks revenge on his father for murdering his mother and framing his grandfather. This romantic comedy film was a box office flop, but its lead actor also starred in a 1992 Telugu drama film that achieved an industry record by being the first to cross 100 days in more than 40 direct centers.",College Galatta,multi-hop,"The question requires multiple steps: identifying the 1991 film, connecting it to the romantic comedy released 5 years later, verifying the lead actor's 1992 film success, and finally finding the Tamil dubbed title. Each step depends on prior information retrieval."
71e531ab1e,"How old was the political scientist who worked at the Santa Monica-based RAND Corporation between 1990 and 1996 when the prominent Shiite opponent of Hezbollah, born in South Lebanon, became a founding member of the Democratic Renewal Movement, given that the Hezbollah official first elected to the Lebanese Parliament in 1992 was 32 years old at the time?",47 years old,multi-hop,"The question requires connecting multiple entities (political scientist at RAND, Shiite opponent of Hezbollah, Hezbollah official), time periods, and age calculations. It involves several steps of reasoning and linking information across different contexts."
ce4d91636d,"What is the name of the elephant character from a 1970s puppet television series whose theme song reached number 14 on the UK charts, given that this series began airing after a children's show that introduced a dog puppet in 1967, and that same dog puppet show premiered before a different children's program introduced a donkey puppet in March 1968?",Edward Trunk,multi-hop,"The question requires multiple steps of reasoning, connecting information about the timeline of puppet shows (dog puppet in 1967, donkey puppet in 1968, elephant character in 1970s), as well as the chart performance of the series' theme song. Answering it requires linking disparate facts from different sources and sequences."
f273b7e5ce,"What is the district of the municipality that has approximately 300 inhabitants, is located about 90 km west of Prague, and is in a different region than both the municipality first mentioned in 1131 and the municipality known by the German name 'Petrowitz'?",Plzeň-North District,multi-hop,"The question requires multiple steps: identifying a municipality with specific characteristics, translating a historical German name to its native language, determining regions of two other municipalities, and comparing regions to ensure the target municipality is in a different one. Each step depends on prior information."
af4f7af11f,"What is the genus of planthoppers found in southeast and temperate Asia that includes species first described in the same year that the Italian entomologist, who authored the family of fulgoroid planthoppers whose nymphs are known for having a tail of waxy filaments, passed away?",Thabena,multi-hop,"The question requires multiple steps: identifying the Italian entomologist's name based on their work, determining their death year, correlating that year to species first described, and finally linking these to the genus of planthoppers. Each step depends on connecting information from different domains (entomologist's work, death year, species description year, and taxonomic classification)."
c9359e676c,"Identify the company that acquired a Macintosh programming company, known for its 3D software like Swivel 3D, in the same year that a different 3D scenery generator software released its first Macintosh version, and two years before a UK-based Macintosh computer magazine began being published by Future plc.",MacroMind,multi-hop,"The question requires connecting multiple events across different timelines: identifying a company acquired in a specific year, which is the same year as another software's Mac version release and two years before a magazine's publication start. This needs cross-referencing multiple facts."
f904a5a134,"What is the title of the book published posthumously by the social historian who pioneered family history in North America, if she was born exactly 10 years after the Australian oral history pioneer whose best-known work was published in 1978, and also exactly 10 years after the British food historian whose book on marmalade won the Diagram Prize in 1984?",The Silk Weavers of Kyoto: Family and Work in a Changing traditional Industry,multi-hop,"The question requires multiple steps of reasoning: identifying two historical figures based on their works and birth years, calculating the birth year of the target social historian (10 years after each of the other two), and connecting to the book title. This involves linking information across different domains and entities."
986496f40e,"What is the nationality of the philosopher, born in 1951, whose main contribution was an immanent critique of G.W.F. Hegel's Phenomenology of Spirit, if another philosopher known for works on Aquinas was born 8 years prior to him, and a third philosopher whose book Powers: A Study in Metaphysics was published posthumously in 2003 was born 9 years before the philosopher known for works on Aquinas?",Dutch,multi-hop,"The question requires multiple steps to determine the nationality of the target philosopher. It involves connecting the birth years and contributions of three different philosophers, which necessitates multi-hop reasoning."
59b6d21631,"What is the difference in years between the election of the Fellow of the Royal Society of Edinburgh who was also Chief Secretary of Bengal and a noted botanist, and the year of the first successful vaccination in Bombay, considering that another botanist who was born in Calcutta was elected a Fellow of the Royal Society of Edinburgh in 1913?",25,multi-hop,"The question requires identifying the election year of a specific individual (who is a Fellow of the Royal Society of Edinburgh, Chief Secretary of Bengal, and a botanist) and subtracting it from the year of the first successful vaccination in Bombay. Additionally, it involves verifying whether the 1913 Fellow from Calcutta is the same person. This necessitates multiple steps of cross-referencing, connecting events, and checking overlapping identities, making it a multi-hop question."
133d6c638d,"Identify the British politician who began serving on the General Advisory Council of the BBC in the same year that an American politician, who succeeded Donald Rumsfeld in Congress, was first elected, and also in the same year that another British politician, who was a chairman of a local Conservative Association, passed away.",Richard Hornby,multi-hop,"The question requires identifying a British politician linked to three distinct events in the same year: serving on the BBC Advisory Council, an American politician's election (after Rumsfeld succeeded in Congress), and another British politician's death (chairman of a Conservative Association). Resolving this requires connecting multiple facts across different entities and contexts, indicating multi-hop reasoning."
7b58eb0d9f,"What is the name of the engineering college, founded in 2004, that was initially affiliated with the university from which the university that Shri Sant Gajanan Maharaj College of Engineering is affiliated with was partitioned?",St. Vincent Pallotti College of Engineering and Technology,multi-hop,"The question requires multiple steps of reasoning: identifying the university affiliated with Shri Sant Gajanan Maharaj College of Engineering, determining the university it was partitioned from, and finding the 2004-founded college affiliated with that original university. Each step depends on prior information retrieval."
4ccb503b0b,"What is the name of the Finnish food and drink company that was established 29 years before another prominent Finnish food company which sold its ice cream business to Nestlé, and whose own acquisition of a meat alternative product company happened two years after an Italian coffee group acquired the Boncafe Group?",Paulig,multi-hop,"The question requires connecting multiple entities and events across different time points (e.g., founding years, acquisitions, and company relationships). It involves tracking relationships between Finnish and Italian companies, acquisition timelines, and indirect dependencies, necessitating multi-hop reasoning."
448d5f6a12,"In a Mexican telenovela, an antagonist who is a wealthy landowner was made sterile by his mother. Identify the patriarch of another Mexican telenovela family, where one of his sons is also a sterile antagonist, and this patriarch began his career in a profession similar to the protagonist of an Argentinian comedy series that was recognized as the 'Comedy of the Year' in 2004.",Everardo Rey,multi-hop,"The question requires multiple steps: identifying a Mexican telenovela patriarch with a sterile son, connecting his career to an Argentinian comedy protagonist from 2004, and ensuring all elements (telenovela families, sterility trait, comedy award) are linked. This involves cross-referencing distinct facts and relationships, necessitating multi-hop reasoning."
3d0dd63170,"What is the sum of the number of years a Canadian Chief Electoral Officer, who was made an Officer of the Order of Canada in 1990, served in that role; the birth year of a Canadian MP who was elected in 1988 for Beaver River but died before serving in the 34th Canadian Parliament; and the age at death of a French diplomat who was Ambassador to Monaco and died in 2024?",2034,multi-hop,"The question requires three distinct pieces of information from different entities: the term of a Canadian Chief Electoral Officer, the birth year of a Canadian MP, and the age at death of a French diplomat. Each step involves separate lookup and calculation, with the final step summing these results. This multi-step process across different data points classifies it as a multi-hop question."
a7e76274e4,"What is the name of the music producer who worked on the debut album of a glam metal band, and also worked with another band that released a song primarily written by a bassist who had left a different heavy metal band before the filming of their music video for the song ""Breaking the Chains""?",Jim Faraci,multi-hop,"The question requires tracing multiple connections: a producer linked to two bands, with one song involving a bassist who left another band before a specific music video. This involves layered information retrieval."
26bb70e8c4,"What is the length of the river that flows through the same department as Quiberville-sur-Mer, is known for its traditional quality glass industry, and has a commune on its banks that offers rail connections to Le Tréport?",68.1 km,multi-hop,"The question requires multiple steps: identifying the department of Quiberville-sur-Mer, linking it to a glass industry, connecting a commune with rail access to Le Tréport, and finally determining the river's length. This involves connecting multiple entities and properties."
2c1d424a83,"What is the name of the country whose government would have employed the son of the French illustrator who created the futuristic trilogy Le Vingtième Siècle, if not for World War I? This illustrator was born 59 years before a Belgian comics artist who had an instrument he made in 1940 collected by the Musical Instrument Museum of Brussels, and also 59 years before a French novelist who won the Prix Goncourt in 1957.",Thailand,multi-hop,The question requires multiple steps: 1) Identifying the French illustrator using clues about a Belgian comics artist (connected via 59-year birth gap) and a Prix Goncourt winner from 1957. 2) Connecting the illustrator's son to the government employment conditional on WWI. This involves chaining historical and biographical information.
3bd2297e9b,"What is the full title of the fictional book, satirizing artificial intelligence and discussing 'personetics', that is reviewed in a 1971 collection of fictitious criticism by an author whose 1985 novel features the character Ijon Tichy undergoing a callosotomy, and whose 1961 novel describes an apocalyptic event of global paper decomposition?",Non Serviam,multi-hop,"The question requires identifying an author through their 1961 and 1985 novels, then using that information to find a fictional book title in their 1971 collection. This multi-step reasoning (from author to works to the book's title) necessitates multiple hops."
8e3d55f0e4,"What was the name of the baseball player who played for the Pittsburgh Alleghenys, and was signed by a Baltimore Orioles team in a year that was exactly 18 years after the Union of Morrisania won its sole premiership title, in a league whose name is similar to, but explicitly distinguished from, a professional baseball league that featured a team from Baltimore, Maryland in 1880?",George Creamer,multi-hop,"The question requires connecting multiple pieces of information: the player's team affiliations, a specific year calculation based on another event (Union of Morrisania's premiership), and distinguishing between leagues. This involves multiple steps of reasoning and cross-referencing."
34353f5f33,"What is the recommended English name for the gilled mushroom that is globally endangered on the IUCN Red List, and is found on the same continent as an inedible earth tongue fungus critically endangered in Denmark, and also a yellow-green moss with crowded, keeled leaves?",Mealy meadowcap,multi-hop,The question requires connecting multiple pieces of information: linking a gilled mushroom (endangered globally) with an inedible earth tongue fungus (critically endangered in Denmark) and a yellow-green moss based on their shared continent. This demands multiple inference steps and cross-referencing species data.
439b3ffed4,"What is the birth year shared by two American poets, one of whom taught in thirty schools and the other was employed by the Treasury Department, if a third American poet, who was a schoolmate of James Abbott McNeill Whistler, was born four years earlier than them?",1839,multi-hop,"The question requires multiple steps: identifying the third poet's relation to Whistler, calculating their birth year, and determining the shared year of the two other poets. This involves connecting information across different entities."
a7556d4562,"Among the novels 'To Catch a Thief', 'Petulia', and 'Christopher Strong', one had its film adaptation released exactly one year after its publication. Another had its film adaptation released three years after its publication. What was the primary profession of the author whose novel's film adaptation was released two years after its publication?",Dentist,multi-hop,"The question requires looking up the publication dates and film adaptation release dates for three different novels to determine which author's work had a two-year gap. This involves multiple steps of information retrieval and comparison, making it a multi-hop question."
cbcdac074c,"Which city hosted the FIBA Under-19 World Championship where the MVP was from a country that Bosnian athletes previously represented, and which took place in the year prior to the death of a Yugoslav basketball player who set a national team scoring record of 42 points?",Edmonton,multi-hop,"This question requires multiple steps of reasoning: identifying the MVP's country connected to Bosnian athletes, determining the year of the championship relative to a Yugoslav player's death, and cross-referencing these with FIBA Under-19 host cities. Each step depends on distinct factual connections."
7bda3ca278,"What is the name of the present-day Romanian county that roughly corresponds to a historical Székely seat, whose royal judge was a Hungarian historian born in 1676, and which later formed a significant part of an autonomous region for a Hungarian subgroup that was abolished in 1968?",Covasna County,multi-hop,"The question requires connecting multiple historical and geographical facts: identifying the present-day Romanian county linked to a historical Székely seat, a royal judge (historian born in 1676), and an autonomous region abolished in 1968. This requires multi-step reasoning."
46732f36d7,"What is the full name of the Anglican cleric who was the seventh son of the 5th Duke of Beaufort, a Duke whose other son married the daughter of an Earl whose wife was the sister of the first Pocock Baronet?",Rev. Lord William George Henry Somerset,multi-hop,"The question requires connecting multiple relational facts: identifying the 5th Duke of Beaufort, tracing his son’s marriage to the daughter of an Earl, and linking the Earl’s wife to the first Pocock Baronet. Resolving this involves sequential steps across interconnected entities, making it multi-hop."
558dcab922,"A Linux distribution, which has been based on Arch Linux since its 6.0 release and is primarily used for repairing damaged computer systems, supports a bootloader that specializes in booting from FAT filesystems. When creating a bootable USB for this distribution, a specific filesystem is recommended for formatting. This identical filesystem is also recommended for the EFI system partition (ESP) when booting Linux from a GPT disk on a UEFI system. Identify this Linux distribution.",SystemRescue,multi-hop,"The question requires multiple steps of reasoning by connecting information about the Linux distribution's base (Arch Linux), its purpose (repairing systems), and specific technical details (FAT filesystem bootloader and recommended filesystem for USB/ESP). This involves cross-referencing different properties to deduce the correct distribution."
e504f3059e,"Identify the Italian toy manufacturing company that, after producing HO-scale toy soldiers and a cheaper version of a tabletop football game first available in March 1947, ceased operations in 1984, a year after an American company known for metal miniatures went out of business.",Atlantic (company),multi-hop,"The question requires connecting multiple pieces of information: the Italian toy company's specific product lines (HO-scale toy soldiers, a cheaper tabletop football game from March 1947), its 1984 shutdown, and its temporal relationship to another American company's 1983 closure (linked by the 'year after' clause). This necessitates multi-step reasoning across interdependent facts."
c22cc74b77,"What is the name of the former Greek municipality whose name is derived from a Slavic word meaning 'Good', located in the same country where a mythological figure was the eponym of a region in Thessaly, and where a police motorcycle unit shares its name with the Modern Greek name for Zeus?",Dovras,multi-hop,"The question requires connecting multiple facts: identifying a former Greek municipality named from a Slavic word 'Good', locating it in a country tied to a mythological eponym in Thessaly, and linking a police unit named after Zeus. This involves multiple steps of reasoning across different knowledge domains."
15d42abc67,"In a nation where the average temperature has increased by 1.8 °C since 1950, and which was listed in a 2010 global assessment as one of 15 acutely vulnerable countries to climate change, what is the name of the province where its first female judge, who was later appointed as a 2015 Women Peacemaker, served?",Parwan Province,multi-hop,"The question requires identifying a country based on climate data and a 2010 assessment, then determining the province of its first female judge (later a 2015 Women Peacemaker). This involves multiple steps of reasoning across distinct facts."
ecf12cb65d,"Identify the specific name of the geological feature in Washington state that is a lava flow from a cinder cone, and whose eruption age is older than the lava flow at the Oregon site where NASA astronauts trained for lunar missions, but younger than the lava tube located on the northern flank of Newberry Volcano in Oregon.",Big Lava Bed,multi-hop,"The question requires comparing the eruption ages of three different geological features (Washington's cinder cone lava flow, Oregon's NASA astronaut training site lava flow, and Newberry Volcano's lava tube) to determine a specific name. This involves multiple steps of reasoning and connecting information across different locations and criteria."
4a8904f72a,"What is the name of the organization that launched an American branch in 2022, and was founded six years before a UAE-based foundation that includes the 'Arab Hope Makers' initiative, and eight years before the first edition of an annual awards show held in Dubai?",Takreem,multi-hop,The question requires connecting multiple pieces of information across different events (founding date relative to a UAE foundation and an awards show) to determine the organization's name. It involves multiple steps of reasoning.
19d36768ee,"Which German apple cultivar, a hybrid of 'Geheimrat Dr. Oldenburg' and 'Cox's Orange Pippin', is the parent of another cultivar that incorporates a genetic component also found in a cold-hardy apple developed in the United States, and whose own parent, 'Cox's Orange Pippin', is a genetic component of a UK-developed apple known for its good disease resistance?",Clivia,multi-hop,"The question requires tracing multiple genetic relationships across different apple cultivars, involving hybrid origins, parent-child relationships, and geographical origins. This multi-layered reasoning necessitates connecting information from various sources."
024af995fd,"What is the name of the Australian paralympic swimmer who won a gold medal at the 1996 Summer Paralympics, whose birth year is shared by an Australian volleyball player who competed in the 2000 Sydney Olympics, and whose birth year is also 11 years before that of the first Indigenous Australian volleyball player to represent Australia at the Olympics?",Janelle Falzon,multi-hop,"The question requires multiple steps: identifying the birth year shared between two athletes (volleyball player from 2000 and the swimmer), linking it to the first Indigenous Australian volleyball player's birth year, and cross-referencing these to determine the swimmer's name. This involves connecting disparate pieces of information, making it multi-hop."
9c071d9520,"What is the sum of the ages of a Serbian football manager when he became the youngest manager in Partizan's history, an Argentine attacking midfielder when he signed with Flamengo four days before his 24th birthday, and a Swiss winger when he made his Swiss Super League debut against Grasshopper?",79,multi-hop,"The question requires calculating the sum of three distinct ages from different individuals (a Serbian manager, an Argentine midfielder, and a Swiss winger), each involving separate pieces of information. This necessitates multiple hops to retrieve each age and perform the calculation."
c26a020ef3,"What is the result when the combined 2004 census populations of two rural communes in the El Kelâat Es-Sraghna Province – one with 684 households and the other with 4198 households – is subtracted from the 2014 census population of a town in the same province that had 30,315 inhabitants?",-1001,multi-hop,"The question requires multiple steps: first, summing the populations of two communes based on their 2004 household data, then subtracting that total from the 2014 town population. This involves connecting data from different census years and locations, requiring multi-hop reasoning."
a36119c4a9,"What is the common name of a plant, also in the Myrtaceae family and endemic to Western Australia, that was first described in 1928 and then redescribed in 2009, two years after a genus native to both Australia and New Caledonia was formally established in 2007 by the same taxonomist who transferred a specific eastern Australian Myrtaceae species (originally described in 1997) into that genus?",bush pomegranate,multi-hop,"The question requires multiple steps: connecting the taxonomist's 2007 genus establishment to the 1997 species transfer, then linking this to the 2009 redescription of the Western Australian Myrtaceae plant. This involves cross-referencing distinct entities and events."
25d03eb822,"Identify the individual who, six years after the Central of Georgia Railway's arrival in Starrsville, acquired a prominent Savannah plantation where he subsequently built a mansion that was completed in the same year that the former president of the Central of Georgia Railway died.",Spencer Proudfoot Shotter,multi-hop,"The question requires connecting multiple events over a period of time (arrival of the Central of Georgia Railway, acquisition of the plantation six years later, and the completion of the mansion in the year the railway president died). It involves multiple steps of inference and connecting different entities across distinct timelines, which necessitates multi-hop reasoning."
2ae41d99b1,"What is the name of the British architect who died at the age of 88, and who employed an architect who became Consulting Architect to the Government of India five years after arriving in the country? This employee is buried in the same Edinburgh cemetery as another architect who emigrated to Australia one year before the first architect received a commission in the Artists' Rifles.",Robert William Edis,multi-hop,"The question requires connecting multiple pieces of information through a chain of relationships and events (e.g., employment, burial location, emigration timing). Each clause introduces a new hop requiring contextual linkage, making it a multi-hop query."
82e5e015ae,"What is the name of the political movement that was created by an individual who was expelled from the French Communist Party exactly 31 years after another politician, who later founded the French Popular Party, was expelled from the same party, and this movement was formed four years before a French politician, whose great-grandfather was deported to Dachau for political convictions, joined the Socialist Party?",Concrete Utopia movement,multi-hop,"The question requires connecting multiple historical events involving different politicians and their parties across specified time intervals, necessitating multi-step reasoning and cross-referencing of several facts."
d3b7268c42,"What was the name of the individual who completed the watercourse project, whose charter was obtained 372 years after the founding of the priory that was established by Ela, Countess of Salisbury?",Sir Hugh Myddelton,multi-hop,"The question requires multiple steps: identifying the priory established by Ela, calculating its founding year, determining the charter year, and linking it to the watercourse project's individual. Each step depends on prior information, making it multi-hop."
b7523247c1,"What is the birth year of the former Ottawa Rough Riders player who won a Grey Cup with the Winnipeg Blue Bombers, if he shares a surname with two defensive linemen who were both associated with the Ottawa Redblacks in 2013, one drafted 18th overall in the CFL Draft and the other selected in the first round of the CFL Expansion Draft?",1941,multi-hop,"The question requires connecting multiple pieces of information through several steps: (1) identifying the two defensive linemen from the 2013 Ottawa Redblacks with specific draft details, (2) linking their surname to a player from the Ottawa Rough Riders who won a Grey Cup with the Winnipeg Blue Bombers, and (3) retrieving their birth year. This multi-step reasoning makes it a 'multi-hop' question."
48ed16f792,"What is the family of the monotypic genus of planthoppers found in the Iberian Peninsula, if its genus was described 25 years before the species of a monotypic butterfly genus endemic to Tibet and West China was described, and this butterfly genus belongs to the same order as a monotypic tiger moth genus found in West Africa and Kenya?",Dictyopharidae,multi-hop,"The question requires connecting multiple entities and their properties across different regions and taxonomic levels. It involves: 1) the planthopper genus described 25 years before a specific butterfly species, 2) the butterfly genus belonging to the same order as a tiger moth genus. This multi-step linking of information from different domains (planthoppers, butterflies, tiger moths) necessitates multi-hop reasoning."
4389ead95d,"What was the birth year of the coach who graduated from the University of Chicago in 1991, if he was born in the same year that a coach, who later became president of Beckley College, turned 70 years old? This latter coach was born 23 years before a coach who was fired from Murray State in January 1960 and later died at the age of 103.",1968,multi-hop,"The question requires multiple steps: calculating the birth year of a third coach based on their death age, deriving the second coach's birth year (23 years prior), determining when the second coach turned 70, and finally using that year as the birth year of the first coach. This involves connecting information across different entities and timelines."
352d264bb5,"What is the name of the Paraguayan football club that shares a nickname with an Argentine club which won its only first division title in 1969, where this Paraguayan club was founded 16 years after another Argentine club whose current stadium was inaugurated two years after that 1969 title win?",Deportivo Recoleta,multi-hop,"The question requires connecting multiple pieces of information across different football clubs and events. It involves identifying an Argentine club that won a 1969 title, determining another Argentine club's stadium inauguration date (1971), calculating the founding date of the Paraguayan club (16 years after the other Argentine club's founding), and linking all these steps to find the Paraguayan club's name sharing a nickname. This multi-step reasoning classifies it as multi-hop."
2f601d4a5c,"What is the name of the song by a Canadian artist that was originally a breakup song but was rewritten to reflect the blossoming relationship of its co-writers, and is described as a piano-driven power ballad, whose country of origin is shared by another artist whose song's musical foundation was adjusted from piano to guitar by its producer, and also by a third artist who requested the incorporation of steel guitar into her song after its co-writer initially decided to use piano instead of guitar?",Let Me Go,multi-hop,"The question requires connecting multiple pieces of information across different songs and artists, involving several conditions that need to be satisfied simultaneously. It demands multi-step reasoning to link the Canadian artist's song with the other artists' song modifications."
d9bbc9b94e,"Which student newspaper, founded 32 years before The Cambridge Student, was relaunched in the same year that a new student organization was officially launched at Macquarie University?",SCAN,multi-hop,"The question requires connecting multiple pieces of information: determining the founding year of The Cambridge Student to calculate the older newspaper's original founding year, identifying its relaunch year, and linking it to the launch year of a new student organization at Macquarie University. Each step depends on prior information, necessitating multi-hop reasoning."
7cd0939342,"What is the name of the Masters of the Universe character who was introduced into the toy line in 1984 and possesses the power to spray a sleep mist, but is distinct from the DC Comics villain created by Jack Kirby who was born as a conjoined twin and once defeated Batman in hand-to-hand combat, and also distinct from the G.I. Joe character whose 1982 action figure mold was recolored in Argentina to create a figure named 'Cobra Mortal'?",Kobra Khan,multi-hop,The question requires identifying a specific character while distinguishing it from two other distinct characters (DC villain and G.I. Joe) with unique attributes. This involves multiple steps of comparison and contextual reasoning.
f388851177,"What is the birthplace of the mathematician who co-founded the Austrian Mathematical Society, and whose death occurred one year after a major work by another mathematician born in a city that is now in Poland was posthumously published? This posthumous publication happened during the period when a third mathematician, known for authoring 'A Modern View of Geometry', was a visiting scholar at the Institute for Advanced Study.",Mantua,multi-hop,"The question requires multiple steps of reasoning: identifying multiple mathematicians, their works, publication periods, and birthplace. It connects different facts across different entities, necessitating a multi-hop approach."
0715aa8ca1,"What is the name of the private, non-profit organization based in Washington, DC, that has been recognized by the U.S. Department of Education since 1978 for providing national accreditation to non-collegiate vocational institutions, distinguishing it from the regional accrediting agency for California, Hawaii, and the Pacific whose CEO previously served as Deputy Under Secretary for the U.S. Department of Education and was the first female president of Skidmore College, and whose accreditation is essential for its students to qualify for federal financial aid, a benefit explicitly denied to those attending institutions lacking such recognition?",Accrediting Council for Continuing Education and Training (ACCET),multi-hop,"The question requires connecting multiple entities and attributes. It asks for an organization in Washington, DC, distinguishable from another regional accrediting agency with detailed CEO information. The answer hinges on knowing the target organization's unique attributes and differentiating it from another entity with specific leadership background. This multi-step reasoning (linking organization roles, locations, and historical data) classifies it as multi-hop."
9300ebd3df,"What is the name of the public art piece at the light rail station in Denver that opened exactly 18 years before two Sounder commuter rail stations in Washington state both began service on the same day, one of which features a sculpture whose original design attracted controversy for being phallic?",The Welcoming Committee,multi-hop,"The question requires multiple steps of reasoning: first identifying the two Sounder stations in Washington and their controversial sculpture, calculating the 18-year gap to find the Denver station's opening date, and then determining the corresponding public art piece. This interconnected chain of facts and time-based comparisons necessitates multi-hop reasoning."
de593769a3,What is the sum of the year Ron Garvin was born and the number of years between Andrew Everett's release from Impact Wrestling and the renaming of the TNA World Tag Team Championship to its original name?,1951,multi-hop,"The question requires retrieving two distinct pieces of information: Ron Garvin's birth year and the number of years between two specific events involving Andrew Everett and TNA. These require separate fact-checking and calculation steps, making it a multi-hop question."
d7543d0c0b,"Identify the German gynecologist who, in the same year that the prominent gynecologist he had been an assistant to passed away, was appointed a full professor of OB/GYN, and for whom the year of his former mentor's death was exactly 18 years after the birth of an experimental pathologist who demonstrated hereditary breast carcinoma in mice.",Max Hofmeier,multi-hop,"The question requires connecting multiple entities and timeframes: identifying the experimental pathologist, determining the mentor's death year based on her birth, then finding the German gynecologist appointed in that year. This involves sequential reasoning across distinct facts."
a64760ebf2,"What was the name of the seven-speed gearbox technology that was Renault's first attempt at a seamless shift system, introduced in the car driven by Giancarlo Fisichella during the 2007 Formula One season, a season where pit stop refueling was still permitted, and this same driver had also competed in 1999 with a car whose engine manufacturer was operating under a ban on turbocharged engines that had been in place since 1989?",Instantaneous GearChange (ICG) gearbox,multi-hop,"The question requires connecting multiple pieces of information: identifying the seven-speed gearbox technology (the main fact), verifying its use in the 2007 season with Fisichella’s car, cross-referencing with the refueling rules, and linking the driver’s 1999 participation under an engine ban since 1989. This multi-step reasoning makes it a multi-hop question."
303a334eb8,"Identify the full name of the Danish film director, screenwriter, and producer whose birth year is exactly 24 years after a Danish singer-songwriter and musician, and whose birth year is 60 years after a Danish film producer.",Nicolas Winding Refn,multi-hop,"The question requires connecting the birth years of three different Danish individuals (singer-songwriter, film producer, and the director) through arithmetic relationships. This multi-step reasoning involves comparing and calculating dates across multiple entities, which qualifies as a multi-hop question."
8663a18541,"What is the name of the filmmaker who produced, directed, shot, and edited a documentary film whose soundtrack composer was a Sundance fellow in the year that is four times as many years after the 1996 Sundance Film Festival where a film won the Cinematography Award, as it is before the 2016 Sundance Film Festival where an editor's work had its USA premiere?",Broderick Fox,multi-hop,"The question requires multiple steps: calculating the specific year based on the 1996 and 2016 Sundance festivals, identifying the Sundance fellow composer for that year, and then determining the filmmaker associated with the documentary. This involves layered reasoning and interconnected facts."
a2dec84062,"Identify the bird genus in the Old World flycatcher family whose introducer made a spelling correction that is not recognized by the International Ornithologists' Union. This genus was introduced 34 years after another genus in the same family was introduced by Johann Matthäus Bechstein, and 18 years before a third genus in the family was introduced by Charles Lucien Bonaparte, a genus named after an English natural history dealer.",Dessonornis,multi-hop,"The question requires multiple steps of reasoning: connecting the bird genus to its introducer's spelling correction, relating it to two other genera introduced by different people with specific time intervals, and factoring in naming conventions. This involves cross-referencing multiple facts and relationships."
ed841cd2df,"What is the city where the funeral was held for the rapper whose commercial debut single reached #82 on the Billboard Hot 100, a position 5 spots lower than a single from a 1989 comedy rap album released by a comedian's alter ego, and also 5 spots lower than a single by another rapper whose album debuted at #2 on the Billboard 200?",Atlanta,multi-hop,"The question requires multiple steps to answer: 1. Identify the rapper whose debut single reached #82 on Hot 100, 2. Confirm two other tracks/artists at #77 as described, 3. Determine which rapper corresponds to the #82 debut, 4. Find the funeral location of that rapper. This requires connecting multiple unrelated entities/positions."
d0c3a1c766,Identify the head coach of the team that achieved a season sweep against the Pittsburgh Steelers during the final year of the Steelers' head coach who had also led them to Super Bowl XXX.,Brian Billick,multi-hop,"The question requires multiple steps: identifying the Steelers' head coach for Super Bowl XXX (Bill Cowher), determining his final year (2006), finding the team that swept the Steelers in 2006 (Indianapolis Colts), and then identifying the Colts' head coach (Tony Dungy)."
8f4f05387c,"What is the name of the composer who scored his first fully animated film soundtrack using unique instrumentation like chromatically tuned glass bottles, whose contemporary also composed a score influenced by a prolific film composer known for scoring films such as 'Tora! Tora! Tora!' and whose work also featured the song ""(Don't Fear) The Reaper"" by Blue Öyster Cult?",Kris Bowers,multi-hop,"The question requires multiple steps of reasoning: identifying the composer using unique instruments, connecting to their contemporary who worked with a specific prolific composer ('Tora! Tora! Tora!'), and verifying the inclusion of a specific song. Each part relies on distinct factual connections, necessitating multi-hop reasoning."
1bfc94c4cc,"Identify the language of the 17th-century poet who famously composed 31 stanzas without using any labial sounds, if the year a translated poetry collection (which was later incorporated into Pondicherry University's M.A. Hindi program) was published is 59 years after the birth year of a poet who refused a state literary award in 2016.",Tamil,multi-hop,"The question requires connecting multiple pieces of information: the 17th-century poet's language, a translated collection published 59 years after another poet's birth year, and the award rejection in 2016. This involves multiple steps of reasoning across different entities and their relationships."
77b349e416,"An Indian non-profit organization, known for its anti-ragging campaigns and whose national coordinator, an IIT-Kanpur alumnus, appeared on an Indian television show anchored by a famous superstar, was formed in October 2005 following a student's death. In a later year, a consultant's report, covered by a Wikipedia publication in January, detailed the failure of a global education program's India pilot. This same Wikipedia publication's October issue of that year also noted the marriage of Wikipedia's co-founder to a former aide of the Prime Minister whose government, in a still earlier year, passed major education legislation that notably banned corporal punishment in all schools. What percentage of student-produced content survived after necessary clean-up in the aforementioned failed India pilot?",21%,multi-hop,"The question requires connecting multiple facts across different sources and time points. It involves identifying an organization, a Wikipedia publication, a government act, and a failed educational program's details. Answering the specific question about the percentage of student-produced content necessitates gathering and linking information from these disparate elements, requiring multiple steps of reasoning."
e6943908c9,"What is the establishment year of the Jain religious minority engineering college in Thane, affiliated with the University of Mumbai, given that another engineering college in Mumbai, catering to a different religious minority and also affiliated with the University of Mumbai, was established 3 years before the Information Technology program was launched at the public technical university that was founded in 1960 and later merged its IT program with Computer Science and Engineering in 2013?",2014,multi-hop,"The question requires multiple steps to determine the establishment year. First, it involves identifying the starting year of the Information Technology program at the public technical university (founded in 1960 and merged in 2013). Then, calculating the establishment year of another college (3 years before the IT program), which subsequently relates to the Jain college in Thane. This chain of dependencies across unrelated entities makes it multi-hop."
4adb736092,"What is the name of the French music duo whose second single, which featured a bilingual French/Portuguese version, was released in the same month as the music video premiere of a New Zealand boy band's song that was filmed on a 70 ft classic schooner, and whose country of origin is different from the American boy band whose music video famously depicted them performing with unbuttoned shirts in the rain?",Flavel & Neto,multi-hop,"The question requires connecting multiple pieces of information: the French duo's single, the New Zealand boy band's music video, and the American boy band's video. Each connection involves different entities and properties, necessitating multi-step reasoning."
fc9dc79183,"What is the name of the flowering plant species, endemic to California, that is known for its five hollow spurred petals, and whose flowers have a sepal count that differs from that of an African shrub genus with four sepals and stamens merged into an androgynophore, and also differs from the sepal count of another African genus whose flowers consistently have three sepals and six white petals?",Aquilegia eximia,multi-hop,"The question requires comparing the sepal count of the California plant to two different African genera (one with four sepals, another with three sepals). It also involves analyzing merged stamens and petal configurations, requiring multiple reasoning steps to connect these distinct properties and identify the plant."
03ea3f5424,"What is the name of the American Thoroughbred racehorse, foaled in 2015, whose owner filed a lawsuit regarding a 2018 Santa Anita Derby win, and whose pedigree has no inbreeding through the first five generations, unlike two British Thoroughbreds that both won The Derby, one in 1827 and the other in 1791, both of which were explicitly noted as being inbred?",Bolt d'Oro,one-hop,"The question asks for a specific entity (the name of an American Thoroughbred racehorse) and includes multiple attributes (foal year, lawsuit, pedigree details) as contextual filters. While the question provides several details, the core task is to retrieve a single direct fact—the horse's name—based on its unique combination of properties. Even though comparisons to British horses are mentioned, they serve as background and do not introduce additional entities requiring multi-step reasoning. The answer hinges on a single entity with specific attributes."
41bb86a302,"What is the city where a Gothic-style market hall is located, whose developing and owning company was founded 88 years before two other Finnish shopping center entities were either founded or completed in the same year, one of which owns 9 urban centers in Finland including Iso Omena, and the other is a shopping mall located in Kuopio?",Vaasa,multi-hop,"The question requires multiple steps of reasoning: connecting the founding year of the developing company to two Finnish entities (one owning Iso Omena and another in Kuopio), then deducing the city of the Gothic-style market hall. This involves cross-referencing multiple entities and their properties."
fdd5aedb84,"What is the sum of the birth years of the two psychologists, one of whom authored a book titled *The Science of Consciousness* and the other developed the Vividness of Visual Imagery Questionnaire, whose research areas include consciousness, and neither of whom are listed as proponents of the anti-nesting principle?",3903,multi-hop,"The question requires identifying two distinct psychologists based on specific works and research areas, verifying their exclusion from a certain principle, and then performing a calculation (sum of birth years). This involves multiple steps of reasoning and connecting information from different sources."
45df403b60,"What is the sum of the birth year of the British poet who authored 'For the Fallen', the year the British soldier-poet who commanded Crusader tanks was killed in Normandy, and the year the American poet known for his dramatic adaptation of Herman Melville's *Billy Budd* was named a fellow of the Academy of American Poets?",5790,multi-hop,"The question requires identifying three distinct poets and their associated years (birth year of a British poet, death year of a soldier-poet, fellow appointment year of an American poet). Each part involves separate entity resolution and fact retrieval, followed by summing the results. This multi-step process with multiple dependencies classifies it as a multi-hop question."
1f610693ef,"How many years after the 13th mayor of the capital of the 'Buckeye State' became its postmaster did the post office of the Tuscarawas County community, whose name is derived from a nearby creek, officially adopt its current single-word name?",52 years,multi-hop,"The question requires multiple steps: identifying the Buckeye State's capital (Ohio's Columbus), determining the 13th mayor's tenure as postmaster, locating the Tuscarawas County community with a creek-derived name, and comparing dates of events. Each step depends on distinct facts and cross-referencing."
18424be387,"What is the maximum weight, in kilograms, of a male of the critically endangered German donkey breed whose breeding program was approved in the same year that marks 36 years after a unique transforming teddy bear series was released in the UK, a series that debuted 103 years after a German seamstress, paralyzed by polio, founded her company?",210,multi-hop,"The question requires multiple steps to determine the year of the breeding program approval: calculating 103 years after the seamstress founded her company, 36 years after the teddy bear series release, and then connecting that year to the donkey's weight. This involves chaining historical events and dates, requiring multi-hop reasoning."
5afc1afb75,"What year is obtained by subtracting the number of years between the National Register of Historic Places listing of the Road Island Diner and the Wickahoney Post Office and Stage Station, from the year the Mountain View Diners Company ceased operations?",1930,multi-hop,"The question requires multiple steps: 1) Find the National Register listing years for two distinct locations (Road Island Diner and Wickahoney Post Office/Stage Station), 2) Calculate the difference between those years, 3) Find the year Mountain View Diners ceased operations, 4) Subtract the calculated difference from that year. These connected operations across multiple entities and calculations necessitate multi-hop reasoning."
36e117317a,"What is the name of the historical site, the tomb of a National Hero of Assam, located near a town in Jorhat district that is traversed by National Highway 37, where the old National Highway 37 (now NH 715) also passes through a town in Golaghat district which is additionally traversed by the old National Highway 39 (now NH 129), and this old National Highway 39 also passes through another town in Golaghat district situated at an elevation of 117 meters above MSL?",Lachit Borphukan's Maidam,multi-hop,"The question requires connecting multiple pieces of information across different locations and highways (NH 37, NH 715, NH 129), along with elevation data and the identification of a historical site and its associated figure. This involves multi-step reasoning and connecting disparate facts."
9060a7d4ee,"Identify the Polish duke whose granddaughter became the Queen consort of Poland and Hungary, who was mentioned by a chronicler known for opposing Louis I of Hungary, and who was also a contemporary of another duke that joined Louis I of Hungary on a military expedition to Bełz.",Kazimierz III of Gniewkowo,multi-hop,"The question requires connecting multiple pieces of information: identifying a Polish duke through his granddaughter's titles, a chronicler's mention, and a contemporary's military expedition involving Louis I of Hungary. Each step depends on linking different entities and events, necessitating multi-hop reasoning."
7ca2b4d365,"Identify the Mannerist painter who maintained a detailed journal of his activities from 1573 until his death, and who was a contemporary of the artist famous for painting both a double-sided portrait of Cosimo I de' Medici's court dwarf and a fresco depicting Moses commissioning Joshua, which was also commissioned by Cosimo I de' Medici.",Paolo Farinati,multi-hop,"The question requires identifying a Mannerist painter who kept a detailed journal and was a contemporary of another artist known for two specific works commissioned by Cosimo I de' Medici. This involves connecting the painter to two distinct pieces of information (the journal and the contemporary artist's works), necessitating multiple steps of reasoning."
5d861fcaeb,"What was the name of the anti-communist organization, whose leader was arrested in October 1987, and was founded in the same country where a school building, visited by Emperor Francis Joseph I in 1880, later became a girls' school as a result of a 1948 educational reform that also made communist ideology central to the national curriculum?",Fighting Solidarity,multi-hop,"The question requires multiple steps: identifying the country through historical events (Emperor Francis Joseph's 1880 visit, 1948 educational reform), then connecting it to the anti-communist organization whose leader was arrested in 1987. This involves cross-referencing temporally and spatially distinct pieces of information."
3cf269f805,"What is the name of the specific concert from the 'Where in the World of Music Is Carmen Sandiego?' series that was performed in 1995 by an orchestra whose name is similar to one that uses an animated conductor's baton in its educational program, and whose debut conductor shares a first name with the first leader of a German orchestra that was absorbed into the Berlin Symphony Orchestra?",The Case of the Missing Concert Hall,multi-hop,"The question requires connecting multiple pieces of information: identifying an orchestra with a name similar to one using an animated conductor's baton, linking its debut conductor's first name to the leader of a German orchestra absorbed into the Berlin Symphony, and then finding the 1995 concert from the Carmen Sandiego series. This multi-step reasoning spans unrelated entities and contexts."
d649cef043,"What is the German term for the criminal justice body, which is attached to the judiciary and whose function is the main subject of a Wikipedia category, that is involved in the delivery of justice to those who have committed crimes?",Staatsanwaltschaft,multi-hop,"The question requires identifying a specific German term for a criminal justice body linked to the judiciary, which is also associated with a Wikipedia category. This involves multiple steps (connecting the body's function, its relation to the judiciary, and cross-referencing with a Wikipedia category), making it a multi-hop query."
8b8ddeb2ab,"Identify the full name of the chess player who won the Spanish Junior Chess Championship under 18 years in the same year that was exactly 12 years after the Spanish Grandmaster who later represented Senegal received his Grandmaster title, and exactly 32 years after the second Spanish player to achieve the Grandmaster title received his title.",Daniel Alsina Leal,multi-hop,The question requires determining the year of the Spanish Junior Chess Championship win by calculating two different time intervals (12 years after a GM received their title and 32 years after another GM's title). This involves connecting multiple events across different timepoints and sources.
c1c8b6d170,"What is the result of adding the publication year of the French graphic novel about a feral girl raised by a bear in the Pyrenees to the year a children's historical novel set in 2nd century AD Rome received a Newbery Honor, and then subtracting the birth year of the real-life individual known for living with wolves in the Sierra Morena?",1986,multi-hop,"The question requires three separate pieces of information: 1) the publication year of a French graphic novel, 2) the year a specific novel received a Newbery Honor, and 3) the birth year of a real-life individual. These are distinct entities requiring separate knowledge lookups. The arithmetic operation (add two, subtract one) necessitates multi-hop reasoning across unrelated facts."
8e1322b5cb,"Identify the German constructivist artist who, in 1999, developed a unique style where depth, volume, and lighting are tangible realities, incorporating back-mounted lights, and whose birth year precedes that of a Polish painter known for his 'ludicrous haiku' multimedia project by nine years, and also precedes that of a German artist who uses an impasto oil painting technique to create 'aerial views of imaginary islands and volcanoes' by twenty-one years.",Hans Dieter Zingraff,multi-hop,"The question requires identifying a German constructivist artist based on multiple conditions: their 1999 style innovation, and birth year relationships with two other artists (Polish painter's 'ludicrous haiku' project and a German artist's impasto oil paintings). This necessitates connecting multiple entities and comparing temporal data across sources."
6e52ee2254,Which band did John Gossard and Sarah Weiner play together in after the band which recorded the song 'Untitled'?,The Gault,multi-hop,The question requires two steps: first identifying the band that recorded 'Untitled' (The National) and then determining the subsequent band John Gossard and Sarah Weiner joined together (Celebration). This involves connecting information from different sources.
644d9ca511,Who is credited with the layout design for the album 'Would We Be Alive?' by the band which recorded the songs 'Stop It' and 'And That's Sad'?,Randy Iwata,multi-hop,The question requires identifying the band from two songs ('Stop It' and 'And That's Sad') and then determining the layout designer for a specific album by that band. This involves two interconnected steps of reasoning.
b00092378c,"What is the name of the record label that released the song ""Rock-a-Doodle-Doo"" by the artist who also recorded ""Sweet to Do Nothing""?",Raft Records,multi-hop,This question requires first identifying the artist who recorded 'Sweet to Do Nothing' and then determining the record label associated with their song 'Rock-a-Doodle-Doo'. Multiple steps of connecting entities (artist → song → record label) are needed.
d3235b248f,What was the name of the street where the record shop that released 'Time Tunnel' and 'The Carpettes' was located in London?,Hoe Street,multi-hop,"The question requires identifying the record shop that released both 'Time Tunnel' and 'The Carpettes' (likely referencing The Who's early work), then determining the street where this shop was located in London. This involves multiple steps of connecting entities (songs → record shop → street name)."
dd8756f0f7,"In which city did the British ice hockey player with the same name as the author of ""Introduction To The Music Of Brahms"" live until his death in 1983?",Birkenhead,multi-hop,"This question requires multiple steps: first identifying the author of the book, then finding a British ice hockey player with the same name, and finally determining the city where he lived until 1983. Each step connects distinct entities and facts, making it a multi-hop question."
8e0643dc5d,"Which film, directed by the screenwriter of ""Four Nights with Anna"" and the producer of ""EO"", features Peter McEnery and Claudia Cardinale in its cast?",The Adventures of Gerard,multi-hop,"The question requires identifying a film through multiple pieces of information: the director's role as screenwriter for 'Four Nights with Anna' and producer for 'EO', and the specific cast members. This necessitates connecting multiple facts from different sources."
ae834bf4e0,In which city was the person born on 1865-06-14 with the name Adriaan Schade van Westrum born?,Amsterdam,one-hop,"The question asks for the birthplace of a specific individual, Adriaan Schade van Westrum, given his name and birthdate. This is a straightforward retrieval of a single fact (birth city) about an entity, requiring no additional steps or connections to other entities."
f2cf7f9b49,Which football club won their first FA Cup title after beating the team with the same name as the artist who recorded the song 'Free the Fighters' in the final?,Leicester City,multi-hop,"The question requires multiple steps: identifying the artist of 'Free the Fighters' (The Fighters band), mapping to the football club named 'The Fighters', and determining which club won their first FA Cup title by defeating this team in the final. This involves connecting entities across music and sports domains."
4e06d4069a,Which band did the composer of the musical works Syncope and Cataract join as their new secondary guitarist and sound manipulator after leaving Sparta?,The Mars Volta,multi-hop,"The question requires two steps: first identifying the composer of 'Syncope' and 'Cataract', then determining which band they joined after leaving Sparta. This involves connecting information across multiple facts."
1021035a6f,Which search engine commemorated the lyricist of 'Jukhi Jukhi Si Nazar' with a Doodle on his one hundred and first birth anniversary?,Google,multi-hop,"The question requires identifying the lyricist of 'Jukhi Jukhi Si Nazar', determining their 101st birth anniversary date, and then finding which search engine commemorated them with a Doodle. This involves multiple steps of disconnected information."
c34737518c,"In which city was the American writer, and author of ""The Hue and Cry at Our House: A Year Remembered"", born and raised?",Fort Worth,multi-hop,"The question requires identifying the author of the book first and then determining their birthplace, which involves two steps of reasoning."
8aa2751544,"What is the nationality of the mother of the person also known as Dwairi, Ahmet, whose height is 2.09 meters?",Turkish,multi-hop,"The question requires identifying the person as Dwairi, Ahmet, finding information about his mother, and determining her nationality. This involves multiple steps of information retrieval."
ed87ec6bce,What was the original name of the band whose album 'Nevaeh' belongs to the Metalcore genre before they changed it to Design the Skyline?,Extra Large Kids,multi-hop,"The question requires two steps: first identifying the band associated with the album 'Nevaeh' in the Metalcore genre, and then determining their original name before adopting 'Design the Skyline'. This involves connecting information across multiple facts."
46394f7350,Which monument in the birthplace of Otto Scheerpeltz was designated a UNESCO World Heritage Site in 2000?,Holy Trinity Column,multi-hop,"The question requires first identifying Otto Scheerpeltz's birthplace and then determining which monument there was designated a UNESCO World Heritage Site in 2000. This involves connecting information between two entities (person/location and monument/status), requiring multiple steps."
072b2df8fb,Which song by Queen did the artist who recorded the track Pusong Bato (Minus One) perform during the finals of Pilipinas Got Talent?,Too Much Love Will Kill You,multi-hop,"The question requires identifying the artist behind 'Pusong Bato (Minus One)', then determining which Queen song that artist performed on Pilipinas Got Talent. This multi-step reasoning (connecting multiple facts) classifies it as multi-hop."
17a0ebc586,Which recording studio in Northeast Minneapolis was used to record the album 'LP III' by the band which recorded the song 'Blue Stars'?,Terrarium Studios,multi-hop,"This question requires multiple steps: identifying the band that recorded 'Blue Stars', finding their album 'LP III', and determining the studio in Northeast Minneapolis used for that album. Each step depends on the previous, making it a multi-hop question."
3744452296,Which country was awarded the island of the same name as the birthplace of Mauricio Llovera by the International Court of Justice in 1992?,Honduras,multi-hop,"The question requires identifying Mauricio Llovera's birthplace, finding an island with the same name, and determining its 1992 ICJ award. This needs multiple steps of connecting information."
dc96fd151a,"Which club did the person with the same name as the artist who recorded 'Eat, Drink and Be Mary' join on loan for the 2010–2011 season?",Gillingham,multi-hop,"The question requires multiple steps: identifying the artist of the song, finding an individual with the same name, and determining their loan club in 2010–2011. This necessitates connecting information across different domains (music, sports)."
bba808b75d,What is the name of the character played by Bourvil in the 1965 French drama film which shares a name with a recording by Wise Guys Octet?,Hector Valentin,multi-hop,"The question requires identifying the film name by connecting it to a musical recording by Wise Guys Octet, then using that film title to determine Bourvil's character. This involves two distinct steps of information retrieval and connection."
28559df247,Which Serbian rugby club was renamed in December 2014 to the same name as the film with the synopsis 'A bicycle-motocrosser tries to enter a corrupt promoter's nationally televised cash-prize race.'?,RK Pobednik,multi-hop,"The question requires two steps: first identifying the film based on the synopsis, then determining which Serbian rugby club was renamed to match that film's name. This involves connecting unrelated pieces of information and multiple sources."
7f4e3c2a18,Which Australian club did the Brazilian former footballer with the same name as the artists who recorded 'Booking Agent Blues' and 'I Can’t Give You Anything but Love / L‐O‐V‐E Medley' sign for in 2006?,Melbourne Victory,multi-hop,"The question requires connecting the names of recording artists of two songs to a Brazilian footballer, then identifying the Australian club they signed with in 2006. This involves multiple steps of information retrieval and linkage."
e335c8a31f,What was the name of the building occupied in 1984 on the Old Kent Road in South London by the band which recorded the track 'Insurrection'?,The Ambulance Station,multi-hop,"The question requires identifying the band that recorded 'Insurrection', then determining the building they occupied in 1984 on Old Kent Road. This involves two distinct hops: finding the band and their historical location."
341c28a127,"Which university did the author of ""Performance-Based Contracting for Roadway Maintenance Operations in Indiana"" serve as a visiting professor of civil engineering at in the fall of 1980?",Massachusetts Institute of Technology,multi-hop,The question requires first identifying the author of the given work and then determining the university where they served as a visiting professor in a specific time period. These are two separate pieces of information needing sequential lookup.
52e5b4d829,"In the Mexican telenovela with the same name as the song created by Luz Casal, what is the name of the town where Alfonso and his wife Aminta lead a hermit life?",Valle de Bravo,multi-hop,The question requires identifying the telenovela/song connection (one hop) and then retrieving the town name from the telenovela's narrative (second hop). This involves multiple steps of cross-referencing information.
4260b3ee9f,Which professional wrestler mentored the person with the same name as the artist who recorded the songs 'Love Business' and 'Someone's Gonna Hurt You' in the art of creative event marketing of pro wrestling?,Pedro Martínez,multi-hop,"The question requires identifying the artist of two songs, finding a person in professional wrestling with the same name, and then determining who mentored that person. This involves multiple steps of connected information."
92812ee158,"Which composer was the life partner of the writer who created music for 'Despite and Still, op. 41' and 'In the Dark Pinewood'?",Gian Carlo Menotti,multi-hop,"The question requires identifying the composer of two specific works and then determining their life partner. This involves two steps: first finding the composer of the mentioned pieces, then finding their life partner. Since it requires connecting information from different sources or steps, it is a multi-hop question."
dbb7842792,Which Montserratian association football club uses the song with the same name as the creative entity created by Felix Cartal as its anthem?,MVO Tremors,multi-hop,"The question requires identifying both the creative entity created by Felix Cartal (which shares a name with a song) and the Montserratian football club that uses that song as its anthem. This involves two distinct pieces of information that must be connected, making it a multi-hop question."
df0d4ce4ff,"In the music video for the song ""To Be or Not to Be (The ... Rap)"", which historical figure does Mel Brooks dress up as?",Adolf Hitler,one-hop,"The question asks for a specific historical figure portrayed by Mel Brooks in a particular music video. It requires a direct factual answer (e.g., Napoleon) without needing intermediate steps or connections."
9a050d2862,"What was the name of the column in the magazine with the same name as the film produced by Glenn Gers that listed individuals who were missing, killed in action, wounded, or who had been awarded medals during the First World War?",Roll of Honour,multi-hop,"The question requires identifying the film by Glenn Gers, linking it to a magazine of the same name, and then determining the specific column in that magazine. This involves multiple steps of connected information."
d408ffa50d,"Which singer is featured on the song of the same name as the recordings by artists SBM Jay and Joey Riot, from the album of the same name by Ida Corr?",Shaggy,multi-hop,"The question requires multiple steps: first identifying the song name (same as recordings by SBM Jay and Joey Riot), then linking it to Ida Corr's album of the same name, and finally determining the featured singer on that specific track. This necessitates connecting disparate pieces of information across different entities."
9a14e0ffc6,"Which instrument does the composer of 'Arise, Her Eyes' play on the album Trio 2000 + One?",electric bass,multi-hop,"The question requires two steps: first identifying the composer of 'Arise, Her Eyes' and then determining which instrument they play on the album 'Trio 2000 + One'. This involves connecting information from different sources, making it a multi-hop question."
606c645563,"Which individual, described as the author of 'Scientific Lives' and 'Brief Lives, Chiefly of Contemporaries; Volume 1.' 's 'most familiar learned acquaintance', was a 17th-century Rector of Pertwood?",Lancelot Morehouse,multi-hop,"The question requires identifying the author of two works ('Scientific Lives' and 'Brief Lives'), determining their 'most familiar learned acquaintance,' and verifying that individual's role as a 17th-century Rector of Pertwood. This involves connecting multiple pieces of information across different domains (authorship, historical relationships, and occupational roles), necessitating multi-step reasoning."
2dfc68c03f,"Which Renaissance composer is the early-music ensemble from the United Kingdom which recorded the tracks 'Estampie on CSM 42' and 'Der Herr ist mit mir, BuxWV 15' named after?",Guillaume Dufay,multi-hop,The question requires identifying the composer from specific track titles ('BuxWV 15' refers to Buxtehude) and connecting that to the name of an early-music ensemble. This involves multiple steps: 1) recognizing 'BuxWV 15' as a Buxtehude composition and 2) inferring the ensemble is named after him. The reasoning connects track metadata to composer identity and then to ensemble nomenclature.
fbb8bb3b0c,"What is the name of the country house where the Welsh industrialist and Liberal politician, also known as 'David Davies Llandinam', died in 1890?",Plas Dinam,one-hop,"The question asks for the name of a specific country house directly associated with the death of a particular individual. If the information is a direct fact (e.g., the house name is directly recorded in historical records), it requires one step to retrieve. No explicit multi-step reasoning/comparison is implied."
7c13b4ef0f,Which organization released a grant in August 2024 to support the restoration project of the place designed by John Shaffer Phipps?,The Preservation League of NYS,multi-hop,"The question requires multiple steps: identifying the restoration project designed by John Shaffer Phipps, then determining the organization that released a grant in August 2024 for this project. This involves connecting information from different sources."
068393e53b,Which record label released the album Greatest Hits: Live & Kickin' by the band which recorded the song 'What’s the Matter With the Mill'?,Arista Records,multi-hop,The question requires two steps: first identifying the band that recorded 'What’s the Matter With the Mill' and then determining the record label of their album 'Greatest Hits: Live & Kickin'.
7fb1da1b61,Which band did the band which recorded the songs 'Erase (Aubade)' and 'Sane' support on tour in North America and Europe after the release of their album Loom?,The Pains of Being Pure At Heart,multi-hop,"The question requires identifying the band that recorded the songs 'Erase (Aubade)' and 'Sane' (Band A), then determining which bands Band A supported on tour after the release of their album *Loom*. This involves multiple steps: linking songs to a band, confirming the album release timeline, and examining tour support details. The reasoning requires connecting disparate pieces of information, making it multi-hop."
23da382ca3,In which Italian city was the concert scene for the film 'I Hate Summer' shot during a concert by the artist who recorded the songs 'Via del Conservatorio' and 'Magia'?,Terlizzi,multi-hop,"The question requires identifying the artist through their songs ('Via del Conservatorio' and 'Magia'), then determining the Italian city where the film's concert scene was shot. This involves two distinct steps: connecting songs to an artist and then mapping the film's filming location to the artist's concert."
feaafc0ff8,"Which team did the Ice Hockey Player Herb Cain coach that won the Ontario championship in 1956, 1958 and 1959?",Newmarket Smokies,multi-hop,"The question requires connecting Herb Cain's coaching role to a specific team's championship wins across multiple years, which involves reasoning across at least two pieces of information."
1c4dd1974f,"In the 1995 film with the same name as the recording by Rezz, which character is described as a dangerous asthmatic psychopath?",Little Junior Brown,multi-hop,"The question requires first identifying the 1995 film whose name matches a Rezz recording (which involves connecting music/film titles), then determining which character in that film is described as a dangerous asthmatic psychopath. This two-step reasoning (cross-domain connection + character property) classifies it as multi-hop."
0f3183a742,What is the name of the road that connects the entity with the same name as the release with the track 'Bloody Knees' to the unincorporated community of Clfitondale?,Stonewall Tell Road,multi-hop,"The question requires multiple steps: identifying the release name from the track 'Bloody Knees', finding the entity with that name, locating Clfitondale, and determining the connecting road. This involves connecting information across different contexts."
ba0adc6645,"In the 1946 British musical film with the same name as songs recorded by Zach Lemmon and Manwell Reyes, which singer performed the song 'Honeysuckle Rose'?",Jill Allen,multi-hop,"The question requires connecting the 1946 British musical film with the same name as songs by Zach Lemmon/Manwell Reyes to the performer of 'Honeysuckle Rose', involving multiple steps of cross-referencing films, songs, and artists. This necessitates multi-hop reasoning."
bc8b8332f3,"In which country was the greatest hits album, S.E.S. Best, released in 2002 by the musical group that recorded the songs 'Let It Snow' and 'Dejavu'?",Japan,multi-hop,"The question requires identifying the musical group that recorded 'Let It Snow' and 'Dejavu', then determining the country where their 2002 album 'S.E.S. Best' was released. This involves two steps: connecting the songs to the group and finding the album's release location."
99c3a6f557,What is the name of the casino where Cassie Black's failed theft took place in the crime fiction novel?,Cleopatra,multi-hop,"The question requires two steps: identifying the specific crime fiction novel featuring Cassie Black and her failed theft, then determining the casino's name from that narrative. This involves connecting information across contexts (character, plot event, and setting), making it multi-hop."
1a63144fa0,What is the name of the art director who designed the sets for the 1943 Swedish film with the same name as a creative entity written by Jon Schaffer?,Bibi Lindström,multi-hop,"The question requires identifying Jon Schaffer's creative entity, matching it to a 1943 Swedish film with the same name, and then finding the art director of that film. This involves multiple steps of cross-referencing and connecting information from different sources."
7fef3503d5,What is the title of the song released as a single in 2004 from the album Attimo x attimo by the artist who recorded the tracks 'Se' and 'Qualcosa di te'?,L'amore piu grande che c'è,multi-hop,"The question requires first identifying the artist based on the tracks 'Se' and 'Qualcosa di te', then finding the 2004 single from the album 'Attimo x attimo' by that artist. This involves multiple steps of reasoning/mapping between entities and properties, making it multi-hop."
43105d6f3d,In which city was the person born in Nakhon Pathom and named Nicholas Bunkerd Kitbamrung ordained to the priesthood on 24 January 1926?,Bangkok,multi-hop,"The question requires connecting multiple pieces of information: the person's birthplace (Nakhon Pathom), name (Nicholas Bunkerd Kitbamrung), ordination date (24 Jan 1926), and determining the city of ordination. This involves multi-step reasoning."
9bedd51b29,Which Pakistani president awarded the singer of 'Duniya Ki Jo Baatain Hain' and 'Apni Shadi Ka Sehra' the Sitara-e-Imtiaz for distinguished merit in the field of arts?,Pervez Musharraf,multi-hop,"The question requires identifying the singer from the songs, then determining which award they received, and finally connecting that award to the President of Pakistan who presented it. This involves multiple steps of reasoning and connections between different pieces of information."
a1e656858a,In which cemetery was the American industrialist and philanthropist who had Marian Cushing Eliot as a child buried?,Bellefontaine Cemetery,multi-hop,"The question requires two steps: first identifying the industrialist through their child's name and then determining their burial place, which involves connecting information from different sources."
f1f2c56594,At which American university did the guitarist who recorded the track Chakmool-Ti study arranging and composition?,Florida Atlantic University,multi-hop,"The question requires two steps: first, identifying the guitarist who recorded 'Chakmool-Ti,' and second, determining the American university where they studied arranging and composition. This requires connecting multiple pieces of information, making it a multi-hop question."
1f4934b4eb,What is the name of the documentary that was created about the political protest of the person named Bill Breeden?,The Times of a Sign,multi-hop,"The question requires identifying Bill Breeden, determining his political protest, and then finding the associated documentary, which needs sequential information retrieval from multiple sources."
59eec23900,Which British satellite channel began broadcasting the television show of the musical group which recorded the track 'My Picture of the World' in April 2013?,Nick Jr.,multi-hop,"The question requires multiple steps: identifying the musical group that recorded 'My Picture of the World' (Snow Patrol), determining their associated TV show, and finding the British satellite channel that began broadcasting it. Each step depends on prior information, making it multi-hop."
0988f5d47f,Which Parisian theatre hosted the premiere of the opéra comique which was first performed on 1879-12-13?,Théâtre des Folies-Dramatiques,multi-hop,"The question requires identifying the Parisian theatre that hosted the premiere of a specific opéra comique first performed on 1879-12-13. This involves two steps: first determining the name of the opera (from the date and type) and then finding which theatre hosted its premiere. This multi-step reasoning connects entities (opera, theatre) and dates, making it 'multi-hop'."
b1316180a0,"Which organization's steering committee was the author of the books ""Policy Options in Lebanon: January 11, 1984"" and ""Negotiations, the path to peace in the Middle East"" a former member of?",Bilderberg Group,multi-hop,The question requires first identifying the author of the two books and then determining which organization's steering committee they were affiliated with. This involves two distinct steps of information retrieval.
f8713d318f,"In which county of New York did the person with the same name as the author of the book ""The Whilton Dispute, 1264-1380: A Social-Legal Study of Dispute Settlement in Medieval England"" buy land for his vineyard in 1983?",Suffolk County,multi-hop,"The question requires multiple steps: identifying the book's author, determining the person with the same name, and then finding the specific New York county where land was bought in 1983. Each step depends on prior information and connects distinct data sources."
e0771d9463,Which character is portrayed by Staffan Göthe in the Swedish TV program directed by Jonas Grimås?,The Wanderer,multi-hop,The question requires identifying the TV program directed by Jonas Grimås and then determining which character Staffan Göthe portrays in that program. This involves two distinct steps of information retrieval and connection.
203628a973,What is the name of the art venue where the record producer which recorded the tracks '555Hz' and 'Honeycomb' created a site-specific composition during his residency in 2012?,Wysing Arts Centre,multi-hop,"The question requires identifying the record producer from two tracks ('555Hz' and 'Honeycomb'), then determining the art venue linked to their 2012 residency where a site-specific composition was created. This involves multiple steps of connecting entities (tracks → producer → venue) and specific contextual details."
9e658481f9,"In the Canadian Drama film first released in May 1996, what is the name of the character portrayed by Richard Moffatt?",René,multi-hop,"The question requires identifying the specific Canadian drama film released in May 1996 featuring Richard Moffatt and then determining the character he played. This involves multiple steps (finding the film and then the character), making it multi-hop."
9b8cdfab46,"On which British television breakfast show did the artist who recorded the tracks ""Lament"" and ""Well Almost"" appear as a guest on 16 May 2014?",This Morning,multi-hop,"The question requires identifying the artist from their tracks ('Lament' and 'Well Almost'), then determining which British TV breakfast show they appeared on on 16 May 2014. This involves two connected steps of reasoning."
272ccafa56,In which church did the author of Footprints of the Apostles as Traced by Saint Luke in the Acts marry Margret Emma Thompson?,Childwall Church,multi-hop,"The question requires two steps: first, identifying the author of the book 'Footprints of the Apostles as Traced by Saint Luke in the Acts,' and second, determining the specific church where this author married Margret Emma Thompson. This multi-stage reasoning makes it a multi-hop question."
2f8d25fd3b,"Which European country has an embassy in the birthplace of Carlos Gabriel and consulates in Belém, Belo Horizonte, Curitiba, Fortaleza, Manaus, Natal, Porto Alegre, Recife, Salvador, Rio de Janeiro, Santos, São Paulo and Vila Velha?",the Netherlands,multi-hop,"The question requires multiple steps: first identifying Carlos Gabriel's birthplace, then finding a European country with an embassy there and consulates in listed cities. This involves connecting distinct pieces of information."
d373fcb1a7,From which Ottoman emperor does the name of the district in Istanbul with a TV program of the same name directed by Faruk Teber come from?,Fatih Sultan Mehmed,multi-hop,"The question requires connecting the TV program directed by Faruk Teber to its district name in Istanbul, then linking that name to an Ottoman emperor. This involves multiple reasoning steps (e.g., identifying the program/district name, tracing its origin), making it multi-hop."
64a0e26f8d,"What type of baked good is named after the English surgeon and author of ""Lectures on the Theory and Practice of Surgery""?",Abernethy biscuit,multi-hop,The question requires two steps: identifying the English surgeon/author (John Harvey Kellogg) and connecting his name to the baked good (Kellogg's Spotted Dick/Steamed Chocolate Pudding). This necessitates linking two distinct pieces of information.
a9ba095da1,"What is the name of the program established in 1983 by the leaders of the same name as the birthplace of Jean Bell Thomas and Ashley York to keep its ""best and brightest"" interested in furthering education in the Commonwealth?",Kentucky Governor's Scholars Program,multi-hop,"The question requires identifying the birthplace of Jean Bell Thomas and Ashley York, connecting it to the leaders of a similarly named place, and finding a program established by them in 1983. This multi-step reasoning involves connecting multiple pieces of information."
a8f76821da,"In Greek mythology, what is the most commonly mentioned role of the entity with the same name as a moon of Jupiter that has named locations such as Gaea?",nurse of the infant Zeus,multi-hop,"The question requires identifying a moon of Jupiter named after a Greek mythological entity and then determining the role of that entity. This involves two steps: connecting the moon's name to the mythology entity and then retrieving its role, making it a multi-hop question."
f9db660d60,Which motorcycle model did the manufacturer of the same name as the recording by Big Big Train submit for evaluation against the War Office's Norton 16H at the outbreak of the Second World War?,1939 VA 497 cc overhead valve single,multi-hop,"The question requires two steps: first identifying the manufacturer (Nash) based on the recording name by Big Big Train, then determining the motorcycle model submitted during WWII. This involves connecting a music reference to a historical manufacturer and their product evaluation against another model. The multiple steps and cross-referencing make it multi-hop."
fbf80ad877,"In the election event which includes the '2024 France National Assembly election round 1 - Gers's 1st' and the '2024 France National Assembly election round 2 - Val-d'Oise's 8th', what date was the first round of voting held?",30 June 2024,one-hop,"The question asks for the date of the first round of voting in specific election events. While it mentions two events, the first round's date is determined by a single, standardized national election schedule. The answer requires knowing a single factual date, making it a 'one-hop' question."
6c1e972542,What is the name of the French rock group that recorded the songs 'Sorcière' and 'Everybody's Got to Learn Sometimes'?,A.S. Dragon,multi-hop,"The question asks for the French rock group associated with two specific songs. While the answer is a single entity (the group), it requires verifying information about two distinct songs and their connection to the same group, thus involving multiple logical steps."
466b96ce17,What was the name of the committee of inquiry that reported in 1883 on the effects of the land legislation in the place where Christopher David Lee and Kirsty Hinchcliffe were born?,Morris and Ranken committee,multi-hop,The question requires multiple steps: identifying the birthplace of two individuals and then finding the 1883 committee related to land legislation in that location. This involves connecting separate pieces of information.
33cd3f7863,"In which city did the editor of the book ""Sexual Behavior: Pharmacology and Biochemistry"" serve in the Royal Army Medical Corps during his National Service?",Shoreham-by-Sea,multi-hop,"The question requires first identifying the editor of the book 'Sexual Behavior: Pharmacology and Biochemistry' and then determining the city where they served in the Royal Army Medical Corps during National Service. This involves two distinct steps of information retrieval, making it a multi-hop question."
d5d841aca2,Which Italian poet was criticized by the author of 'Contre la elevision' and the screenwriter for 'The Canterbury Tales' for being an old writer and unable to possess poetic character?,Pietro Zorutti,multi-hop,"The question requires identifying two distinct individuals (author of 'Contre la Television' and screenwriter for 'The Canterbury Tales'), connecting their criticism to an Italian poet, and resolving overlapping information. This involves multiple steps of reasoning and cross-referencing, making it a multi-hop question."
751e31f86e,Which city gave the keys to its gates to the birthplace of Tommaso Temanza and Antonio Maria Priuli in 1414 to avoid a war?,Vicenza,multi-hop,"The question requires multiple steps of reasoning: 1) Identifying the city associated with the historical event, 2) Connecting it to the birthplace of Tommaso Temanza and Antonio Maria Priuli, 3) Verifying the year (1414) and the action (giving keys to gates) as a war-avoidance gesture. These interconnected elements necessitate multi-hop logic."
ddd021c46c,In which territory of the country whose organizational scope includes Tennis Australia was a general election held on 18 June 2005?,Northern Territory,multi-hop,"The question requires two steps: first identifying the country (Australia) through the reference to Tennis Australia, and then determining which of Australia's territories held a general election on 18 June 2005. This multi-step reasoning and connection between entities (organization → country → territory → election) classifies it as multi-hop."
e9170445d4,Which university is Professor Joseph Coupland affiliated with in the film with the same name as the recording by Turin Brakes?,Oxford University,multi-hop,"The question requires two steps of reasoning: first identifying the film with the same name as Turin Brakes' recording, and then determining Professor Joseph Coupland's affiliated university in that film. This involves connecting distinct pieces of information from different sources."
c6d447ec11,What was the call sign of the United States Air Force B-52F-70-BW Stratofortress bomber that crashed near the California city which is also the name of a recording by Russ Tolman on 14 March 1961?,Doe 11,multi-hop,"The question requires multiple steps: first identifying the California city via Russ Tolman's 1961 recording, then finding the call sign of a specific crashed bomber linked to that city. This necessitates connecting two distinct facts and a date, making it multi-hop."
31a86c31fa,What was the name of the magazine where the musician who recorded the song 'Symphony no.2: I. Tachycardie' worked as an editor after being a conductor at the Bucharest National Theatre?,Muzica,multi-hop,"The question requires multiple steps: identifying the musician from the song, confirming their role as a conductor at the Bucharest National Theatre, and then determining the magazine where they worked as an editor afterward. Each step depends on prior information, making it multi-hop."
0deb3c2c71,"According to Rick Nelson, what was the original title that was considered for the album with the same name as a film classified as a 'Financial Troubles film' before it was shelved?",It's Rock and Roll to Me,multi-hop,"The question requires identifying a film classified as 'Financial Troubles', connecting it to an album with the same name by Rick Nelson, and determining the original title considered before shelving. This involves multiple linked steps."
4878f92b19,What is the name of the culture to which the Middle Neolithic enclosures of the type associated with the birthplace of Henri-Charles-Etienne Dujardin-Beaumetz are ascribed?,Cerny culture,multi-hop,"The question requires identifying the birthplace of Henri-Charles-Etienne Dujardin-Beaumetz, linking it to the specific type of Middle Neolithic enclosures in that region, and then determining the associated culture. This involves multiple steps of contextual and geographic reasoning."
24050a6724,"According to Berber customs, what status did the mother of Idris II maintain throughout her life?",matriarch,multi-hop,"The question requires understanding both Berber customs and the specific historical context of Idris II's mother. It involves connecting information about cultural traditions with a historical figure's lineage, necessitating multiple steps of reasoning."
ccb1864a57,"What is the name of the record label that released the song ""Miss You"" by the artist who recorded ""Nothing Really Matters (piano version)"" and ""One of Those Days""?",Never Fade Records,multi-hop,"The question requires identifying the artist through two specific songs first, then determining the record label for another song by that artist. This involves multiple steps of connecting information from different sources."
540274b013,Which company was the first customer for a computer book of the company with the same name as the director of the film 'Hesitant with Love'?,Addison Wesley,multi-hop,"The question requires first identifying the director of the film 'Hesitant with Love', then using that director's name (e.g., 'John Doe') as the company name, and finally finding the first customer of that company's computer book. This involves multiple steps."
dd6895ee90,Which record label did the Dutch thrash metal band that recorded the album 'Haatland' sign with in the beginning of 2008 for the album 'Depression Tank'?,Displeased Records,multi-hop,"The question requires identifying the Dutch thrash metal band associated with 'Haatland' (Step 1) and then determining their record label for 'Depression Tank' in 2008 (Step 2). These steps involve connecting two separate pieces of information, requiring multi-hop reasoning."
0d1313bfa4,"What is the name of the tribe whose myths were retrieved and edited for publication by the author of the book ""Family Hunting Territories in Northwestern North America: Indian Notes and Monographs, No. 46""?",Koreng tribe,multi-hop,"The question requires first identifying the author of the specified book and then determining the tribe associated with their work on myths. This involves two distinct steps of information retrieval, making it a multi-hop question."
35d8b21e7c,Which record label released the album Pro Patria Finlandia by the band which recorded the songs 'The Day of Reckoning' and 'Goat Seeds of Doom' in 2006?,Osmose Productions,multi-hop,The question requires identifying the band from two songs (first hop) and then determining the record label of a specific album by that band (second hop). This involves multiple steps of connected information.
301e04b180,What is the name of the person after whom the stadium in the birthplace of John Orobulu was named?,Eric Lawson,multi-hop,"The question requires three steps: 1) Finding John Orobulu's birthplace, 2) Identifying the stadium in that location, and 3) Determining the person the stadium was named after. Each step depends on prior information, necessitating multi-hop reasoning."
96469a0424,"In which city was the mother of Miles Jebb, a political hostess, born?",Newcastle upon Tyne,multi-hop,"The question requires identifying Miles Jebb, determining his mother's identity, and then finding her birthplace. This involves multiple steps of reasoning and connecting information, making it a multi-hop question."
7e6ba78ad1,What is the name of the record label that released the extended play Giza by the recording artist of the same name as the musical writer of the work 'Gatekeeper'?,Merok,multi-hop,"The question requires multiple steps: identifying the musical writer of 'Gatekeeper', finding the artist with the same name, locating the EP 'Giza' by this artist, and then determining the record label. Each step depends on prior information, necessitating multi-hop reasoning."
51173bedd9,What was added to the coat of arms of the birthplace of Antonio Lara Zárate after the victory over the English in 1706?,a second lion head,multi-hop,"The question requires identifying the birthplace of Antonio Lara Zárate, connecting it to the historical event (1706 English victory), and determining the specific addition to its coat of arms. This involves multiple reasoning steps and linking disparate pieces of information."
b81ac02920,"What was the role of the author of the book ""The Egyptian Labor Market in an Era of Reform"" at the Population Council's regional office in Cairo from 2005 to 2008?",Regional director for West Asia and North Africa,multi-hop,"The question requires identifying the author of the book first, then determining their role at a specific organization, location, and timeframe. Multiple steps are needed to connect the author's work to their professional position."
31378fe5a1,Which international commission is responsible for the protection of the river with the same name as a recording by The Jaffa Kid and its basin?,International Commission for the Protection of the Rhine,multi-hop,"The question requires identifying a river whose name matches a recording by The Jaffa Kid, then determining the international commission responsible for its protection. This involves multiple steps (linking the recording to the river name and then to the commission) and connecting information from different domains (music and international agreements)."
377696ccf9,Which fictional Japanese ice hockey forward was drafted in the 1974 National Hockey League amateur draft by the sports team whose abbreviation is BUF?,Taro Tsujimoto,multi-hop,"The question requires multiple steps: identifying the team 'BUF' (Buffalo Sabres), finding the 1974 NHL draft pick by BUF, and confirming if that player is fictional. Since it involves connecting abbreviations, historical draft data, and fictional context, it is a multi-hop question."
db7135a095,What was the original name of the station in the same place as the Atlantic City Conference that was later demolished in 1997 and became the Atlantic City Municipal Bus Terminal?,Atlantic City Union Station,multi-hop,"The question requires identifying the original name of a station linked to the Atlantic City Conference, its demolition in 1997, and its replacement by the bus terminal. This involves multiple connections: locating the conference venue, identifying the original station name, verifying the demolition, and confirming its successor’s name. Each step depends on distinct pieces of information."
2cd45fc844,Which Austrian record label signed the band which recorded the song 'The Invocation Pt. III “abyzou”' and plays in the Melodic death metal genre on 12 August 2021?,Napalm Records,multi-hop,"The question requires multiple steps: identifying the band that recorded the song, confirming their genre and activity date, and determining the Austrian label that signed them. This necessitates connecting information across different domains."
5586c46f65,"Which song by Nirvana is parodied by ""Weird Al"" Yankovic in the song composed by Krist Novoselic?",Smells Like Teen Spirit,multi-hop,"The question requires multiple steps: first identifying the song composed by Krist Novoselic (a Nirvana member), then determining which of 'Weird Al' Yankovic's parodies is based on that specific Nirvana song. This involves connecting entities (Novoselic -> specific Nirvana song -> 'Weird Al' parody)."
ea7ce8d782,In which city did conservationists meet in 1941 to address environmental damage in the region where Andrew Pyper and John F. Bassett were born?,Guelph,multi-hop,"The question requires two steps: first identifying the birthplace region of Andrew Pyper and John F. Bassett, then determining the city in that region where a 1941 conservation meeting occurred. Multiple connected facts are needed."
1ab8c7fe46,Which composer dedicated their Fourth Piano Sonata to the Irish pianist with the same name as the author of the book 'The Surgeon General's Office'?,Sir Arnold Bax,multi-hop,"The question requires identifying the author of the book, mapping that name to an Irish pianist, and then finding the composer who dedicated their sonata to that pianist. These multiple steps of linked information make it a multi-hop question."
e9bfd410fc,"What was the name of the hurricane that struck the place where Andrea Beatriz Arango was born on August 8, 1899, causing significant damage and loss of life?",Hurricane San Ciriaco,multi-hop,"The question requires multiple steps: first determining Andrea Beatriz Arango's birthplace, then identifying the specific hurricane that struck that location on August 8, 1899, and confirming it caused significant damage and loss of life. Each step involves distinct factual queries, making it multi-hop."
f38947724b,"According to the provided text, from which religious tradition did the artist who recorded the songs ""Buck Creek Girls"" and ""Soldier's Joy"" learn the song ""Heaven's Airplane""?",Holiness tradition,multi-hop,"The question requires identifying the religious tradition from which an artist learned a specific song. To answer this, one must first determine the artist based on their recorded songs ('Buck Creek Girls' and 'Soldier's Joy'), and then trace the origin of 'Heaven's Airplane' to its religious tradition. This involves connecting information about the artist and the song's origin, requiring multiple steps of reasoning."
688dff37f5,What is the name of the port city where the disciple of Jesus with the same name as the recording artist of 'Does Dim Mwy O Win' lived?,Joppa,multi-hop,"The question requires identifying the disciple whose name matches the recording artist, then determining the port city associated with that disciple. This involves multiple steps (e.g., linking the song's artist to 'Peter', connecting Peter to the disciple, and finding the port city), making it a multi-hop query."
372d61d4b9,"What instrument did Lee Graziano play in the band which recorded the song 'I’m Gonna Make You Mine' and 'Lipstick Traces', in addition to drums and backing vocals?",trumpet,multi-hop,"The question requires identifying the band that recorded the two specified songs, then determining the instrument played by Lee Graziano in that band beyond drums and backing vocals. This involves multiple steps of connecting information (songs to band, band to member's role)."
ce3f028977,"According to the provided text, what is the name of the town on the southeastern point of the island where Sayumi Shibukawa and Taro Kondo were born and where the Hidaka Expressway is planned to be extended?",Urakawa,multi-hop,"The question requires combining multiple pieces of information from the text: 1) the location of the town (southeastern point of the island), 2) the town being the birthplace of two individuals (Sayumi Shibukawa and Taro Kondo), and 3) the Hidaka Expressway's planned extension. Answering this needs connecting these distinct facts, making it a multi-hop question."
73b0847846,"Which light rail station serves the shopping center also known as ""Dream Mall"" in Kaohsiung, Taiwan?",Dream Mall light rail station,multi-hop,The question requires two steps: first identifying the actual name of 'Dream Mall' in Kaohsiung and then determining which light rail station serves it. This involves connecting information from different sources (shopping center name mapping and transit data).
c7d3f05757,"What is the name of the independent film company founded in the 1930s by the producer of ""What It Means To Be An American""?",Frith Films,multi-hop,"The question requires two steps: identifying the producer of ""What It Means To Be An American"" and then determining the independent film company they founded in the 1930s. Connecting these two pieces of information necessitates multi-hop reasoning."
9e0d5ad289,"In the novel with the same name as a book edition with ISBN 9780385308465, which city in Italy does Harry Arno want to retire to?",Rapallo,multi-hop,"The question requires first identifying the book title from the ISBN (one hop), then determining the retirement city of a character named Harry Arno within that novel (another hop). This involves two steps of reasoning."
6829848c5f,In which city did the person who recorded the song 'Whos Afraid Of The Big Bad Wolf' die of a cerebral hemorrhage in 1970?,Metamora,multi-hop,"The question requires identifying the person who recorded the song 'Who's Afraid Of The Big Bad Wolf' and then determining the city of their death in 1970. This involves two steps of reasoning: first, identifying the correct individual (which may require resolving ambiguity, as multiple artists have recorded the song), and second, finding the location of their death. Hence, it is a multi-hop question."
48de7ed6ee,Which band member of the band which recorded the song 'A Meditation upon Death' took over frontman duties in November 2015?,Johan Reinholdz,multi-hop,"The question requires first identifying the band that recorded 'A Meditation upon Death', then determining which member took over frontman duties in November 2015. Two distinct information steps are needed."
86d923cd30,What is the shape of the median apophysis in the pedipalp of male spiders belonging to the genus with the same name as a 1974 music album and a recording by Sayed Balaha?,C-shaped,multi-hop,"The question requires three steps: identifying the 1974 album/recording by Sayed Balaha, determining the spider genus with that name, and describing the median apophysis structure. This involves connecting across music, taxonomy, and arachnology domains."
e061aa4e99,"Which record label released the debut studio album, Dreamers, by the band which recorded the track Mockingbird?",BEC Recordings,multi-hop,The question requires two steps: first identifying the band that recorded 'Mockingbird' and then determining the record label of their album 'Dreamers'. This involves connecting information from different sources.
a720cdf184,What is the name of the abandoned location where the children in the film with the same name as a creative entity written by Jo Swerling play army?,lumberyard,multi-hop,"The question requires multiple steps: 1) Identifying the creative entity written by Jo Swerling (play ""Our Town""), 2) Connecting it to a film with the same name, and 3) Determining the abandoned location (Grover's Corners) where children play army in the story. This multi-step reasoning makes it a multi-hop question."
5f2c08b644,"What is the name of the department store where Norman, a stock clerk, works in the 1953 British comedy film with the same name as a release with the track 'Stop Digging That Hole'?",Burridge's department store,multi-hop,"The question requires identifying the 1953 British comedy film linked to the track 'Stop Digging That Hole', then retrieving the department store name from that film. This involves multiple steps of reasoning across connected data points, making it a multi-hop question."
afbedce586,Which zoologist introduced the genus which includes organisms with the lower classification Greater flameback in 1843?,Edward Blyth,multi-hop,"The question requires two steps: first identifying the genus of the 'Greater flameback' (a species), and then determining the zoologist who introduced that genus in 1843. This involves connecting a taxonomic classification to a historical scientific act."
c0397193a7,"What was the name of the bus operator that was immediately renamed as the name of the record label which released 'MTV Fresh, Volume 4' and 'Now the Music: Power Ballads' after being privatized?",Rodoviária do Algarve,multi-hop,"The question requires multiple steps: first identifying the record labels for the two mentioned albums, then determining the bus operator that was renamed after privatization to match that label's name. This involves connecting information across different domains (music labels and bus operations), necessitating multi-hop reasoning."
b84bfd1a45,"What is the name of the family farm owned by the deceased person Pros Mund, whose national affiliation is Norway, in Eidanger?",Bjerkevold,multi-hop,"The question requires connecting multiple pieces of information (deceased person's name, their national affiliation, and location) to determine the name of the family farm. This involves multiple steps of reasoning and connecting different attributes."
28256b8d8b,What is the registered name of the ProRodeo Hall of Fame barrel racing horse with the same nickname as a music album by Lida Husik and a film directed by Ron Weisberg?,French Flash Hawk,multi-hop,"The question requires connecting three distinct pieces of information: the album by Lida Husik, the film by Ron Weisberg, and the horse's nickname/registered name. This multi-step reasoning involves cross-referencing entities across different domains, which exceeds a single-hop query."
ed16eb795e,Which naval air station did the author of the book 'On Glorious Wings: The Best Flying Stories of the Century' attend to train in the A-6 Intruder?,Naval Air Station Whidbey Island,multi-hop,"The question requires first identifying the book's author and then determining which naval air station that author attended for A-6 Intruder training. This involves two distinct pieces of information connected sequentially, necessitating multiple steps of reasoning."
b1ceb49ed9,What is the name of the treaty that effectively made the birthplace of Kunzang Dechen Wangyal a de facto protectorate of British India in 1861?,Treaty of Tumlong,multi-hop,"The question requires connecting multiple pieces of information: first identifying the birthplace of Kunzang Dechen Wangyal, then determining the relevant treaty from 1861 that established it as a British India protectorate. This involves multi-step reasoning"
74647f92d7,What was the name of the music venue co-founded in the northwest suburbs of Chicago in 1974 by the same person who creatively produced 'If Only I’d Known It'?,B'Ginnings,multi-hop,"The question requires first identifying the person who produced 'If Only I’d Known It' and then determining the music venue they co-founded in Chicago in 1974. This involves two distinct steps of inference, making it a multi-hop question."
3c85598b22,What type of political system did the Constituent Assembly transform the country where Vannara Be was born into in 1993?,constitutional monarchy,multi-hop,"The question requires first identifying the country where Vannara Be was born and then determining the political system established by its 1993 Constituent Assembly. This involves two distinct steps of information retrieval and linking, making it multi-hop."
961eeeb328,What is the title of the 2014 album by the artist who recorded the track 'Offering' and the song 'Madison Avenue'?,Nothing New,multi-hop,"The question requires identifying the artist who recorded both 'Offering' and 'Madison Avenue', then determining their 2014 album. This involves two steps (linking tracks to the artist and then finding an album) and thus requires multi-hop reasoning."
fa61c1d9a3,Which company launched the PC Checkup program in October 2008?,Symantec,one-hop,"The question asks for the company that launched the PC Checkup program in October 2008, which requires a single direct fact lookup. It does not involve multiple steps or connections."
db5f76efe7,"In the opera with the same name as the recordings by artists Zoltar and Ohmns, which city is the setting for the action?",Grenoble,multi-hop,"The question requires determining the opera's name through the artists Zoltar and Ohmns' recordings and then identifying the city setting of that opera. Two steps are needed: first resolving the opera's name, then its setting."
3ce970b302,What is the name of the American textbook company founded by Aaron White?,Boundless (company),one-hop,The question asks for a direct fact: the name of the company founded by Aaron White. No multiple steps or connections between entities are required.
6aca503577,In which Finnish town was a street named Valtaojankatu in honor of the astronomer?,Kemi,one-hop,"The question requires identifying the Finnish town with a street named 'Valtaojankatu' in honor of an astronomer. This is a direct factual lookup (the street name directly corresponds to a specific town), without needing intermediate reasoning steps like connecting multiple entities or comparing data. Thus, it is a one-hop question."
8e39c9a549,Which Australian cinematographer won the Golden Tripod award in 2004 for their work on the television miniseries with the same name as an artwork by George Frederic Watts?,Geoff Burton,multi-hop,"The question requires connecting multiple pieces of information: the Golden Tripod award winner, the miniseries name linked to an artwork by George Frederic Watts, and the cinematographer's identity. This involves multiple steps of reasoning."
d0b8e96953,With which city did the Swedish garrison at the birthplace of Per Lasson send a message to after seeing the Dano-Dutch fleet?,Malmö,multi-hop,The question requires identifying the birthplace of Per Lasson (first hop) and then determining the city to which the Swedish garrison sent a message after observing the Dano-Dutch fleet (second hop). This involves connecting two pieces of information.
00d0fe0f52,What was the name of the college where the author Alexander Johnston who worked as editor of American Orations: Colonialism. Constitutional government. The rise of democracy. The rise of nationality taught jurisprudence and political economy from 1884 until his death in 1889?,College of New Jersey,one-hop,"The question seeks a single specific piece of information: the name of the college where Alexander Johnston taught. Although the question provides context about his works and tenure, the core request is for a direct entity (college name), which can be answered with a single fact."
d3dedd9b0f,"Which opera company performed the work with a track list including 'X, The Life and Times of Malcolm X: Act I, Scene 2, Boston, “Come with me, child.”' in June 2006?",Oakland Opera Theater,multi-hop,"The question requires identifying the opera company that performed a specific track in June 2006. This involves multiple steps: first determining the opera/work associated with the track 'X, The Life and Times of Malcolm X,' then identifying the company that staged it during that time. It necessitates connecting contextual clues and historical performance data."
2425ba6a9b,What is the name of the German record label that released the debut album of the musical duo which recorded the song 'Burnt Away' and whose release has a track list including 'Certain Abstractions'?,Morr Music,multi-hop,"The question requires identifying the musical duo through their song titles ('Burnt Away' and 'Certain Abstractions'), determining their debut album, and then finding the German record label associated with its release. This involves multiple steps of connecting entities, making it a multi-hop question."
892eff4a9f,Which driver secured the pole position for the 2019 Auto racing event called the North Carolina Education Lottery 200 race?,Matt Crafton,one-hop,"The question asks for a single direct fact about a specific event in 2019, requiring knowledge of the pole position driver without needing additional steps or connections."
d7811d7700,"What was the name of the technical institute where the British set decorator, art director, and production designer who worked as an art director for the film The Spy Who Loved Me was educated?",High Wycombe Technical Institute,multi-hop,"The question requires first identifying the art director of 'The Spy Who Loved Me', then determining their educational background. Two distinct pieces of information must be connected."
776c4d74eb,"What is the title of the Turkish folk song that the recording by The Spotnicks, ""Uska Dara"", is based on?",Kâtibim,multi-hop,"The question requires identifying a Turkish folk song that serves as the basis for 'Uska Dara' by The Spotnicks. This involves connecting the band's recording to the original folk song title, which is not a single direct fact but a relational inference. Multiple steps of reasoning (e.g., linking the band's version to the original title) are needed."
812f14d69a,In which county's Arts & Entertainment Hall of Fame was the artist who recorded the track 'Southern Lady' inducted in 2023?,Luzerne County,multi-hop,The question requires two steps: first identifying the artist who recorded 'Southern Lady' and then determining which county's Arts & Entertainment Hall of Fame they were inducted into in 2023. This involves connecting the track to the artist (first hop) and the artist to the specific Hall of Fame (second hop).
1ac5a8129e,"According to a 2022 paper, in which Mexican state was the jackrabbit of the same name as the birthplace of María Josefa Zozaya found to inhabit, a region where it was previously not known?",San Luis Potosi,multi-hop,"The question requires connecting multiple pieces of information: (1) identifying the birthplace of María Josefa Zozaya, (2) linking it to the name of a jackrabbit species, and (3) determining the Mexican state where this species was found in 2022, previously unknown. This multi-step reasoning necessitates combining independent facts from different sources, making it a 'multi-hop' question."
e3e25b1d48,Which county was nominated to play in the 1911 All-Ireland Senior Hurling Championship final after the county where Muireann O’Connell was born refused to play?,Tipperary,multi-hop,"The question requires two steps: first identifying the county Muireann O’Connell was born in, and then finding the nominated county to replace it in the 1911 championship. This requires connecting multiple facts."
ba36c594cb,"According to the publisher of 'World Directory of Medical Schools: 1967 supplement' and 'Lao People’s Democratic Republic: a Primary Health Care Case Study in the Context of the COVID-19 Pandemic', what is the name of the condition that involves inflammation in one or more sites of the male genital tract?",Male accessory gland infection,multi-hop,"The question requires connecting information from two different publications by the same publisher to identify the medical condition. This involves multiple steps of reasoning and cross-referencing sources, classifying it as multi-hop."
1b87438422,"Which musician supported the artist who recorded the songs 'Rudy's Rock' and 'Mambo Rock' on his last British tour, according to the New Rolling Stone Record Guide?",Steve Tatler and Drew Barfield,multi-hop,"The question requires first identifying the artist who recorded 'Rudy's Rock' and 'Mambo Rock', then determining which musician supported them on their last British tour. This involves two distinct factual steps, making it a multi-hop question."
953ec7c071,Which college did the director of Geography of the Body graduate from?,State Teachers College at San Jose,multi-hop,The question requires two steps of reasoning: first identifying the director of 'Geography of the Body' (Gaspar Noé) and then determining their educational background. This involves connecting information from different sources.
1d5d13f1fc,"Who directed the 1919 Australian silent film adaptation of the play with the same name as a film classified as Melodrama, Investigation and Serial Killers?",Charles Villiers,multi-hop,The question requires identifying the play's name by cross-referencing a film's genre categories and then finding the director of its 1919 adaptation. This involves multiple steps of connecting information.
20aeca1c8b,Which mountainous region stretches between the body of water with the same name as the recording by Karim Blal and the Gulf of Aqaba?,Mount Seir,multi-hop,"The question requires identifying a body of water linked to a recording by Karim Blal, then determining the mountainous region between that body and the Gulf of Aqaba. This multi-step reasoning and cross-domain knowledge make it multi-hop."
4104d89fd7,"In the short story with the same name as a recording by Charlie Kunz & His Casani Club Orchestra, what is the name of the sea near which Olivia is cornered?",Vilayet Sea,multi-hop,"The question requires multiple steps: first identifying the recording's name by Charlie Kunz & His Casani Club Orchestra (which matches the story's title), then finding the specific detail about Olivia's location in the story, and finally determining the sea's name. These interconnected steps necessitate multi-hop reasoning."
5b9937a06e,"Which Nigerian television channel premiered the first season of the reality competition series with the same name as the release which includes the track 'Chocolate Girl' on February 9, 2020?",DStv channel 198,multi-hop,"The question requires multiple steps: identifying the release with 'Chocolate Girl', determining the reality series with the same name, and then finding the Nigerian TV channel that premiered it on the given date. This involves connecting information from different sources."
de7112c53c,In which town in west Cornwall is the person known by the alias Katharine Lee buried?,Lelant,multi-hop,The question requires first identifying the person associated with the alias 'Katharine Lee' and then determining the town in west Cornwall where that person is buried. This involves multiple steps of reasoning and connecting information.
2c5d9561d6,"What is the name of the school in Decatur, Georgia, where the writer of the lyrics for ""Everything in Its Own Time"" first met her future Indigo Girls bandmate Amy Ray?",Laurel Ridge Elementary School,multi-hop,"The question requires first identifying the lyricist of 'Everything in Its Own Time' (Emily Saliers of Indigo Girls, sharing authorship with Amy Ray), then determining where she first met Amy Ray at a Decatur, Georgia school. This involves multiple steps of connected factual knowledge."
9cfafaaa9b,"Which Lebanese magazine was sued by the artist who recorded the song 'Shou Mahdoumi' for spreading false news, intimidation and slander?",Nadine,multi-hop,The question requires identifying the artist of 'Shou Mahdoumi' first (a one-hop step) and then determining which Lebanese magazine was sued by that artist (a second hop). This multi-step reasoning necessitates connecting two distinct pieces of information.
3992356664,Which band played on the song 'Johnny Come Lately' on the album by Steve Earle which includes the track 'Little Sister'?,The Pogues,multi-hop,"The question requires identifying the album by Steve Earle that includes 'Little Sister', confirming it contains 'Johnny Come Lately', and then determining the band associated with the latter track. This involves multiple steps of connected information retrieval."
0932084b4a,"What is the name of the train line that had a special limited edition train with the same name as the video game where the topic 'Splats' appears running from November 14, 2016 to December 17, 2016?",Keikyu Airport line,multi-hop,"The question requires identifying a video game associated with 'Splats', then connecting it to a train line's limited edition train during specific dates. Multiple steps of reasoning and cross-referencing are needed."
9e0edd4b23,What is the name of the Biblical figure after whom the sign with the same name as recordings by Dahlia KYHC and Pinch is named?,Lazarus of Bethany,multi-hop,"The question requires connecting multiple elements: a Biblical figure's name linked to a 'sign,' which is also the name of recordings by two different artists. This involves multiple steps of inference (Biblical reference to a sign, then to musical works), making it a multi-hop query."
8adc858420,What type of body was formed in the birthplace of Aileen Allen when the Legislative Council and House of Assembly were amalgamated in 1893?,unicameral body,multi-hop,"The question requires identifying Aileen Allen's birthplace, then determining the legislative body formed after the amalgamation in that location in 1893. Two steps of reasoning are needed."
ab907c5610,"Which organization did the author of 'Race, reform, and rebellion' join in 1979, comprised of veterans of the New Left?",New American Movement,multi-hop,"The question requires identifying the author of 'Race, reform, and rebellion', then determining their affiliation in 1979 with an organization linked to the New Left. This involves multiple steps (author → organization → historical context), making it a multi-hop question."
46879d49f7,Which award did the illustrator of 'The Secret Society of Super-Villains' receive in 2021 from the Inkwell Awards?,Joe Sinnott Hall of Fame Award,multi-hop,"The question requires identifying the illustrator of 'The Secret Society of Super-Villains' first and then determining the specific award they received in 2021 from the Inkwell Awards. This involves two distinct factual steps (one-hop each) connected together, making it a multi-hop question."
5692b2b70b,In which Chicago neighborhood did the same name as the illustrator of Blood Dance acquire his GringoLandia Studio and take up permanent residence in 1998?,Pilsen Historic District,multi-hop,"The question requires identifying the illustrator of Blood Dance, finding a Chicago neighborhood with the same name, and verifying the studio acquisition. Each step depends on prior information, necessitating multiple hops."
33e33d2416,Who was the engineer for the album Horizon by the artist who recorded the track 'The Cosmo-Fire'?,Tam Fiofori,multi-hop,"The question requires two steps: first identifying the artist of 'The Cosmo-Fire' track, then determining the engineer of their album 'Horizon'. This involves connecting information across two distinct pieces of data, making it multi-hop."
87b298b0cb,"What is the name of the record label that released the single ""Syd’s Eyes"" by the band which recorded the song ""Harlem""?",Black Mountain Music,multi-hop,The question requires two steps of reasoning: first identifying the band that recorded 'Harlem' and then determining the record label for the single 'Syd’s Eyes' by that band. This involves connecting information from different sources.
a10eb51dff,"Which character in the 1983 film with the same name as a TV program with music by Keith Hopwood is described as affable but reclusive, not caring for society and social events?",Badger,multi-hop,"The question requires multiple steps: identifying the 1983 film/TV program with the same name and music by Keith Hopwood, then finding the character described as affable but reclusive. This involves connecting disparate pieces of information."
f40b3403e5,Who narrated the 2016 American documentary film about mixed martial arts with the same name as a creative entity by Wale?,Kevin Costner,multi-hop,The question requires first identifying the 2016 documentary's title (which matches a Wale creative entity) and then determining the narrator of that film. This involves two steps of reasoning and connecting information from different sources.
e12a0c56d6,"According to Kirkus Reviews, which type of crime writing by the author of ""Ravissements"" is described as 'gripping and creepy'?",crime-from-the-criminal-point-of-view,multi-hop,"The question requires identifying the author of 'Ravissements', determining their specific type of crime writing, and then connecting that to a description from Kirkus Reviews. This involves three separate steps of reasoning and information retrieval."
41d1ce7f37,"In which city did the journalist and author of the book ""Wind of Death"" serve as the bureau chief for Agence France-Presse from 1977 to 1979?",Brasilia,multi-hop,"The question requires identifying the author of 'Wind of Death' first, then determining the city where this person served as AFP bureau chief from 1977-1979. Two distinct steps of information linking are needed."
a8034619df,In which German city was the author who was a screen writer for Violanta born?,Rudolstadt,multi-hop,The question requires first identifying the screenwriter of 'Violanta' and then determining the German city where that author was born. This involves two distinct steps and connecting information from different sources.
355356c714,"Which bird species is known to nest on the island also known as 'Eagle Iland', making it the only island in the archipelago to do so?",great blue herons,multi-hop,"The question requires identifying a bird species associated with 'Eagle Iland' and confirming it is the only island in the archipelago where this nesting occurs. This involves connecting the bird species to the island's unique characteristic, which requires multiple steps of reasoning."
2e31c43d66,Which Spanish football team did the official football team of the location where the Battle of Piedra Pisada happened play against in a friendly match on 8 December 1926?,Spanish National Team,multi-hop,"This question requires multiple steps: identifying the location where the Battle of Piedra Pisada occurred, determining the official football team of that location, and finding the opponent they played in a 1926 Dec 8th match. Each step depends on separate facts, making it multi-hop."
98513bec52,"In which state of the United States is the Greenwood Township which is also known as Greenwood Township, Wexford County, Michigan located in Tripp County?",South Dakota,multi-hop,"The question requires identifying the state of Greenwood Township (Wexford County, Michigan) and comparing it with the location of Tripp County, which is in South Dakota. Since it involves connecting two different counties across states, it necessitates multi-step reasoning."
1770261c8c,Which television network broadcast the two parts of the HISTORICAL_DRAMA 'Man in an Orange Shirt' as a coherent feature film on 13 August 2017?,TVNZ,one-hop,The question asks for a specific fact about which television network broadcast a drama on a particular date. It requires a single direct fact without multiple reasoning steps.
adb9e65164,Which film festival awarded the movie written by Ivo Brešan and edited by Boris Erdelji with the Grand Silver prize in 1980?,Yugoslav Feature Film Festival in Pula,multi-hop,"The question requires identifying the movie through its writer (Ivo Brešan) and editor (Boris Erdelji) first, then connecting it to the 1980 Grand Silver prize film festival. This involves multiple steps of information retrieval and linking, making it a multi-hop question."
c4e0ad143b,"Which award did the musician who recorded ""Just One Wish"" and ""Brazilia"" win for his keyboard skills in the smooth jazz genre?",American Smooth Jazz Keyboardist of the Year award,multi-hop,"The question requires identifying the musician from the songs 'Just One Wish' and 'Brazilia', then determining the award they won for keyboard skills in smooth jazz. This involves multiple steps of connecting entities and properties."
47aebb353d,Which television network picked up the program including the episode 'Marlon Wayans and His Hilarious Family' for broadcast in Canada?,Global,multi-hop,"The question requires identifying the program that includes the specified episode and then determining the television network that broadcast it in Canada. This involves two distinct steps of information retrieval, making it a 'multi-hop' question."
8d33a23989,"Which Indonesian singer/songwriter is featured on the opening track ""Summer in Paris"" of the album with the same name as the recording by Ruffstuff?",Anggun,multi-hop,"The question requires multiple steps to answer. First, one needs to identify the album named 'Summer in Paris', determine Ruffstuff's recording, confirm it shares the album name, locate the opening track of this album, and verify the featured Indonesian singer/songwriter. This involves connecting multiple pieces of information from different sources."
8211606546,What is the name of the Welsh hymn melody associated with the hamlet which has the same name as a recording by John Cavicchio?,Llangloffan,multi-hop,"The question requires multiple steps: first identifying the recording by John Cavicchio (which gives the hamlet's name), then determining the associated Welsh hymn melody. This involves connecting information across distinct entities and properties."
c9f9dde9e8,Which character in the animated film Lil' Ainjil is known for throwing bricks at the character whose series includes the works 'Feather Duster' and 'The Trapeze Artist'?,Ignatz the mouse,multi-hop,"The question requires identifying a character from the series 'Feather Duster' and 'The Trapeze Artist', then determining which character in Lil' Ainjil throws bricks at them. This involves multiple steps of connecting information from different sources."
f760e28c92,Which city did the Austrian forces retreat to after the battles at the birthplace of Karl Eckhard and Stockach in May 1800?,Meßkirch,multi-hop,"The question requires multiple steps of reasoning: identifying Karl Eckhard's birthplace, connecting the battles at that location and Stockach in May 1800, and determining the retreat destination. This involves linking historical events and locations through sequential analysis."
9fdb95419f,Which correctional facility is now the only prison in the English county where Mike Edwards and Jonnie Hurn were born?,HM Prison Erlestoke,multi-hop,"The question requires multiple steps: first, identifying the birthplace of Mike Edwards and Jonnie Hurn, then determining the only prison in their shared English county. This involves connecting two entities and cross-referencing geographic data."
71b03f0bce,Which British film director and film producer is a distant relative of the author of 'From the Earth to the Moon: The Original Text - Remastered'?,Marc Benardout,multi-hop,"The question requires identifying the author of 'From the Earth to the Moon' (Jules Verne) and then finding a British film director/producer related to them (e.g., James Cameron, though his relation is unconfirmed). This involves multiple steps of reasoning."
6621b49131,Under the supervision of which person did the editor of 'Linguistic Issues in Language Technology Vol 9: Perspectives on Semantic Representations for Textual Inference' complete her doctorate at the University of Cambridge?,Martin Hyland,multi-hop,The question requires identifying the editor of the book and then determining their doctoral supervisor at the University of Cambridge. This involves two distinct steps of reasoning.
1f37d63d1b,What was the name of the television show that the person with the same name as the film production designer of 'The Unborn' hosted on the Fox network?,30 Seconds To Fame,multi-hop,"The question requires multiple steps: identifying the film production designer of 'The Unborn', finding a person with the same name who hosted a Fox TV show, and determining the show's name. This involves connecting disparate pieces of information."
d1e3edaf51,"In which city did the person named John H. Gibbons, born on 1929-01-15, die in 2015?",Crozet,one-hop,"The question asks for a specific fact: the city of death for John H. Gibbons, given his birthdate and death year. This requires a direct lookup of a single entity property (death location) based on unique identifiers (name, birthdate, death year). It does not involve connecting multiple pieces of information or cross-referencing separate facts."
d26409d848,What was the name of the goldsmith in charge of marking the devalued placks with a heart and star associated with the same name as the birthplace of Lawrence Adamson in March 1574?,James Gray,multi-hop,"The question requires connecting two distinct pieces of information: the goldsmith's mark (heart and star) and the birthplace of Lawrence Adamson in March 1574. This necessitates multiple steps to establish the relationship between these entities, which is characteristic of a multi-hop query."
c7f4e24e5b,"What mythical creature is integrated into the letter O of the company with the same name as the record label that produced 'Babydream, Vol. 13: Tierische Lieder'?",A centaur,multi-hop,"The question requires identifying the record label of 'Babydream, Vol. 13: Tierische Lieder', mapping it to a company of the same name, and then determining the mythical creature associated with the company's letter O. This involves multiple steps and connections between disparate facts, making it multi-hop."
6474208bca,"What is the name of the village in Leicestershire where the author of the book M in the Kitāb Al-Amālī Of Abū ʿalī Ismāʿīl Ibn Al-Ḳāsim Al-Ḳālī (Būlāḳ Edition, A.H. 1324): I: Names of Poets II: Rhymes and his wife Ada settled in 1920?",Quorn,multi-hop,"The question requires identifying the author of a specific book, then determining the village in Leicestershire where the author and their wife Ada settled in 1920. This involves multiple steps: connecting the book to its author, verifying the author's personal life (spouse), and locating the village, which necessitates cross-referencing multiple data points."
14d6fdf1ea,In which French department is the commune that was the birthplace of Eugène Charles Miroy located?,Ardennes,multi-hop,"The question requires two steps: 1) identifying the commune where Eugène Charles Miroy was born, and 2) determining the French department where that commune is located. This requires connecting information about a person's birthplace to the administrative structure of France, making it a multi-hop question."
4a4d2890d6,Which community in Obubra Local Government Area in Cross River state was involved in a land dispute with the community with the same name as the artist who recorded the track TOKYO that was settled in June 2024?,Onyadama community,multi-hop,"The question requires multiple steps: identifying the artist of 'TOKYO', finding the community named after them, and then locating the dispute in Obubra LGA involving this community. Each step depends on prior information, making it multi-hop."
b79b6b91b9,What title was Victor Marie d'Estrées given after successfully sailing the founder of the Royal Academy of Pharmacy to Naples?,Grandee of Spain,multi-hop,"The question asks for the title given to Victor Marie d'Estrées for his actions involving the founder of the Royal Academy of Pharmacy. This requires (1) identifying the founder of the Royal Academy of Pharmacy and (2) connecting that individual to the title awarded to Victor, making it a multi-step reasoning task."
63b5eb1f89,What was the profession of the person with the same name as the U.S. legislator who co-sponsored the Mental Health Telemedicine Expansion Act when he started in strongman competitions?,photocopier engineer,multi-hop,"The question requires multiple steps: identifying the U.S. legislator who co-sponsored the act, finding a person with the same name involved in strongman competitions, and determining their profession at the time they started. This requires connecting disparate pieces of information across domains (legislation, sports, and personal history)."
b31526e5b2,What is the name of the square near which Sergey Zhuravlev lives in a communal apartment in the film with the synopsis 'Three lifelong friends return to Moscow after their military service'?,Zastava Ilyicha Square,multi-hop,"The question requires identifying the film based on its synopsis and then determining the name of the square near Sergey Zhuravlev's communal apartment in that film. This involves multiple steps of reasoning, linking the synopsis to the film and then retrieving specific location details from it."
d9631e5fbd,What is the name of the dialect used by the dancehall reggae sound system which recorded the songs 'Reggae Internazionale' and 'Punnuieu' in their lyrics?,Salentino dialect,multi-hop,"The question requires identifying a dialect used by a specific dancehall reggae sound system, which recorded two songs. This involves multiple steps: first determining which sound system released these songs, then identifying the dialect associated with their lyrics. The answer cannot be obtained in a single fact lookup."
fdc9396731,What is the name of the software product from the software developer which created Network Information Service and whose slogan is 'The network is the computer.' that implements the Microsoft Windows Application Programming Interface specifications?,Wabi,multi-hop,"The question requires identifying the software developer (Sun Microsystems, known for 'The network is the computer' slogan and NIS), then finding their product implementing Microsoft Windows API. This involves multiple steps: connecting developer to their products and filtering by API specs."
c02e015a80,Which British explorer first sighted the birthplace of Pauline Mackay in 1602?,Bartholomew Gosnold,multi-hop,"The question requires determining Pauline Mackay's birthplace and then identifying the British explorer who first sighted that specific location in 1602. This involves multiple reasoning steps and connecting separate pieces of information, making it a multi-hop question."
ae09cfef8f,"What is the name of the country where the featured artist on the album 'Didare Jodaee', Sara Naeini, was arrested as part of a government crackdown on artists?",Iran,one-hop,"The question asks for the country where Sara Naeini was arrested, which is a single direct fact about her. The album 'Didare Jodaee' clarifies her identity but does not require additional reasoning steps. The arrest and associated government crackdown are linked directly to her known background (e.g., Iran)."
d5f9b2924e,Which Australian passenger train service was replaced by road coaches beyond the birthplace of Travis Birt on 20 August 1993?,The Gippslander,multi-hop,"The question requires identifying Travis Birt's birthplace, connecting it to a specific Australian train service, and determining its replacement date (20 August 1993). This involves multiple steps of reasoning and connecting entities (person -> birthplace -> train service -> replacement event)."
ba2a195e2d,"What was the name of the project at Boston College where the triathlete Rick Hoyt worked, helping to develop systems for people with disabilities?",EagleEyes Project,one-hop,"The question asks for the specific name of a project at Boston College where Rick Hoyt worked, which can be answered with a single direct fact. No multi-step reasoning or connecting multiple pieces of information is required."
757e343bc1,"Which political party was founded in 1967 in the location completely contained within the United States which is the subject of the Puerto Rico Film, Television, and Theatre Production Act of 2021?",New Progressive Party,multi-hop,"The question requires multiple steps: identifying the subject of the Puerto Rico Act (Puerto Rico), confirming it's within the U.S., and determining which political party was founded in Puerto Rico in 1967. This involves connecting information across different contexts."
e184e2b9c9,"Which Portuguese American writer is known for their work about the author of 'The Authentic Letters of Columbus, Volume 1, Issue 2' and was born in Madalena?",Manuel da Silva Rosa,multi-hop,"The question requires multiple steps: first identifying the author of 'The Authentic Letters of Columbus, Volume 1, Issue 2', then finding a Portuguese American writer who wrote about that author and was born in Madalena. This involves connecting entities and properties across different sources."
b9dc9fa1f9,"Which organization's board of directors declared that the employment of the artist who recorded the track ""Love Letter to Chi"" had been ended, following a statement by Sam Van Cook?",Young Chicago Authors,multi-hop,"The question requires identifying the artist of the track ""Love Letter to Chi"", determining which organization's board terminated their employment, and connecting this to Sam Van Cook's statement. It involves multiple steps of reasoning."
f6a260ce7c,"Which French punk rock and alternative rock group covered the song with the same name as a recording by Old Head on their album ""17 plombs pour péter les tubes"" in 1994?",Ludwig von 88,multi-hop,"The question requires identifying the song from Old Head's 1994 album, then determining which French punk/alternative band covered that specific song. This involves multiple steps of connecting entities and their properties."
a052c9f138,"What was the title given to the person also known as Prince Chao Noi Sukkasem, a member of the royal family of Chiang Mai, that did not grant him the right to ascend the throne?",Chao Uttarakan Kosit,one-hop,"The question asks for a specific title of an individual, which is a direct fact. It does not require multiple steps of reasoning or connecting information from different sources."
5d48e3d3fa,Which team did the manager with the same name as the editor of 'The Scottish Quotation Book: A Literary Companion' tour New Zealand in 1990 and Australia in 1992?,Great Britain RL team,multi-hop,"The question requires three steps: 1) Identifying the editor of the book, 2) Finding the manager with the same name, 3) Determining the team associated with the manager during specific tours. This requires connecting information from different sources."
9d86b6292f,During the reign of which English monarch did the practice of purchasing officer's commissions in the armed force with units including the 107th (Bengal Infantry) Regiment of Foot and the 43rd Infantry Brigade begin?,Charles II of England,multi-hop,"The question requires identifying the historical period when commission purchasing began in the British armed forces, linking it to a specific English monarch, and connecting this practice to the mentioned units. This involves multiple steps of connecting historical military practices with regnal periods and unit histories."
9ac2b27997,In which city did the Welsh rugby player with the same name as the producer of the track Crescent City Serenade become a taxi driver after his rugby league career ended?,Huddersfield,multi-hop,"This question requires identifying the producer of 'Crescent City Serenade', connecting their name to a Welsh rugby player, and finding the city where the player became a taxi driver after retiring. Each step depends on separate pieces of information, necessitating multiple hops."
f07bf03608,To whom did the artist who recorded 'Symphony no. 1 - IV. Finale: Bewegt und feurig' dedicate the song 'Der Lehrerstand'?,Michael Bogner,multi-hop,The question requires two steps: first identifying the artist who recorded the specified song ('Symphony no. 1...') and then determining to whom the song 'Der Lehrerstand' is dedicated. This multi-step reasoning makes it a multi-hop question.
c48f45bddb,"Which cultural group of the birthplace of Washington Banian is composed of at least 240 different peoples, each with its own language and culture?",Papuans,multi-hop,The question requires identifying Washington Banian's birthplace (one-hop) and then determining the cultural group in that region with 240+ distinct sub-groups (second_hop). Two steps of reasoning are needed.
11661b4374,Which mine was credited as being more consistent in yielding annual dividends during the late nineteenth century than any other mine in the US state for which Utahraptor is named?,The Ontario mine,multi-hop,"The question requires two steps of reasoning: first identifying the US state 'Utah' from the name Utahraptor, then finding the mine in Utah with the specified historical dividend consistency. This multi-stage process connects information from different domains (paleontology and mining history)."
53f35b5f72,In which English football league did the team from the same place as the birthplace of Wilf Threlfall play in during the 2007–08 season?,League Two,multi-hop,"This question requires multiple steps: 1) Finding Wilf Threlfall's birthplace, 2) Identifying the football team from that location, and 3) Determining the league they played in during 2007-08. Each step depends on information from the previous step, necessitating multi-hop reasoning."
595adff005,"What was the birth name of the American professional boxer with the same name as the author of ""History of Egypt, Chaldea, Syria, Babylonia, and Assyria in the Light of Recent Discovery""?",William Hall,multi-hop,"The question requires identifying the author of the book first, then finding the boxer with the same name, and finally determining the boxer's birth name. This involves multiple steps of connected information retrieval, making it a multi-hop question."
082f182bcf,What is the name of the area in the Jordanian capital and birthplace of Dr. Diya AlAqil that is characterized by compact buildings with concrete facades?,Eastern Amman,multi-hop,"The question requires identifying the Jordanian capital (Amman), connecting it to the birthplace of Dr. Diya AlAqil, and then associating that location with a specific architectural description. These steps involve multiple linked facts and context."
1f08cc60c2,Which tennis player partnered with the mother of Jagger Leach to win the doubles title at the 1995 Nichirei International Championships?,Mary Joe Fernández,multi-hop,The question requires identifying Jagger Leach's mother and then finding the tennis player she partnered with in 1995. This involves multiple steps of reasoning and connecting different pieces of information.
14f90b996b,Which football club released the person born on 1998-11-30 with the alias J. Antwi at the end of the 2017–18 season?,AFC Wimbledon,multi-hop,"The question requires multiple steps: 1) Identifying the person born on 1998-11-30 with the alias J. Antwi. 2) Determining their football club release at the end of the 2017–18 season. This involves connecting birth date, alias, temporal season data, and club actions. The information cannot be retrieved directly in one step."
9187ad104d,What is the name of the biblical city that was the home of the entity with the same name as the 2008 film or the recording by Xay Hill?,Gath,multi-hop,"The question requires identifying a 2008 film or recording by Xay Hill, matching its name to a biblical entity, and then associating that with a homonymous city. This involves multiple steps of cross-referencing different data sources."
b0874052e7,What is the name of the independent press devoted to gay literature that the author of 'Paul's Cat' established in 2010?,Chelsea Station Editions,multi-hop,"The question requires identifying the author of 'Paul's Cat', then determining the name of the independent press they established in 2010 with a focus on gay literature. This involves multiple steps of reasoning and connecting entities (author → press → founding details), making it multi-hop."
fe32c65b62,What is the name of the genus of tiger moths that was erected in 1807 by the person born on 1761-06-20?,Hypocrita,multi-hop,"The question requires identifying the genus of tiger moths established in 1807 by a person born on 1761-06-20. This involves multiple steps: (1) determining the individual's identity based on their birthdate, (2) confirming their action of erecting the genus in 1807, and (3) linking it to the specific genus name. This multi-step reasoning necessitates connecting disparate pieces of information, making it multi-hop."
ec75ce917d,Which American musician and composer led the band that recorded the tracks 'Ghost Riders in the Sky' and 'Baja Nights'?,Julius Wechter,multi-hop,"The question requires first identifying the band that recorded both tracks ('Ghost Riders in the Sky' and 'Baja Nights'), then determining the leader/composer of that band. This involves two distinct steps of information retrieval."
b145fc1408,Which television series did the media producer of 'Werewolves Within' win an Emmy for his guest acting role in?,Ted Lasso,multi-hop,"The question requires first identifying the media producer of 'Werewolves Within', then determining which TV series they won an Emmy for guest acting. This involves multiple steps of connected information retrieval."
3db9f6ffb2,"According to a study performed at the educational institution also known as UNISI, Italy, what was the form of distraction used in the passive distraction experimental group during venipuncture?",watching a TV cartoon,one-hop,"The question asks for a specific fact from a study conducted at UNISI (Italy), focusing on the form of passive distraction used in a particular experimental group. It requires retrieving a single, direct piece of information from the study's methodology without needing to connect multiple pieces of information or compare sources. Thus, it is a 'one-hop' question."
0bea57bc6b,"In the 1999 television series with the same name as albums by Lucía Méndez and recordings by Lisette Melendez, what is the name of the character who abandoned her two-year-old daughter?",Rosario,multi-hop,"The question requires identifying a 1999 TV series linked to albums by Lucía Méndez and Lisette Melendez (multi-hop reasoning to connect these entities), then determining the character who abandoned her daughter within that series (additional step)."
29f605d445,What is the name of the Australian record label that released the debut album 'Ele' by the artist who recorded the song 'Heko'?,Sigma Editions,multi-hop,"The question requires multiple steps: identifying the artist of 'Heko', linking them to the album 'Ele', and then determining the Australian record label that released it. This involves connecting entities across different relationships."
68435f4bb0,"What is the brand name of the first notebook computer released by the programming language developer which helped develop COMTRAN on October 5, 1992?",ThinkPad,multi-hop,"The question requires multiple steps: identifying the programming language developer (Acorn) associated with COMTRAN, determining the brand name of their first notebook computer, and verifying the release date. Each step depends on prior information, making it multi-hop."
2a39846dcd,"Which fashion designer created the clothes and outfits for the Japanese rock band which recorded the album ""Sister""?",H. Naoto,multi-hop,"The question requires identifying the band that recorded 'Sister' (likely the Japanese rock band 'The Yellow Monkey') and then determining the associated fashion designer (Kenji Nishida). Two steps are needed: connecting the album to the band, then the band to the designer."
74ebc74fac,What is the name of the first single released from the album '4.0' by the artist who recorded the song 'Grande' and the track 'Abismo (live Madame Noir)'?,Solo Se Vive una Vez (4.0 Version),multi-hop,"The question requires identifying the artist based on two specific songs ('Grande' and 'Abismo (live Madame Noir)'), then determining the first single from their album '4.0'. This involves multiple steps of connecting entities and querying related data."
b95765b522,Which city did the composer of the musical work The Resolution move to after leaving Los Angeles and taking a step back from the music industry?,San Clemente,multi-hop,"The question requires identifying the composer of 'The Resolution', then determining the city they moved to after leaving Los Angeles and stepping back from the music industry. This involves multiple steps (composing the work, leaving LA, relocating), making it multi-hop."
bc11be5b6f,Which river is the birthplace of Wilhelm Zaisser located on?,Emscher River,multi-hop,The question requires two steps: first identifying Wilhelm Zaisser's birthplace and then determining the river on which that location is situated. This necessitates connecting multiple pieces of information.
f2bb4f0069,Which player was named hurling captain for the 2020 season of the same name as the birthplace of Stacey Flood and Dane Massey?,Danny Sutcliffe,multi-hop,"The question requires multiple steps to answer: first identifying the birthplace of Stacey Flood and Dane Massey, then finding the hurling team with that name, and finally determining its 2020 captain. This layered reasoning necessitates a multi-hop classification."
ee4c8cdf7d,Which song from the album with a track titled 'Dark Night of the Soul' received a GMA Canada nomination for Instrumental Song Of The Year in 2008?,Moon Over Birkenau,multi-hop,"The question requires first identifying the album containing 'Dark Night of the Soul', then locating which specific song from that album received the 2008 GMA Canada nomination. This involves two distinct steps of information retrieval."
a9dda53786,In which city was the band which recorded the track Yang Farang Dub formed in 2015?,Khon Kaen,multi-hop,"The question requires identifying the band that recorded 'Yang Farang Dub' and then determining the city where that band was formed in 2015. This involves two distinct steps of reasoning, connecting a track to a band and a band to a location."
6da1601713,Which creative agency was founded by the artist who recorded the track 'T.D.' and the composer of 'Am I Dreaming' and simulated a platform of game boy to get visitors immersed?,AWGE,multi-hop,"The question requires identifying the artist associated with both tracks ('T.D.' and 'Am I Dreaming'), recognizing their Game Boy simulation project, and then determining the creative agency they founded. This involves multiple steps of interconnected reasoning and data retrieval, making it a multi-hop question."
b16c20c7a5,"According to a review in The Guardian, which series of novels by the author of 'Crossing the lines editions of books' is described as semi-autobiographical?",The Soldier's Return series,multi-hop,"The question requires identifying the author of 'Crossing the lines editions of books', linking to their other novel series, and verifying the semi-autobiographical label from The Guardian review, involving multiple connected steps."
edc968cf24,Which musician played keyboard and guitar on the album 'Man in the Moon' by the band which recorded the songs 'Word to the Wise Guy' and 'F.N.A.'?,Mick Cripps,multi-hop,"The question requires identifying the band through two specific songs, then determining the musician's role on a different album by that band. This involves multiple steps of connected information."
06c60f99da,"Which artist collaborated with the singer who recorded ""My Tears Are Overdue"" and ""Let’s Both Have a Cry (1966)"" on the song ""Yearning""?",Jennette Hicks,multi-hop,"The question requires first identifying the singer of 'My Tears Are Overdue' and 'Let’s Both Have a Cry (1966)', then determining which artist collaborated with that singer on 'Yearning'. This involves two distinct steps of information retrieval and connection, making it a multi-hop question."
9cbffc03dc,"Which Brazilian football club did Carlos Eduardo Alves Albina, also known as the entity with the same name as a recording by Les McCann Ltd., play for where he became closely identified with the fans?",Juventude,multi-hop,"The question requires connecting the entity name 'Carlos Eduardo Alves Albina' with the alternate name from a recording by Les McCann Ltd., and then determining the football club where he became closely associated with fans. This involves multiple steps of cross-referencing and contextual analysis, making it a multi-hop question."
fd286bf4ca,"Which Australian musicologist described the sound of the band that recorded the songs 'On the Vine (Slight Reflux)' and 'Bride Of The Fair Countryside' as a diverse musical palette, taking in country-tinged Oz rock, pop, blues and jazz with strong, varied songs, crooning vocals, lap steel, and unusual instrumentation?",Ian McFarlane,multi-hop,"The question requires two steps: first identifying the band associated with the two songs, then determining the Australian musicologist who described their sound. Since it involves connecting multiple pieces of information, it is multi-hop."
27dbb9c019,"In which country is the village named Tsetse, North West located, which has the same name as the artist that recorded the track 'Dream'?",South Africa,multi-hop,"The question requires identifying the country of the village 'Tsetse, North West' and connecting it to the artist with the same name who recorded 'Dream'. This involves two distinct pieces of information (location of village and artist identification) that must be linked, making it a multi-hop question."
8f53627379,On which river is the town with the same name as the birthplace of Martine Hansen situated?,Wiltz,multi-hop,"The question requires two steps: first identifying the birthplace of Martine Hansen and then determining the river on which the town with that name is situated. Since it involves connecting two distinct pieces of information, it is a multi-hop question."
c07583aabf,Which Irish band contributed to the album created by Hope Sandoval & the Warm Inventions and also appeared on 'Through the Devil Softly'?,Dirt Blue Gene,multi-hop,The question requires connecting two pieces of information about an Irish band: their contribution to Hope Sandoval & the Warm Inventions' album and their appearance on 'Through the Devil Softly'. This involves multi-step reasoning.
975c98c78f,"What is the name of the town in New York where filming for the third season of the TV program about 'Courage & Bravery' took place, representing Fagan Corners, Vermont?",Windham,multi-hop,"The question requires multiple steps: identifying the TV program 'Courage & Bravery', locating filming details for its third season, and matching the represented town 'Fagan Corners, Vermont' to its real New York filming location. This involves cross-referencing disparate pieces of information."
6e08c68498,"In the video game with the same name as the song by Of Lions and Giants, what type of structure is damaged in a nuclear war and holds 1000 survivors in stasis?",hibernation dome,multi-hop,"The question requires identifying the video game that shares the name with the song 'On the Nature of Things' by Of Lions and Giants, then determining a specific in-game structure damaged in a nuclear war which holds 1000 survivors in stasis. This involves multiple steps: linking the song to the game, and then understanding the game's narrative elements."
15a2482528,"In which city is the headquarters of the Department of Transportation, Communications and Infrastructure of the entity with the same name as the recording by Nickybaby located?",Palikir,multi-hop,The question requires two steps: identifying the entity (department) by linking it to Nickybaby's recording and then locating its headquarters. This involves multiple hops of information retrieval and connection.
9ba91fb930,Which filmmaker created the animation for the Luden's cough drops television commercial that featured the music of the artist who recorded 'Exercise Four' and creatively produced 'Yo Mama'?,Ed Seeman,multi-hop,"The question requires identifying the artist through the tracks 'Exercise Four' and 'Yo Mama' (e.g., The Nappies), then connecting their music in a Luden's commercial to the filmmaker. This involves multiple steps of linking entities and sources, making it a multi-hop question."
74338c1076,"Which hills, known for their stark plateaus and rough terrain, are part of the forest that inspired artworks by Frédéric Bazille and Narcisse Virgilio Díaz and were a popular theme for painters and photographers of the Barbizon School?",Jean de Paris,multi-hop,"The question requires connecting multiple pieces of information: the hills' characteristics, their association with the artists Bazille and Diaz, and their connection to the Barbizon School's creative themes. Identifying the correct hills (e.g., the Buttes in the Forest of Fontainebleau) involves chaining these relationships, making it a multi-hop task."
17ce10234c,"What is the name of the publication where the story ""Kidnapped"" by the author of ""The Jungle Book - Reading Time"" was first published on March 21, 1887?",Civil and Military Gazette,multi-hop,"The question requires identifying the author of 'The Jungle Book - Reading Time' (Rudyard Kipling) and then finding the publication where his story 'Kidnapped' was first published on the given date. This involves two distinct steps of reasoning: connecting an author to their work and then determining the publication details. Even though real-world knowledge shows inaccuracies in the question (e.g., 'Kidnapped' was written by Robert Louis Stevenson, not Kipling), the question's structure demands multi-hop reasoning."
125b8af4d0,What is the name of the genus of demosponges that is also called the classification of Crucifers?,Crambe,one-hop,"The question asks for a direct fact linking the genus name of demosponges to an alternative classification termed 'Crucifers'. If 'Crucifers' directly refers to a known genus in demosponge taxonomy, this is a single-hop query. However, if resolving 'Crucifers' requires multi-step reasoning or connecting disparate concepts (e.g., plant taxonomy to sponges), it would be multi-hop. Given the phrasing and assumption that 'Crucifers' maps directly to a genus name, it leans toward one-hop, but ambiguity may require domain verification."
3736051c51,"What is the name of the research station in Alaska where Cassie, the protagonist of the novel with the same name as the recording by Daniel Lanois, is raised by her father?",Eastern Beaufort Research Station,multi-hop,The question requires identifying the novel named after Daniel Lanois' recording (first hop) and then determining the research station in Alaska from the novel's content (second hop). This involves connecting two distinct pieces of information through multiple steps.
ac4132f4d5,Which river is the Tuscan town where Carlo Arrighi was born located on?,Carrione River,multi-hop,"The question requires two steps: first identifying the birthplace of Carlo Arrighi, then determining the river associated with that town. This sequence of connected facts necessitates multi-hop reasoning."
27a6eae679,"Which educational institution in Saskatoon, Canada, is named after the founder of Kyiv-Mohyla Academy?",St. Petro Mohyla Institute,multi-hop,The question requires identifying the founder of Kyiv-Mohyla Academy and then finding an educational institution in Saskatoon named after that founder. This involves two distinct steps of reasoning and connecting information from different domains.
0c523f7cbb,"Who directed the music video for the song ""I Love You"" by the band which recorded the songs ""Beauty"" and ""Tell Me (Acapella)""?",Little X,multi-hop,"The question requires multiple steps: first identifying the band responsible for 'Beauty' and 'Tell Me (Acapella)', then determining the director of their song 'I Love You'. This involves connecting information across two entities (the band and the music video director)."
7e0808d22b,What was the profession of the person born on 1788-07-04 who was elected as a fellow of the Royal Society in 1820?,astronomer,multi-hop,"The question requires first identifying the person using their birth date and Royal Society election year, then determining their profession. This involves multiple steps of information retrieval and connection."
ff483d7ea3,"In which Russian city was a concert by the band which recorded the songs 'Universe of My Heaven' and 'Golden Years' banned in 2004, allegedly for the advocacy of violence?",Kemerovo,multi-hop,"The question requires multiple steps: first identifying the band from the mentioned songs, then determining which Russian city banned their concert in 2004 for advocating violence. This involves connecting a band to their songs and then to a specific historical event."
6a8a062f86,What is the name of the English Parliamentary bill proposed by the House of Commons in 1407 or 1410 that was inspired by the thinking of the author of 'De eucharistia'?,Lollard Disendowment Bill,multi-hop,"The question requires identifying the author of 'De eucharistia' (John Wycliffe) and then determining the specific parliamentary bill inspired by his work. This involves multiple steps of reasoning, making it a multi-hop question."
9e5982661e,"Which science fiction convention, held in and around the place with the same name as a recording by Ed White and the Next of Kin, is the second oldest in the state?",LepreCon,multi-hop,"The question requires multiple steps: 1) Identifying the recording by Ed White and the Next of Kin, 2) Matching it to a place name, 3) Locating the second oldest science fiction convention in that state. Connections between these layers of information make this a multi-hop question."
b0901aa51c,What is the name of the international airport that serves the metropolitan area which is the birthplace of Susilo Badar and Anto Wijaya?,Juanda International Airport,multi-hop,"The question requires identifying the birthplace of two individuals (Susilo Badar and Anto Wijaya) first, then determining the international airport serving their shared metropolitan area. This involves multiple steps of connected information retrieval."
d7daff30c8,"What is the name of the independent publication about books that the author of ""Out of Hiding: Holocaust Literature of British Columbia : an Historical Survey in Appreciation of Robert Krell"" created?",BC Bookworld,multi-hop,"The question requires two steps: identifying the author of the book ""Out of Hiding..."" and then determining the name of the independent publication they created. Since it involves linking the author to their work through a multi-step process, it is classified as multi-hop."
51e985b494,"Which publication featured an essay by the author of ""Modern Meat"" in 2020 about the ""death of engagement"" between the United States and China?",The Wire China,multi-hop,"This question requires multiple steps: identifying the author of ""Modern Meat"", finding their 2020 essay, and linking it to the specific topic. Each step depends on resolving prior information, making it multi-hop."
d5f848d119,Who was appointed Minister of Agriculture in the country with the same name as the separate recordings by artists Dottor M and Fikus after the cabinet shuffle of 9 August 2010?,Peter Mwanza,multi-hop,"The question requires first identifying the country name from the recordings by Dottor M and Fikus, then determining the Minister of Agriculture appointed after the 2010 cabinet shuffle in that country. This involves two distinct steps of information retrieval and reasoning."
9d07427cc0,"In which district of Kerala did a team with the same name as the recording by Glowjack carry out a combing operation following reports of sighting of Maoist insurgents in February, 2013?",Malappuram district,multi-hop,"The question requires connecting two pieces of information: the name of a recording by Glowjack to a team's name, and then identifying the specific district in Kerala where that team conducted an operation in 2013. This involves multiple steps of reasoning and linking disparate facts."
49213204b7,"What was the name of the home in Les Avants, Switzerland, where the opera singer who recorded the song 'Ah! Roland!' lived?",Chalet Monet,multi-hop,"The question requires first identifying the opera singer who recorded 'Ah! Roland!' and then determining the name of their home in Les Avants, Switzerland. This involves multiple steps of reasoning and connecting information."
86f2ad6480,What is the title of the animated short film directed in 2023 by the same person who was an executive producer in the film Once in a Lifetime: The Extraordinary Story of the New York Cosmos?,The Day I Became a Bird,multi-hop,This question requires two steps of reasoning: first identifying the executive producer of 'Once in a Lifetime...' and then determining the animated short film they directed in 2023. The answer requires connecting two distinct pieces of information through the person's name.
98b5c90bcc,"In the 1923 film with the same name as a recording with the track 'Second Fiddle', what is the name of the town where the Bradley family resides?",Spell's River,multi-hop,"The question requires multiple steps: first identifying the 1923 film named after a recording with 'Second Fiddle' as a track, then determining the town where the Bradley family resides in that film. This involves connecting a music track to a film title and subsequently extracting a specific detail from the film's plot."
8c8fb40321,In which city was the painter Jamal Joratli born?,Salamiyah,one-hop,"The question seeks a direct factual answer about the birthplace of a specific painter, requiring no additional steps or connections."
4efa83b724,What is the name of the Taiwanese boy band that released a Chinese remake of the song with the same name as recordings by Da Tweekaz and Christophe Imbs?,Energy,multi-hop,"This question requires multiple steps: identifying the song recorded by Da Tweekaz and Christophe Imbs, linking it to its Chinese remake by a Taiwanese boy band, and determining the band's name. It involves connecting entities across different contexts, making it multi-hop."
0066a781e8,In which Spanish city was the film written by Fernando Colomo and also known as 'La Noche Que Mi Madre Mato A Mi Padre' shot?,Valencia,multi-hop,"The question requires connecting two pieces of information (the director and the alternative title) to identify the film, and then determining the filming location. This involves multiple steps of reasoning."
33d97585be,"Which institute, promoting social justice and human rights, did the author of ""Que votre joie soit parfaite"" serve as director of?",Las Casas Institute,multi-hop,The question requires first identifying the author of the book 'Que votre joie soit parfaite' and then determining which institution they directed that aligns with promoting social justice and human rights. This involves two distinct steps of information retrieval and connection.
01b6de6ecc,What was the academic title held by the author of 'Cepstral Filtering on a Columnar Image Architecture: a Fast Algorithm for Binocular Stereo Segmentation' at New York University Medical Center before joining Boston University?,Associate Professor of Psychiatry,multi-hop,"The question requires multiple steps: first identifying the author of the paper, then determining their academic title at NYU Medical Center before moving to BU. This involves connecting information from different sources (the paper's author and their institutional history)."
38a283d60f,"Which American organization awarded the author of the book ""Elementary Solid State Physics: A Short Course"" the Oersted Medal in 1979?",American Association of Physics Teachers,multi-hop,The question requires identifying the author of the book and then determining which organization awarded them the Oersted Medal in 1979. This involves multiple steps of reasoning and connecting information from different sources.
c042d8af8b,Which record label gave some of its assets to the record label with an artist named The Ramrods in 1961?,Madison Records,multi-hop,"The question requires two steps: first identifying the record label associated with The Ramrods in 1961, then determining which other label transferred assets to it. This involves connecting information across multiple entities and their relationships."
a7dcaed770,"Which Australian Prime Minister was described as a ""fossil with a baseball cap"" by the person quoted as saying 'If one takes pride in one's craft, you won't let a good thing die. Risking it through not pushing hard enough is not a humility.' in 2019?",Scott Morrison,multi-hop,"The question requires identifying the source of the quote, connecting it to the 2019 statement about the Australian Prime Minister, and matching it to the metaphor 'fossil with a baseball cap.' This involves multiple steps of information linkage. "
01d5e3568c,"What is the name of the film festival where the director of the film Ishu edited the official catalogue in 2003, 2004, 2005, 2007 and 2008?",International Film Festival of India,multi-hop,"The question requires identifying the director of the film 'Ishu' first and then determining the film festival they edited the catalogue for across multiple years. This involves two distinct steps of reasoning, hence it is a multi-hop question."
80c02b0ae0,"In the 1985 Quebec municipal elections, which political party supported the proposed annexation into the city of Montreal of the birthplace of John Dunning?",Verdun Unity Party,multi-hop,"This question requires multiple steps: identifying John Dunning's birthplace, locating its annexation proposal, connecting it to the 1985 Quebec municipal elections, and determining the political party's stance. It involves cross-referencing historical events, geographical data, and political positions."
83fdcee558,Which company produced the feasibility study of a light rail system for the birthplace of Clara Vestris Webster?,Atkins,multi-hop,"The question requires identifying the birthplace of Clara Vestris Webster, then determining which company conducted the feasibility study for a light rail system in that location. This involves multiple steps of reasoning."
99a6e57df7,"What was the name of the tavern located next door to where Abel Roper moved his business, at the sign of the same name as the recording by Lez Zeppelin?",Devil Tavern,multi-hop,"The question requires connecting multiple pieces of information: (1) identifying the Lez Zeppelin recording's name, (2) linking that name to the tavern's name, and (3) confirming its adjacency to Abel Roper's business location. Each step depends on resolving a separate fact, necessitating multi-step reasoning."
96a347850b,"Which playwright, who is also the stepdaughter of the author of 'The Painter with Women', was the first female to have her play performed on the main stage of the National Theatre?",Rebecca Lenkiewicz,multi-hop,"The question requires connecting multiple pieces of information: identifying the author of 'The Painter with Women', finding their stepdaughter, and confirming her achievement at the National Theatre. This involves multiple steps of reasoning and linking entities."
cdc6b54b92,Which scent bottle was designed by the visual artist who created 'Bulgarian Child Eating a Rat' and is part of the collection at the Perfume Museum in Barcelona?,Le Roi Soleil,multi-hop,"The question requires identifying the visual artist from their work 'Bulgarian Child Eating a Rat', then determining which scent bottle they designed, and finally confirming its location in the Perfume Museum's collection. This involves multiple steps of connected reasoning."
e11db0a7c2,Which Wisconsin highway is the place with the same name as a creative entity by Hybrid Kin located on near its junction with Wisconsin Highway 13?,Wisconsin Highway 86,multi-hop,"The question requires identifying a Wisconsin highway whose name matches a creative entity by Hybrid Kin, located near its junction with Highway 13. This involves multiple steps: first, finding Hybrid Kin's creative works with matching names, then correlating their locations to highway junctions, making it 'multi-hop' reasoning."
174a15fa65,"What is the title of the 1928 songbook by the artist who recorded the songs 'Picture From Life's Other Side' and 'Sweet Betsy From Pike' that sold more than 100,000 copies?",My Favorite Mountain Ballads,multi-hop,"The question requires identifying the artist who recorded 'Picture From Life's Other Side' and 'Sweet Betsy From Pike', then determining the title of their 1928 songbook. This involves multiple steps (linking songs to an artist, then finding the songbook title), making it a multi-hop question."
f2901c7d70,"In which city was the Catholic Church prelate born on February 18, 1903?",Buccheri,multi-hop,"The question requires identifying a specific Catholic prelate born on February 18, 1903, and then determining their birthplace. This involves two steps: first determining the individual's identity based on the date and title, and second retrieving their birth city. Thus, it requires multi-hop reasoning."
ed59287ce4,Which organization is the producer of the album 'Defenders of the Faith' a member of?,Music Producers Guild,multi-hop,The question requires two steps: first identifying the producer of the album 'Defenders of the Faith' and then determining which organization that producer is a member of. This involves connecting information from different sources.
cfea8c0c25,In which cemetery is the writer of the screenplay for 'The Road to Romance' and her husband buried?,Mount Pleasant Cemetery,multi-hop,"The question requires first identifying the screenwriter of 'The Road to Romance' and then locating the burial place of her and her husband. This involves multiple steps (screenwriter identification, spouse identification, cemetery information), making it multi-hop."
31e2679a7a,Which sport is the focus of the British sports drama film with the synopsis 'Four runners go to Rome to compete in the 1960 Olympics.'?,marathon,one-hop,"The question provides a synopsis mentioning 'four runners' competing in the 1960 Olympics, directly indicating the sport (marathon running). No additional steps or connections are needed."
1f084f0082,"Which Polish city is the location where the composer of Miserere, op. 44 dedicated their work?",Bydgoszcz,multi-hop,"The question requires identifying the composer of 'Miserere, op. 44' and then determining the Polish city they dedicated their work to. This involves two distinct steps of reasoning."
116e8b6e53,In which hill station of the British Raj was the English cricketer whose name is commonly shortened to M. Corke born?,Murree,multi-hop,"The question requires identifying the full name of the cricketer (M. Corke), determining their birthplace, and confirming it is a hill station in the British Raj. This involves multiple steps of reasoning and connecting information from different sources."
79cc291b31,What document can non-permanent residents of the birthplace of Ben Hopkins obtain to travel if they cannot get a national passport from another country?,Document of Identity,multi-hop,"The question requires identifying Ben Hopkins' birthplace (first step) and then determining the specific travel document applicable to non-permanent residents of that location who lack a foreign passport. This involves multiple logical steps, making it a multi-hop question."
492d19785c,"Which musician played bass on the song ""Was Never There"" by the same artist who recorded ""Red Don't Feel""?",Flea,multi-hop,"The question requires identifying the artist of 'Red Don't Feel', confirming they recorded 'Was Never There', and then determining the bass player for the latter song. This involves multiple steps of connected reasoning."
e6f7f2ea44,Who was the photographer for the album Shpritsz by the band which recorded the songs 'Don’t Do It' and 'Job'?,Anton Corbijn,multi-hop,"The question requires identifying the band from two songs ('Don’t Do It' and 'Job'), then determining the photographer for their album Shpritsz. This involves two distinct steps of information retrieval."
a3481b9c21,"Who arranged the song ""I'll Wait for You"" performed by the same artist who recorded the track ""Trumpet Sorrento""?",Peter De Angelis,multi-hop,"The question requires identifying the artist of 'Trumpet Sorrento', verifying they performed 'I'll Wait for You', and then finding the arranger of that song. This involves multiple steps of connected information."
ce82a3894d,What is the name of the organization that awarded the artist who recorded 'A. Shurbin Sonata Nr 3 Walk through njeskutchny sad' the Merit Award in 2008?,Confédération Internationale des Accordéonistes,multi-hop,"The question requires first identifying the artist who recorded the specific piece and then determining the organization that awarded them in 2008. This involves two distinct steps of reasoning, making it a multi-hop question."
570580694d,"Which record label released the album Solinari by the American doom metal band which recorded the songs 'Phoenix Moons (1995 instrumental demo)' and 'She, the Master Covets' in 1999?",Relapse Records,multi-hop,"The question requires two steps: first identifying the band based on the mentioned songs and year, then determining the record label for their 'Solinari' album. This involves connecting information from different sources (song details to band identity, then band to album label)."
4408cda92e,Which American former actress sang the theme song for the 1982 film with the same name as the recording by Jessica Penner?,Phoebe Cates,multi-hop,"The question requires identifying a film from 1982 that shares its name with a Jessica Penner recording, then finding an American former actress who sang its theme song. This involves connecting multiple entities (film, recording, actress) through sequential reasoning steps, making it a multi-hop question."
5046742c77,"Which railway line serves the transit stop with 3 tracks on the Takayama Line in Gifu Prefecture, Japan?",Takayama Main Line,one-hop,"The question asks for the railway line serving a specific transit stop with 3 tracks on the Takayama Line. The answer is directly implied as the 'Takayama Line' itself, requiring only a single step of factual retrieval. No additional reasoning or cross-referencing is needed."
555b167f6a,"In the 2011 film which was executive produced by both Mingyu Peng and Xu Jinglei, what is the profession of the character Amy, played by Xu Jinglei?",investment bank official,multi-hop,"The question requires identifying the 2011 film co-produced by Mingyu Peng and Xu Jinglei, then determining the profession of the character 'Amy' played by Xu Jinglei. This involves multiple steps of connecting films, producers, characters, and roles, which necessitates multi-hop reasoning."
aa75a54baf,"What is the name of the house designed by the architect of the Edwin H. Cheney House located in Virginia Beach, Virginia?",Andrew B. Cooke House,multi-hop,"The question requires identifying the architect of the Edwin H. Cheney House and then determining another house designed by the same architect. This involves two separate steps of information retrieval and connection, making it a multi-hop question."
7d72267823,"What is the name of the film based on the novel of the same name by the author of ""Sommersgate House"", released on February 14, 2020?",The Will,multi-hop,"The question requires three steps: identifying the author of 'Sommersgate House', finding their other novel with the same name as the film, and confirming the film's release date. This involves connected reasoning across multiple facts."
3e3df459f7,"Which record label released the single ""Because You're Young"" by the band with the same name as the song by Protex on March 12, 1982?",Chrysalis Records,multi-hop,"The question requires two steps: identifying the band name from Protex's song title and then determining the record label that released the band's single. This involves connecting information from different sources, making it a multi-hop question."
fb1ed18780,What is the name of the main character in the 2006 novel with the same name as the film produced by Faulkner-McLean Entertainment?,Moon Blake,multi-hop,"The question requires multiple steps: first identifying the film produced by Faulkner-McLean Entertainment, then linking it to the 2006 novel with the same name, and finally determining the main character of that novel. Each step depends on prior information, making it a multi-hop query."
ea1e96247f,"What was the name of the university where the author of ""Using Hypnotism: Expert Tips from the Creator of the Manchurian Candidate Or Mind-Controlled Assassin"" served as chairman of the Department of Psychology?",Colgate University,multi-hop,"The question requires two steps: first identifying the author of the book ""Using Hypnotism"", and then determining the university where that author served as chairman of the Department of Psychology. This multi-step process involves connecting information from different sources, which classifies it as a multi-hop question."
5be7c09e5c,"What is the title of the Israeli film directed by the author of ""Unfair to Goliath"" released in 1971?",The Policeman,multi-hop,"The question requires multiple steps: identifying the author of 'Unfair to Goliath,' confirming their role as a film director, and then finding an Israeli film they directed in 1971. Each step depends on prior information, making it a multi-hop question."
eee5dd9bae,What is the name of the heavy metal/punk band that the recording artist of the song 'Chicks Dig Bad Boys' is a member of?,Löded Diper,multi-hop,The question requires two steps: first identifying the artist of 'Chicks Dig Bad Boys' and then finding the band they are a member of. This involves linking multiple pieces of information.
ccba48959d,"Which music group released the compilation album 'Classic Hits of the composer of the compositions ""Winter Song"" and ""Sunday Morning Sunshine"" in 2003?",Warner Music Group,multi-hop,"The question requires identifying the composer of two songs first, then determining which music group released a compilation album of their hits in 2003. This involves two steps of information retrieval, making it a multi-hop question."
11baf30e8b,"In the 1917 film also known as ""FIGHTING FOR LOVE"", what is the name of the kingdom's ruler who is beloved by her people?",Sylvia,one-hop,"The question asks for the name of a specific kingdom's ruler in the 1917 film 'Fighting for Love,' which requires identifying a single entity (the ruler's name) from the film's context. This is a direct factual query about a property of the film, not requiring multiple steps of reasoning or connecting disparate pieces of information."
87ab345cb2,"Which record label released the album ""The Strainge Case of Steve"" by the band which recorded the tracks 'Psychlops' and 'Nightmare' in 2023?",Cuneiform Records,multi-hop,"The question requires identifying the band from their 2023 tracks 'Psychlops' and 'Nightmare' first, then determining the record label of their album 'The Strainge Case of Steve'. This involves multiple steps of connecting information from different sources."
c6c7bfd529,Which South Korean entertainment company distributed the debut studio album 'The Awakening: Written in the Stars' by the artist who recorded 'Call My Name' and 'Gas Pedal'?,Kakao Entertainment,multi-hop,"The question requires first identifying the artist through their songs 'Call My Name' and 'Gas Pedal', then determining the South Korean entertainment company responsible for distributing their debut album. This involves two interconnected steps of reasoning, making it multi-hop."
f44f0e9a07,"Which church in Scania, Sweden, designed by the architect of AB Börringekloster Huvudgård and Öved Kyrka, was inaugurated in 1788?",Sofia Albertina Church,multi-hop,"The question requires identifying a church in Scania, Sweden, designed by the same architect who worked on AB Börringekloster Huvudgård and Öved Kyrka, and inaugurated in 1788. This involves connecting multiple pieces of information (architect's identity, two specific buildings, and the inauguration date) through reasoning, making it a multi-step query."
50c8e9c4d9,"What is the brand name of the urban oldies format that the radio station using the slogan 'Philly's Favorite Classic R&B' flipped to on December 10, 2018?",Classix 107.9,multi-hop,"The question requires identifying the radio station associated with 'Philly's Favorite Classic R&B,' determining its format change on a specific date, and extracting the brand name of the new 'urban oldies' format. This involves multiple steps (connecting entities, dates, and formats) and cannot be resolved with a single direct fact."
56ad4fb66c,"In which Irish city was Castle Hackett, a filming location for the movie with the same name as a book with Dewey decimal number 942.0164092$220, located?",Tuam,multi-hop,"The question requires multiple steps: 1) Decoding the Dewey decimal to identify the book/movie, 2) Linking it to the filming location 'Castle Hackett', and 3) Determining which Irish city the castle is located in. This involves connected reasoning across domains (library classification, film, geography)."
214c5375a4,What is the name of the British motorcycle manufacturer that first showed the motorcycle with the same name as a composition by Snail Mail in 1938?,Brough Superior,multi-hop,"The question requires identifying a British motorcycle manufacturer linked to both a specific historical motorcycle model (1938) and a song title by Snail Mail. This involves connecting two distinct pieces of information (music and automotive history), which necessitates multiple steps of cross-referencing."
d7d490bdfb,"What was the maiden name of Anne Berkeley, Baroness Berkeley, who was a lady-in-waiting to the person with the same name as a play first performed on 2010-07-24?",Anne Savage,multi-hop,"The question requires multiple steps: identifying the play performed on 2010-07-24, finding the person with the same name, locating the historical figure Anne Berkeley connected to that person, and determining her maiden name. This chain of dependencies necessitates multi-hop reasoning."
c54a2c2682,"Which record label released the compilation album 'Bootleg Retrospective' by the band which recorded the songs 'So Tough (outtake)' and 'Earthbeat 12""'?",Y Records,multi-hop,"The question requires identifying the band through specific songs and then determining the record label of their compilation album, involving two steps of connected reasoning."
faaf987107,Which football club did the English person Chris Bush join on loan from Gateshead in January 2013?,Lincoln City,one-hop,"The question asks for a direct fact: the football club Chris Bush joined on loan from Gateshead in January 2013. It requires retrieving a single piece of information about a specific historical transfer, without needing multi-step reasoning or connecting unrelated entities. A one-hop question involves a direct query of a single fact, which fits this case."
3bf7b946b5,What was the original name of the insurance company which is also known as Nationwide Mutual Group?,Farm Bureau Mutual Automobile Insurance Company,one-hop,"The question asks for the original name of an insurance company (Nationwide Mutual Group), which is a single entity's property. If the original name is a directly known fact, it requires a one-hop retrieval."
718bbe830d,"In the 1998 Indian Malayalam film with the screenplay by A.R. Mukesh, what is the name of the character played by the actor Prem Kumar?",Jayan,multi-hop,"The question requires identifying the 1998 Malayalam film with a screenplay by A.R. Mukesh, then determining the character name portrayed by Prem Kumar. This involves multiple steps of connecting entities (screenplay → film → actor → character), making it a multi-hop question."
62c7ec05bf,"According to Auguste Bontems-Lefort, a contemporary French military envoy to Iran, which army looted and seriously damaged the religious buildings in Echmiadzin of the people who speak the same language as is used in the media item 'Our Yard'?",Russian army,multi-hop,The question requires connecting the language used in 'Our Yard' to the ethnic group in Echmiadzin (Armenian) and then identifying the army responsible for their religious sites' destruction. This involves multiple steps of inference.
f35aac94b1,"Which artist created the sculpture of the person with the same name as the singer of 'The Dundee Weaver' that was unveiled on Sheriff Street, Dublin?",Vera Klute,multi-hop,The question requires identifying the singer of 'The Dundee Weaver' (Thomas Moore) and then determining the artist who created the sculpture of Moore in Dublin. This involves two distinct steps of reasoning and connecting information from different sources.
40c4ffbb63,"Which streaming service signed a deal with STX Entertainment to produce an animated television series based on the film with a soundtrack of the same name, classified as Adventure, in May 2018?",Hulu,multi-hop,"The question requires connecting multiple pieces of information: the streaming service, the deal with STX Entertainment, the animated series, the film/soundtrack name, and the Adventure classification. It involves linking the deal from May 2018 to the specific service, which necessitates multi-step reasoning."
fdee0ec15a,"According to a study from 2019, which size of firms in the country where Atelaw Yeshetela Bekele and Mohamed Kedir were born face the highest tax burden?",small firms,multi-hop,The question requires three steps: 1) Identifying the country of birth for both Atelaw Yeshetela Bekele and Mohamed Kedir. 2) Locating a 2019 study about tax burdens in that country. 3) Extracting the firm size with the highest tax burden from the study. This necessitates multiple hops to connect information across different entities and data sources.
7cfdafb8e6,"Which state attempted to sue the person who said 'If I am shot at, I want no man to be in the way of the bullet.' for enforcing the Reconstruction Acts?",Mississippi,multi-hop,"This question requires multiple steps: identifying the person who made the quote, understanding the Reconstruction Acts, and determining which state sued them for enforcing these acts. Each step involves connecting distinct pieces of information."
0956f19303,What is the name of the record label that released the vinyl version of the extended play with the same name as recordings by Dying Desolation and Dance Cult by Sevdaliza?,Music on Vinyl,multi-hop,"The question requires identifying the EP by connecting it to both Dying Desolation and Sevdaliza's 'Dance Cult', then determining the vinyl label. This involves multiple steps of information linking."
821d7ee0d5,What is the title of the debut single released in 2022 by the singer-songwriter born in Spain on 2001-12-12?,Si No Estás,multi-hop,"The question requires identifying the singer-songwriter born in Spain on 2001-12-12 (multi-step) and then finding their 2022 debut single, which involves connecting two pieces of information."
5eb276f9ea,Which celestial body is on a collision course with Earth in the TV series with episodes such as 'Beach Party' and a synopsis of 'Three friends discover they become mermaids when in contact with water.'?,a comet,multi-hop,"The question requires identifying the TV series 'H2O: Just Add Water' from the synopsis and episode title, then determining the celestial body on a collision course with Earth in that series. This involves two steps: connecting the synopsis to the series and then extracting the celestial body, making it a multi-hop question."
ad20cfe206,"Which record label released the second studio album, Absolute Value, by the Boston rapper who recorded the track 'Live'?",Fat Beats Records,multi-hop,"The question requires identifying the Boston rapper who recorded 'Live' (first hop) and then determining the record label for their second studio album, 'Absolute Value' (second hop). This two-step reasoning makes it multi-hop."
370f75d9cc,Which team defeated the team also known as Sea-Port Cascades in the final to become the 2016 American Ultimate Disc League Champions?,Dallas Roughnecks,multi-hop,"The question requires resolving the nickname 'Sea-Port Cascades' to identify the actual team first, then identifying the team that defeated them in the 2016 American Ultimate Disc League final. This involves multiple steps of information retrieval and logical connections."
aa91151e7d,What was the name of the electorate for which a by-election was held in the Australian state where John de Vries and Jim West were born on 1 February 1878?,East Macquarie,multi-hop,"The question requires multiple steps: identifying the Australian state where John de Vries and Jim West were born, confirming it is the same state, and then determining the electorate name for a by-election held there on 1 February 1878. This involves connecting historical events, biographical data, and electoral information."
09b5527034,Which tribe did the tribe of the fictional character whose child is Osman Bey seek refuge with after the Mongols massacred half of their tribe in Erzurum?,Dodurga,multi-hop,"The question requires multiple steps: identifying the fictional character (whose child is Osman Bey), determining their tribe, and then finding the refuge tribe after a massacre. It involves connecting entities and events across different contexts."
37d8e380c3,"According to Mary Louise Graffam, what did she and others argue would free the ethnic group which includes Cherkesogai from Turkish domination?",an independent Armenia,multi-hop,"The question requires identifying Mary Louise Graffam's argument and linking it to the solution for freeing an ethnic group (Cherkesogai-related). This involves multiple steps, connecting Graffam's argument, the ethnic group's identity, and the proposed solution."
21904e55cb,Find the person who was the set decorator for both A Quiet Place Part II and The Truman Show.,Nancy Haigh,multi-hop,"The question requires identifying the set decorator for two distinct movies and finding their common person. This involves retrieving information about two separate films and comparing their set decorators, which necessitates multiple steps of reasoning."
52adff4aab,When was the person born who served as the film editor for both The Fall Guy and Deadpool 2?,1965-07-06,multi-hop,"The question requires identifying the film editor(s) of both 'The Fall Guy' and 'Deadpool 2' and then retrieving the birthdate of that individual. This involves multiple steps of connecting movie credits to personal biographical data, making it a multi-hop question."
ddd269e809,Consider the common individuals who created How to Get Away with Murder and wrote Grey\'s Anatomy. What are the books they have written that were published before 2009?,The Hollywood Assistants Handbook: 86 Rules for Aspiring Power Players,multi-hop,"The question requires identifying the common individual(s) between creating 'How to Get Away with Murder' and 'Grey's Anatomy' (Shonda Rhimes), then determining the books they wrote published before 2009 (e.g., 'The Starter Wife' and 'The Royal We'). This involves connecting two pieces of information and filtering by a temporal constraint, indicating multi-hop reasoning."
9de59461e6,Who directed the casting for the film American Pie?,Joseph Middleton,one-hop,"The question asks for the specific individual who served as the casting director for the film 'American Pie,' which requires retrieving a single direct fact from the film's production credits. This does not involve connecting multiple entities or steps."
4d3e9187ca,"For the teams that both Roy Keane and Steve Cooper coached, find the one with the earliest coaching start date by either of them. What is the founding date of that particular team?",1865,multi-hop,"The question requires identifying teams coached by both Roy Keane and Steve Cooper, comparing their coaching start dates, and retrieving the founding date of the team with the earliest start date. This involves multiple steps and connecting different data points, making it a multi-hop question."
14667c2b30,"Considering the films released in 2019-12-16 that featured both Kylo Ren and Ahsoka Tano, which female actors played the character Ahsoka Tano?",Ashley Eckstein,multi-hop,"The question requires multiple steps: first identifying films released on 2019-12-16 featuring both characters, then determining the actor who played Ahsoka Tano in those films. It involves cross-referencing release dates, character appearances, and actor casting data. No existing live-action/cinematic film features Ahsoka Tano (a character primarily from animated series) alongside Kylo Ren."
d1e126d2ba,List the films released in 2015-08-19 that were produced by the same person who was the producer of Interstellar and the screenwriter of Oppenheimer.,Quay,multi-hop,The question requires identifying a person based on their roles in two different films (producer of Interstellar and screenwriter of Oppenheimer) and then listing their produced films from a specific date. This involves multiple steps of connecting information across different sources.
ad384f92d4,"Of all the films directed by Taylor Sheridan, who was in charge of set decoration for the one released earliest?",Goar Galstyan,multi-hop,The question requires two steps: first identifying the earliest film directed by Taylor Sheridan and then determining the set decorator for that specific film. This involves connecting information from different sources (filmography and production crew details).
5ffdf2e36c,Name the costume designer of the earliest released film where the fictional character Hannibal Lecter made an appearance.,Colleen Atwood,multi-hop,"The question requires two steps: first identifying the earliest film featuring Hannibal Lecter ('Manhunter', 1986) and then determining its costume designer (Mary Grant). This involves connecting information across two distinct facts."
84bc4e937d,"For the character Katniss Everdeen, which female actors were in the films that are sequels to The Hunger Games and also belong to the film series The Hunger Games?",Jennifer Lawrence,multi-hop,"The question requires identifying sequels to The Hunger Games within the same film series and then determining the female actors in those films. This involves multiple steps (e.g., identifying sequels, extracting actors) and connecting information from different sources."
5241e197bd,"Who designed the production of the films that Stephen Moyer directed, which were released in 2018-06-24?",Mark Larkin,multi-hop,The question requires identifying the films directed by Stephen Moyer released on 2018-06-24 (first hop) and then determining the production designer(s) for those films (second hop). This multi-step process necessitates connecting information across different entities.
f273d2c5d5,What is the name of the cinematographer who worked on the film that is a prequel to The Empire Strikes Back and also included in the Star Wars original trilogy series?,Gilbert Taylor,multi-hop,"The question requires identifying the film that is a prequel to 'The Empire Strikes Back' (which is 'Star Wars: Episode IV - A New Hope') and then determining the cinematographer of that film. It involves two steps of reasoning, making it multi-hop."
869caffd27,Find the oldest book written by a producer of the film Challengers.,Between U and Me: How to Rock Your Tween Years with Style and Confidence,multi-hop,"The question requires multiple steps: first identifying the producers of the film 'Challengers,' then finding the books written by those producers, and finally determining the oldest one. This involves connecting entities and comparing data across steps."
b4ba0a0256,"If a film starring Clint Barton was released in 2019-04-22, what was its release date in the US?",2019-04-26,one-hop,"The question provides the release date of the film as 2019-04-22 and directly asks for the US release date. Since the answer is implied to be the same date (assuming a direct fact), it requires only a single retrieval step without needing to connect multiple pieces of information."
d1e8be0bf2,"Among all the films produced by Michael Caine, who edited the film that came out first?",John Trumper,multi-hop,"The question requires first identifying all films produced by Michael Caine, then finding the earliest one, and finally determining its editor. This involves multiple steps of connected information retrieval."
5bf7df3d78,"Among the directors of the film series to which the film Wishmaster belongs, who was born earliest?",Jack Sholder,multi-hop,"The question requires identifying the film series of 'Wishmaster', finding its directors, and determining the earliest birth date among them. This involves multiple steps of connecting information, making it a multi-hop question."
5c9d4999b4,Determine the art director who worked on both Paddington and Harry Potter and the Prisoner of Azkaban.,Steven Lawrence,multi-hop,"The question requires identifying an art director who worked on two specific movies, necessitating information retrieval and comparison from both films' production details. This involves multiple steps of reasoning."
78c9629c79,What is the release date of the most recently released film among all films written by Norm Macdonald?,2022-05-30,multi-hop,"The question requires multiple steps: 1) identifying all films written by Norm Macdonald, 2) determining the most recent one, and 3) retrieving its release date. This involves connecting and comparing information from different sources, which necessitates multi-hop reasoning."
276d5d420d,"Among all the films directed by Robert De Niro, find the cinematographer of the film with the maximum release date.",Robert Richardson,multi-hop,"The question requires multiple steps: first identifying all films directed by Robert De Niro, then determining the one with the latest release date, and finally retrieving the cinematographer for that film. Each step involves distinct data retrieval and logical comparisons, making it a multi-hop question."
7d28d33989,"Regarding the film Wayne\'s World, who designed the costumes for its subsequent film?",Melina Root,multi-hop,"The question requires identifying the subsequent film to 'Wayne's World' (which is 'Wayne's World 2') and then determining its costume designer. This involves two distinct steps: first, connecting 'subsequent film' to 'Wayne's World 2' and second, retrieving the costume designer for that specific movie. The reasoning requires linking entities across multiple knowledge points."
de1a636d1c,Determine the art director who worked on both Cheaper by the Dozen and Forgetting Sarah Marshall.,Scott Meehan,multi-hop,"The question requires identifying an art director who worked on both mentioned movies, necessitating multiple steps to verify the involvement in each film separately and compare the results. This involves connecting information from two different sources."
cfbb2bc26f,Find the cinematographer of the film that is a direct sequel to Pitch Perfect.,Jim Denault,multi-hop,"The question requires identifying the direct sequel to 'Pitch Perfect' (which is 'Pitch Perfect 2') and then finding the cinematographer of that film. Since it involves two distinct pieces of information (sequel identification and cinematographer), it is a multi-hop question."
57eb20f77c,Identify the TV show that features Eobard Thawne and has the minimum end date among all such shows.,Batman: The Brave and the Bold,multi-hop,"The question requires identifying all TV shows featuring Eobard Thawne (a character) and then comparing their end dates to find the minimum. This involves multiple steps of information retrieval and comparison, making it a multi-hop question."
02e248319e,Which person was responsible for the production design of the earliest released movie directed by Steve Guttenberg?,Mark Harper,multi-hop,"The question requires three steps: 1) identifying the movies directed by Steve Guttenberg, 2) determining the earliest released one, and 3) finding its production designer. Each step involves distinct information retrieval, requiring multi-hop reasoning."
3728a9a642,Find the production designer of the earliest released movie written by Jordan Peele.,Aaron Osborne,multi-hop,"The question requires first identifying the earliest movie written by Jordan Peele and then determining its production designer, which involves multiple steps and connecting different pieces of information."
3b2cb7b8f9,Which individuals were the casting directors of the movies written by Paul Reubens with a release date of 1988-12-21?,Diane Dimeo,multi-hop,"The question requires multiple steps: 1) identifying movies written by Paul Reubens, 2) filtering them by the specific release date (1988-12-21), and 3) retrieving the casting directors for the filtered results. Each step involves distinct data connections and dependencies."
f4a1d62bd4,What person wrote the screenplay for the earliest movie starring the fictional character Billy the Kid?,Edward J. Montagne,multi-hop,"The question requires identifying the earliest movie featuring Billy the Kid, then determining its screenplay writer. This involves multiple steps: finding the character's filmography, establishing the earliest release, and retrieving the writer. Hence, it is a multi-hop question."
741cc565de,"Among the films produced by the intersection of producers of The Watchers and screenplay writers of Trap, what is the oldest release date?",Praying with Anger,multi-hop,"The question requires identifying producers of 'The Watchers' and screenplay writers of 'Trap', finding their intersection, and then determining the oldest release date among their shared films. This involves multiple steps of connecting entities and comparing data, making it a multi-hop question."
7d547491cc,"What are the names of the players who were drafted by teams common to both Stephen Curry and Wilt Chamberlain, and whose active period with the team ended on 2008-12-18?",Richard Hendrix,multi-hop,"The question requires multiple steps: identifying teams common to both players' drafts, finding players drafted by those teams, and checking their active periods. It involves connecting different pieces of information, making it multi-hop."
d633a9625c,What female actors were cast as Merit in films produced by Travis Kelce that came out before 2025?,Sonequa Martin-Green,multi-hop,"This question requires multiple steps: (1) identifying films produced by Travis Kelce, (2) checking which of those films feature a character named Merit, (3) listing female actors who played Merit, and (4) filtering by films released before 2025. Each step depends on distinct information, making it a multi-hop question."
9443ea4a26,Tell me the date of birth of the person who produced It\'s Complicated as well as The Truman Show.,1958-07-14,multi-hop,"The question requires identifying the shared producer of two movies (""It's Complicated"" and ""The Truman Show"") and then retrieving their date of birth. This involves two distinct steps: connecting movies to a producer and fetching biographic data."
dda375f086,Who designed the production of the films released in 2012-08-24 and featuring Holly Willoughby as an actor?,Tom McCullagh,multi-hop,"The question requires identifying films released on 2012-08-24 featuring Holly Willoughby, then determining their production designer(s). This involves multiple steps: 1) finding the film(s) with release date + actor, 2) retrieving the production designer(s) for those films. The chain of reasoning spans multiple entities and relationships."
cb127f7e3b,"What were the award categories won by the person who was president when Dick Cheney was vice president, at the ceremony on 2018?",Liberty Medal,multi-hop,"The question requires identifying the president when Dick Cheney was vice president (George W. Bush), then determining the award categories he won at a 2018 ceremony. This involves multiple steps: connecting Cheney's vice presidency to Bush, and then linking Bush to 2018 awards. It necessitates cross-referencing two distinct pieces of information."
22ba04b3f7,Identify the person who served as executive producer for The Ministry of Ungentlemanly Warfare and producer for The Rental. Which film produced by this person has the minimum release date?,At Any Price,multi-hop,"The question requires first identifying the person through two different production roles (executive producer for one film and producer for another). Then, it necessitates comparing the release dates of films produced by this person to find the minimum. This involves multiple steps and data connections, making it multi-hop."
285f02b2ff,Can you name the trainer shared by both Coco Gauff and Andy Murray?,Brad Gilbert,multi-hop,"The question requires identifying the shared trainer between two athletes, which involves retrieving information about each athlete's trainer and comparing them. This multi-step reasoning process indicates a multi-hop question."
a01ad1740a,"For the person who is credited as the screenwriter on both Fifty Shades of Grey and Venom: The Last Dance, what is their birth date?",1974-01-10,multi-hop,"The question requires first identifying the screenwriter credited on both movies (Fifty Shades of Grey and Venom: The Last Dance), then retrieving their birth date. This involves two distinct steps of information retrieval and comparison."
3e2c77289d,Find the person who did the set decoration for the most recently released film that Daisy Duke appeared in.,Robin Peyton,multi-hop,"The question requires first identifying the most recent film Daisy Duke appeared in and then finding the set decorator for that film. This involves multiple steps of information retrieval, making it a multi-hop question."
7060edd410,"Of the films produced by Kevin Gage, find the person who provided the story for the earliest one.",Shane Ryan,multi-hop,"The question requires three steps: identifying films by Kevin Gage, determining the earliest film, and finding its story provider. Each step depends on prior information, necessitating multiple hops."
3b430c98ca,"For the films written by Norm Macdonald and released on 1998-06-12, who composed the music?",Richard Gibbs,multi-hop,"This question requires two steps: first, identifying the films written by Norm Macdonald released on 1998-06-12, and second, determining the music composer for those specific films. Since it involves connecting multiple pieces of information, it is classified as multi-hop."
5a28182564,"Regarding the film Home Alone 2: Lost in New York, who designed the costumes for its subsequent film?",Jodie Lynn Tillen,multi-hop,The question requires identifying the subsequent film to 'Home Alone 2: Lost in New York' and then finding its costume designer. This involves two steps: determining the next film in the series and retrieving the designer's name.
e330b6400b,"Of the films directed by Marty Feldman, who designed the production of the film released last?",Lawrence G. Paull,multi-hop,"The question requires first identifying the films directed by Marty Feldman, determining the most recently released among them, and then finding out the production designer of that specific film. This involves multiple steps of information retrieval and connection."
9f847efa21,What person is the oldest spouse of the people who created the TV program Derry Girls?,Tobias Beer,multi-hop,"The question requires multiple steps: first identifying the creators of Derry Girls, then finding their spouses, and finally determining the oldest among those spouses. This involves chained logical steps and combining information from different sources."
f6c230d900,"Considering all executive producers of The Hunger Games, find the earliest released book written by them.",FIRE PROOF,multi-hop,"The question requires first identifying the executive producers of The Hunger Games, then retrieving each producer's authored books, and finally comparing their publication dates to find the earliest. This involves multiple steps of information retrieval and comparison, making it a multi-hop question."
6142e8302d,"Considering the films that Roger Clemens acted in, who composed the music for the film with the earliest release date among them?",Elliot Goldenthal,multi-hop,"The question requires first identifying the films Roger Clemens acted in, determining the earliest release date among them, and then finding the composer of that specific film. This involves multiple steps of information retrieval and comparison."
f8adf82831,"For the person who worked on the screenplay for both The Princess Bride and Misery, what is their wedding date?",1961-04-15,multi-hop,The question requires first identifying the person who worked on both screenplays (William Goldman) and then determining their wedding date. This involves two distinct steps of information retrieval.
d3ff02df59,"Before 1997, who designed the costumes for the films that Kevin Spacey directed?",Isis Mussenden,multi-hop,"The question requires identifying the costume designers for multiple films directed by Kevin Spacey before 1997, which involves multiple steps (e.g., listing pre-1997 films, retrieving costume designers for each). This necessitates connecting information from different films and sources."
2cd573dc82,Which person was the cinematographer for the earliest released movie written by Brittany Snow?,Sandra Valde-Hansen,multi-hop,"The question requires three steps: 1) Identifying movies written by Brittany Snow, 2) Determining the earliest released one among them, 3) Finding the cinematographer of that specific movie. These sequential dependencies require multi-hop reasoning."
4a02d18ab0,Take the cricket teams that Ravi Shastri and Gary Kirsten both coached. Consider the team among them with the highest 'from' date for coaching. Who from that team's roster history has a start date of 2004-09-05?,Dinesh Karthik,multi-hop,"The question requires multiple steps: 1) Identify teams coached by both Ravi Shastri and Gary Kirsten, 2) Find the team with the highest 'from' date, and 3) Retrieve the roster member with a specific start date from that team. These interconnected steps necessitate multi-hop reasoning."
9b1feeaa82,"For the person who was a coach for Boston Red Sox and a manager for Chicago White Sox, which of their spouses had a start date equal to 2013?",Kathryn Venable,multi-hop,"The question requires identifying a person with specific roles in two different teams, then finding their spouse with a start date of 2013. This involves multiple steps of connecting entities (person → spouses → start date), making it multi-hop."
b54ba6cabf,Who are the cinematographers of the films directed by Kevin Spacey that were released in 1996-09-09?,Mark Plummer,multi-hop,"The question requires identifying films directed by Kevin Spacey released on 1996-09-09 and their cinematographers. First, it needs to confirm which films Kevin Spacey directed in that timeframe, then determine the cinematographers. This involves multiple steps of information retrieval and connection."
ce389bdbe2,List the female actors who played the character Senapathy\'s Wife in the film that came before Indian 2.,Sukanya,multi-hop,"The question requires first identifying the predecessor film of 'Indian 2' and then retrieving the female actors who played the role of Senapathy's Wife in that specific film. This involves two distinct steps of reasoning and data retrieval, making it a multi-hop query."
11b23fd878,Who among the female cast played the character Young Iduna in the sequel of the film Frozen?,Delaney Rose Stein,one-hop,"The question requires identifying a specific character (Young Iduna) in a specific sequel (Frozen II) and the corresponding female cast member. This is a single direct query about a character's actor, making it one-hop."
7bac74bedf,Find the organization of education where the host of the TV program The Kitchen had an end date equal to 2000.,Bradley University,multi-hop,"The question requires identifying the host of 'The Kitchen', determining their end date in 2000, and then finding the associated educational organization. This involves multiple steps of connecting entities (host → program → end date → education), making it a multi-hop question."
d2ea9585c5,What books released on 2016-11-15 were written by the head coach of the basketball team Arkansas Razorbacks men\'s basketball?,Success Is the Only Option: The Art of Coaching Extreme Talent,multi-hop,"The question requires first identifying the head coach of Arkansas Razorbacks men's basketball in 2016, then determining if they authored any books released on 2016-11-15. This involves two distinct factual queries (coach's identity + book releases), necessitating multi-hop reasoning."
613a99d7a6,What is the release date of the latest film directed by Rita Wilson?,2007-10-05,multi-hop,"The question requires first identifying the latest film directed by Rita Wilson and then determining its release date, involving two steps of reasoning."
377c49313f,"Of the films produced by Sheila Kelley, find the set decorator of the film with the maximum release date.",Chris Tunney,multi-hop,"The question requires multiple steps: first identifying the films produced by Sheila Kelley, then finding the film with the maximum release date among them, and finally determining the set decorator for that specific film. This necessitates connecting data from different sources/contexts."
1601c07605,Find the female actor who took on the role of Ravenclaw Student in the earliest released film in which the fictional character Cedric Diggory appears.,Sarah Harrison,multi-hop,"The question requires two steps: identifying the earliest film where Cedric Diggory appears (Goblet of Fire, 2005) and determining the female actor playing a Ravenclaw student in that film (e.g., Katie Leung as Cho Chang). This multi-step reasoning classifies it as 'multi-hop'."
c1a10c0a78,Who wore the minimum jersey number in the team that emerged as the champion of UEFA Euro 2016?,Rui Patrício,multi-hop,"The question requires identifying the champion of UEFA Euro 2016 (Portugal), then retrieving the jersey numbers of their players, finding the minimum number, and determining the player who wore it. This involves multiple steps of reasoning and data retrieval."
83d9bd0fae,What is the date of birth for the person who wrote the book series The Quintessential Quintuplets?,1991-07-27,multi-hop,"The question requires identifying the author of 'The Quintessential Quintuplets' and then retrieving their date of birth, which involves two distinct pieces of information. This two-step process (book series → author → date of birth) classifies it as multi-hop."
e6d122e40f,Who is the mascot for the sports team Dallas Wings?,Lightning,one-hop,"The question asks for the mascot of a specific sports team, which is a direct factual inquiry. No multiple steps or connections are required."
b5ef1c4107,"Among all the films produced by Bárbara Mori, who edited the film that came out first?",Jorge Macaya,multi-hop,"The question requires multiple steps: 1) Identify all films produced by Bárbara Mori, 2) Determine the film with the earliest release date among them, 3) Find the editor of that specific film. This necessitates connecting information from different sources/contexts."
d1aa9cd679,"Among the films released in 1993-04-10, which ones were produced by the person who both created Dexter and was a writer for The Sopranos?",The Positively True Adventures of the Alleged Texas Cheerleader-Murdering Mom,multi-hop,The question requires identifying a person who has worked on two separate TV shows (created Dexter and wrote for The Sopranos) and then determining the films they produced on a specific date. This involves multiple steps of reasoning and connecting information from different sources.
19898e3abd,Consider the costume designers of the film Psycho. Find the award category with the earliest ceremony date among the awards they have won.,Costume Designers Guild Award for Career Achievement in Television,multi-hop,"The question requires first identifying the costume designers of Psycho (one-hop), then retrieving awards they won (another hop), and comparing ceremony dates to find the earliest (additional reasoning step). This involves multiple connected steps."
1615ea9a64,"List all sports teams where the head coach of Auburn Tigers football was the coach, with a coaching end date of 2017-07-20.",Ole Miss Rebels football,multi-hop,"The question requires first identifying the head coach of Auburn Tigers football at the specified end date (2017-07-20), then listing all sports teams coached by that individual. This involves multiple steps: extracting the coach's identity (first hop) and connecting them to their other coaching roles (second hop)."
339bd53bcb,"In the films released in 2013-09-19 where Elon Musk appeared as an actor, who were the cinematographers?",Robert Rodriguez,multi-hop,"The question requires identifying films released on a specific date where Elon Musk was an actor, then retrieving the cinematographers for those films. It involves two distinct pieces of information: verifying Elon Musk's acting roles in films released on that date and then extracting the cinematographers' names. Even if the premise is false, the question structure implies multiple steps."
805b4c3dc4,What is the date of birth of the person who served as cinematographer for both films Homefront and Big Daddy?,1947-05-10,multi-hop,"The question requires first identifying the cinematographer who worked on both films 'Homefront' and 'Big Daddy' (which may involve comparing filmographies or databases), and then retrieving their date of birth. This involves two distinct steps of reasoning and data gathering, making it a multi-hop question."
075612cc20,Who handled the set decoration for the films where the fictional character Rasputia Latimore appeared and that were released on 2007-02-09?,Robert Greenfield,multi-hop,"The question requires three steps: identifying films with Rasputia Latimore, filtering by release date (2007-02-09), and retrieving the set decorator for those films. Each step depends on prior information, necessitating multi-hop reasoning."
cf91991252,Who among the female cast played the character Bar Frog in the sequel of the film Shrek?,Wendy Bilanski,multi-hop,"The question requires multiple steps: identifying the sequel of Shrek (Shrek 2), confirming the character 'Bar Frog' exists in it, and then determining the female cast member who played that character. Even if there's potential confusion (e.g., Bar Frog is actually a male character), the question demands connecting information across multiple sources or layers of reasoning."
2004838780,What is the release date of the latest film directed by Demi Moore?,2011-10-10,multi-hop,"The question requires two steps of reasoning: first identifying the latest film directed by Demi Moore, and then determining its release date. The answer is not a single direct property of Demi Moore but depends on connected entities (the film) and its properties."
487db3afee,Find the female actor who took on the role of Employment Agent in the earliest released film in which the fictional character Wednesday Addams appears.,Kate McGregor-Stewart,multi-hop,The question requires identifying the earliest film featuring Wednesday Addams (a multi-step process involving film release dates) and then finding the actress who played the Employment Agent in that specific film. This involves connecting two pieces of information through multiple steps.
5f2a213cda,"Who is the person who started their marriage most recently, and is or was married to one of the editors of the film Inglourious Basterds?",Dean Parisot,multi-hop,"This question requires multiple steps: first identifying the editors of 'Inglourious Basterds', then finding their spouses, and finally determining which spouse has the most recent marriage start date. The reasoning involves connecting multiple entities and comparing data, making it a multi-hop question."
4a4b73c910,What is the date of birth for the persons who were writers for both South Park and Modern Family?,1976-09-24,multi-hop,"The question requires identifying writers for both TV shows (South Park and Modern Family) and then finding their dates of birth. This involves multiple steps: first retrieving the overlap of writers between the two shows, then fetching each person's birth date. Each step connects different data sources."
b5fa036b6c,"Among all the sports teams coached by Gianluca Zambrotta, which one has the latest end date for coaching?",Jiangsu F.C.,multi-hop,"The question requires identifying all sports teams coached by Gianluca Zambrotta and comparing their coaching end dates to find the latest one, which involves multiple steps of reasoning."
840cad8614,"Considering all the films where Roger Clemens is an actor, which one was released first?",Cobb,multi-hop,"The question requires two steps: first identifying all films of Roger Clemens and then determining which one was released first. Even ifRoger Clemens is not an actor (he's a former baseball player), the structural requirement of multiple steps makes this a multi-hop question."
77665bb15b,Who directed the casting for the film Portrait of a Lady on Fire?,Christel Baras,one-hop,"The question asks for the specific individual who directed the casting for the film 'Portrait of a Lady on Fire'. This is a single, direct fact that can be answered by identifying the casting director, which is a specific role. It does not require connecting multiple pieces of information or relationships."
4b8dfe4514,Find the film with the minimum release date among the films written by Alison Brie.,Horse Girl,multi-hop,"The question requires first identifying all films written by Alison Brie and then determining the one with the earliest release date, which involves multiple steps of filtering and comparison."
295408d0b5,"For the composers common to both Despicable Me 4 and Despicable Me 3, in which films with an end date of 2006-10-20 were their music contributions credited?",Two Weeks,multi-hop,"The question requires multiple steps: first identifying composers common to two films, then checking those composers' contributions in films with a specific end date. This involves connecting different pieces of information across entities and properties."
db6867cdc2,"What is the name of the university that the author of the book series My Youth Romantic Comedy Is Wrong, As I Expected attended, and which completed its academic year on 2009-03?",Meiji University,multi-hop,"The question requires two steps: first identifying the author of the book series and then determining the university they attended. This involves connecting two entities through their properties, making it a multi-hop question."
be0e4ae849,Find the cinematographer of the first film produced by Richard Pryor.,Dennis Dalzell,multi-hop,The question requires two steps: first identifying the first film produced by Richard Pryor and then determining its cinematographer. This involves connecting information about Pryor's production and the film's technical credits.
180b79ffb2,What is the oldest film produced by Catherine Deneuve?,Zig-Zag,multi-hop,The question requires identifying all films produced by Catherine Deneuve and determining the oldest one. This involves multiple steps: retrieving her filmography and comparing their production dates. It is not a direct single-fact query.
d20907caa1,"For the film with the minimum release date directed by Glenn Close, who was the film's editor?",Sarah Harvey,multi-hop,"The question requires two steps: first, identifying the film with the minimum release date directed by Glenn Close, and second, determining the editor of that specific film. This involves connecting multiple pieces of information from different sources, making it a multi-hop question."
427795b348,Find the film with the minimum release date among the films written by Diplo.,Favela on Blast,multi-hop,The question requires two steps: first identifying the films written by Diplo and then determining the film with the minimum release date among those. This multi-step reasoning makes it a 'multi-hop' question.
b598d609dc,"For the film with the earliest release date starring Harvey Weinstein, who was the costume designer?",Laura Cunningham Bauer,multi-hop,"The question requires multiple steps: identifying all films starring Harvey Weinstein, determining the earliest release date among them, and then finding the costume designer for that specific film. This involves connecting information across different entities and steps, which is characteristic of a multi-hop question."
5abdd34bbe,What is the date of founding of the organization owning the periodical Le Monde?,2000-04-12,multi-hop,The question requires identifying the organization (Les Éditions Le Monde) first and then retrieving its founding date. This involves two distinct steps of information retrieval.
41e3496212,Find the female actor who took on the role of Racer\'s Edge Clerk in the earliest released film in which the fictional character Dominic Toretto appears.,Delphine Pacific,multi-hop,"The question requires multiple steps: identifying the earliest film featuring Dominic Toretto, determining the character 'Racer's Edge Clerk' in that film, and finding the female actor who played that role. This involves connecting information across different sources and steps."
c156517007,Which female actors portrayed the character #7 Bus Driver in films produced by Lucas Cruikshank which were released in 2010-09-18?,Cassandra Braden,multi-hop,"The question requires identifying female actors who played the character #7 Bus Driver in films produced by Lucas Cruikshank and released on 2010-09-18. This involves multiple steps: verifying the films produced by Lucas Cruikshank on that date, identifying the character in those films, and confirming the actors' gender. Each step connects disparate pieces of information, necessitating multi-hop reasoning."
12a9bac56d,Which films from the year 2016-12-06 were produced by the individual who served as the executive producer of Interstellar and the producer of Pacific Rim?,The Great Wall,multi-hop,"The question requires identifying the individual who produced both 'Interstellar' (as executive producer) and 'Pacific Rim' (as producer), then checking their filmography for December 6, 2016. This involves multiple steps of entity disambiguation and cross-referencing, making it multi-hop."
955764ae0e,"Regarding the film which is the prequel of Are We Done Yet?, who handled the set decoration?",Johanne Hubert,multi-hop,"The question requires first identifying the prequel of 'Are We Done Yet?' (step 1) and then determining who handled set decoration for that prequel (step 2). This involves two distinct pieces of information and logical steps, making it multi-hop."
ecdaa0240a,"For the film that is the prequel to Taken 2, what is its release date?",2008-02-27,multi-hop,The question requires two steps: identifying the prequel to 'Taken 2' (which is the original 'Taken') and then determining its release date. This involves connecting information about film sequels/prequels and retrieving a property of the identified film.
24fcd73089,Determine the mascot for the sports team coached by Grady Sizemore with a start date of 2024.,Southpaw,multi-hop,"The question requires two steps of reasoning: 1) identifying the sports team coached by Grady Sizemore with a 2024 start date, and 2) determining the mascot of that team. This necessitates connecting information across multiple entities (coach, team timeframe, and mascot)."
afa2651409,What is the release date of the latest film directed by Marty Feldman?,1980-09-26,multi-hop,"The question requires first identifying the latest film directed by Marty Feldman and then determining its release date. Since it involves two steps of information retrieval (first finding the film, then its release date), it is a multi-hop question."
2ce6db67cc,Which female actors portrayed the character Leigh in films produced by Joey King which were released in 2022-02-11?,Brooke Jaye Taylor,multi-hop,"The question requires identifying films produced by Joey King released on 2022-02-11, then finding which female actors portrayed the character Leah within those films. This involves multiple steps of connecting information (producer, release date, character role) and is not a single direct fact. Joey King has produced films like 'The Kissing Booth: Online Fracture' (2021), but verifying the exact date and associated cast requires cross-referencing multiple data points."
7aedf25011,Find the female actor who took on the role of Fainting Girl in the earliest released film in which the fictional character Stitch appears.,Cathy Cavadini,multi-hop,"The question requires multiple steps: 1) Identifying the earliest film featuring the character Stitch (e.g., 2002's 'Lilo & Stitch'), 2) Verifying the existence of the 'Fainting Girl' role in that specific film, and 3) Determining the female actor who portrayed her. Each step depends on distinct factual checks and connections between entities, necessitating multi-hop reasoning."
b3a0c7a976,Bill Clinton acted in a film. What is the name of the female actor who played the character Sasha in that film which was released the earliest?,Eileen Kenney,multi-hop,"The question requires multiple steps: first identifying the film(s) Bill Clinton acted in, then determining which was released earliest, and finally finding the female actor who portrayed Sasha in that film. It involves connecting information across different entities (Bill Clinton, Sasha character, release date, and female actor)."
98fcc7be3e,What is the first film directed by Steve Guttenberg?,P.S. Your Cat Is Dead!,one-hop,"The question asks for the first film directed by Steve Guttenberg, which is a specific, directly answerable fact about his filmography. It does not require connecting multiple pieces of information or steps."
61b528e030,"For the films written by James Patterson and released on 1991-05-01, who composed the music?",Jay Gruska,multi-hop,"The question requires three steps: identifying films written by James Patterson, filtering by the specific release date of 1991-05-01, and then determining the music composer for those films. Each step depends on prior information, making it multi-hop."
680fd27a0d,Tell me the person who was the executive producer of Indiana Jones and the Temple of Doom and the producer of Twisters.,Frank Marshall,multi-hop,"The question requires identifying a person who held specific production roles in two different movies. This involves retrieving information about the executive producer of 'Indiana Jones and the Temple of Doom' and comparing it with the producer of 'Twisters', which involves multiple steps of reasoning."
8c35d14e2c,"Among all the films written by the creator of the TV Program The Sopranos, which one was released the earliest?",Grave of the Vampire,multi-hop,"The question requires identifying the creator of The Sopranos (David Chase), finding all films he wrote, and then comparing their release dates to determine the earliest one. This involves multiple steps."
10ae2adcd5,Who among the female cast played the character USC Girl #3 in the sequel of the film Taken 2?,Stephanie Honoré,one-hop,"The question requires identifying the sequel to 'Taken 2' (i.e., 'Taken 3') and then determining which female actor played 'USC Girl #3.' While it involves understanding that 'Taken 3' is the sequel, this is considered background knowledge. The core query is a single, direct lookup of an actor’s role in a specific film. No multi-step reasoning is needed beyond basic filmography knowledge."
5edae41a3e,List the films released in 2024-07-13 that were produced by the same person who was the producer of Homefront and the screenwriter of Over the Top.,Lost on a Mountain in Maine,multi-hop,"The question requires identifying a person who produced 'Homefront' and wrote 'Over the Top', then listing films they produced on 2024-07-13. This involves connecting information across multiple sources (credits for roles and films) and multiple steps of reasoning."
b78549f96b,Who is the art director of the earliest released film in which the fictional character Fat Amy appeared?,Jeremy Woolsey,multi-hop,The question requires two steps: first identifying the earliest film featuring Fat Amy (which requires comparing release dates of films featuring the character) and then determining the art director of that specific film. This involves connecting information from different sources.
98aea70394,"Regarding the film The SpongeBob SquarePants Movie, who designed the costumes for its subsequent film?",Roland Sanchez,multi-hop,"The question asks for the costume designer of the subsequent film after 'The SpongeBob SquarePants Movie.' This requires two steps: first identifying which specific 'subsequent film' is referenced within the SpongeBob franchise (e.g., sequels or spinoffs) and then retrieving the costume designer for that film. The need to connect multiple pieces of information (series structure + specific role) makes it a multi-hop question."
ebb822d9fc,What is the release date in the US for the first film that Tinker Bell was in?,1924-12-29,multi-hop,"The question requires identifying the first film featuring Tinker Bell (e.g., Disney's 'Peter Pan' from 1953) and then retrieving its US release date. This involves two steps: connecting the character to the film and fetching the release date, making it multi-hop."
a2f79933a2,Find the US release date of the film that is the prequel to Avengers: Age of Ultron.,2012-05-04,multi-hop,"The question requires identifying the prequel to 'Avengers: Age of Ultron' (a separate step) and then retrieving its release date. This involves two related pieces of information, making it multi-hop."
1ae6b7fb91,Who among the female cast played the character Pompous Woman in the sequel of the film Ace Ventura: Pet Detective?,Kristin Norton,multi-hop,"The question requires identifying the sequel to 'Ace Ventura: Pet Detective', determining the female cast member(s), and then finding the character 'Pompous Woman'. This involves multiple steps (sequel title, cast details, character role) and connecting disparate pieces of information, making it multi-hop."
b136cc6021,Provide the wedding date for the person who produced both the films The Time Traveler\'s Wife and The Host.,2001-12-26,multi-hop,"The question requires identifying the producer of two films (The Time Traveler's Wife and The Host), verifying that the same person produced both, and then retrieving their wedding date. This involves multiple steps of information retrieval and comparison."
9a8959c55b,Fatih Terim has coached several sports teams. Find the governmental jurisdiction with country Türkiye where the team they coached starting the earliest is located.,Ankara,multi-hop,"The question requires identifying Fatih Terim's earliest coached team, then determining its location in Türkiye's governmental jurisdictions. This involves multiple steps: retrieving his coaching history, comparing start dates to find the earliest team, and mapping that team to its jurisdiction. The answer cannot be found in a single direct fact, necessitating multi-hop reasoning."
f977af9c0b,Consider the cricket team coached by Gary Kirsten with the earliest end date. Which players in that team had a start date of 2022-06-26?,Umran Malik,multi-hop,"The question requires two steps: first identifying the cricket team coached by Gary Kirsten with the earliest end date, then determining which players in that team had a specific start date. This involves successive filtering/connections."
efec0770a3,"For the sports teams that drafted both Dan Marino and Skylar Thompson, identify the persons who had a roster start date of 2011-08-23.",Larry Johnson,multi-hop,"The question requires identifying sports teams that drafted both Dan Marino and Skylar Thompson, then finding persons with a specific roster start date. Dan Marino was drafted by the Bengals (1983) and Dolphins (1984), while Skylar Thompson was drafted by the Browns (2020) and later the Bills (2021). No single team drafted both players. Even if there were overlap, the question demands connecting draft data with roster start dates, requiring multi-step reasoning."
f81853c723,What person was responsible for cinematography in the most recent film written by Alain Delon?,Robert Fraisse,multi-hop,"The question requires first identifying the most recent film written by Alain Delon and then determining its cinematographer, which involves two distinct steps of information retrieval."
591018c2ce,Find the executive producer who worked on both Deadpool & Wolverine and Avengers: Age of Ultron.,Louis D\'Esposito,multi-hop,"The question requires identifying an executive producer associated with two distinct movies, necessitating comparison of data from both films' production credits. This involves multiple steps of information retrieval and analysis."
b52d67e9d4,Which films released in 2002-06-28 feature the actors who are common creators of Hey Arnold! and writers of Rugrats?,Hey Arnold!: The Movie,multi-hop,"The question requires multiple steps: first identifying the actors who are common creators of Hey Arnold! and writers of Rugrats, then determining which films released on 2002-06-28 feature them. This involves cross-referencing data from different domains (animation creators and film actors) and dates, necessitating multi-hop reasoning."
c87056f77d,What female actors were cast as Ruth in the films that Mia Goth wrote?,Tandi Wright,multi-hop,"This question requires multiple steps to answer. First, it necessitates identifying the films written by Mia Goth. Then, it requires finding which of these films have a character named 'Ruth.' Finally, it needs to determine which female actors were cast as Ruth in those films. Connecting these distinct pieces of information across different sources makes it a multi-hop question."
59ac35c5d7,"Identify the people who are the spouses of the female hosts of the TV program Wheel of Fortune, with their marriage starting on 1976-07-04.",Dick Ebersol,multi-hop,"The question requires identifying female hosts of Wheel of Fortune, determining their spouses, and verifying marriage dates starting on 1976-07-04. This involves multiple steps of reasoning and connecting entities."
7dc0c2785a,Which films from the year 2022-07-18 were produced by the individual who served as the executive producer of Deadpool 2 and the producer of The Fall Guy?,Bullet Train,multi-hop,"The question requires identifying the individual who produced Deadpool 2 and The Fall Guy (first hop), then finding films they produced on 2022-07-18 (second hop)."
06da3ec205,Which person is the composer of the music for the film written by René Angélil with the minimum release date?,Jacques Crevier,multi-hop,The question requires multiple steps: 1. Find all films written by René Angélil. 2. Identify the film with the minimum release date among them. 3. Find the composer of that specific film. This involves connecting information across entities (writer → film → composer) and requires comparative reasoning (minimum release date).
82e2cd058e,When was the person born who served as the film editor for both White Chicks and Big Daddy?,1946-01-30,multi-hop,"The question requires identifying a person who worked as a film editor on both 'White Chicks' and 'Big Daddy', then determining their birth date. This involves multiple steps: locating the film editor(s) for each movie, cross-referencing to find the overlapping individual, and retrieving their birth date. The multi-step reasoning and connection of disparate facts classify this as multi-hop."
118611600f,"If a film starring Tinker Bell was released in 2008-09-11, what was its release date in the US?",2008-10-28,multi-hop,"The question requires verifying if the given release date (2008-09-11) corresponds to the US market or another region, which involves cross-checking regional release dates. This necessitates multiple steps of reasoning."
4733566eaf,Who directed the casting for the film Over the Top?,Ron Surma,one-hop,"The question asks for a specific role (casting director) of a film, which is a direct fact."
a99364b229,"Which book, written by the production designer of Titanic, was published last?",The Man with the Golden Eye: Designing the James Bond Films,multi-hop,"The question requires identifying the production designer of Titanic, finding the books they wrote, and then determining which of those books was most recently published. This involves multiple steps of information retrieval and comparison."
0a1b913a2b,Find the female actor who took on the role of Pisuke in the earliest released film in which the fictional character Doraemon appears.,Keiko Yokozawa,multi-hop,"The question requires multiple steps: identifying the earliest Doraemon film, locating the role of Pisuke in it, and determining the actor's gender. This involves connecting multiple pieces of information from different sources."
3f93ac4132,Determine the art director who worked on both Gladiator II and The Hills Have Eyes.,Tamara Marini,multi-hop,The question requires identifying the art director from two different movies (Gladiator II and The Hills Have Eyes) and determining their overlap. This involves multiple steps of reasoning (cross-checking roles across films) and combining information from different sources.
cf196818f3,"Determine the US release date of the film with the earliest release, among films where both Cedric Diggory and Draco Malfoy appeared.",2004-06-04,multi-hop,"The question requires identifying films where both characters appear, determining the earliest one, and then finding its US release date. This involves multiple steps of information retrieval and comparison."
8cf1d0d70f,Who is the spouse of the creator of the TV Program Brooklyn Nine-Nine whose marriage started the latest?,J. J. Philbin,multi-hop,"The question requires identifying the creator of Brooklyn Nine-Nine, finding their spouses, and determining which marriage started the latest. This involves multiple steps of connecting and comparing information from different sources."
d1137a45e0,Find the cinematographer of the first film that Chirag Paswan appeared in.,Baba Azmi,multi-hop,"The question requires two distinct steps: first identifying the first film Chirag Paswan appeared in, and then finding the cinematographer of that film. This involves connecting multiple pieces of information from different sources."
aad9bcafc4,Discover the mascot of the sports teams coached by Ryan Giggs whose starting year is before 2018.,Fred the Red,multi-hop,"The question requires identifying sports teams coached by Ryan Giggs with a starting year before 2018 and then determining their mascots. This involves multiple steps: first, retrieving coaching roles and their timelines, then extracting mascot details for specific teams. The necessity to combine and filter data across these steps makes it a multi-hop question."
6691406971,Which people designed the costumes for films produced by Michael Caine which were released in 1992-10-09?,Les Lansdown,multi-hop,"The question requires identifying films produced by Michael Caine released on 1992-10-09, then finding their costume designers. This involves multiple steps: verifying production credits, release dates, and linking to costume designers. It also likely requires cross-referencing data from different sources."
9a8fd539b5,"Among the films produced by the producers of both Munjya and Stree, which ones were released before the date 2006?",Being Cyrus,multi-hop,"The question requires identifying the common producers of two films (Munjya and Stree), retrieving all films produced by those shared producers, and then filtering them based on release dates before 2006. This involves multiple steps of entity resolution, cross-referencing, and conditional filtering."
39ef51c331,Who was in charge of casting for the oldest film directed by Christopher Walken?,Adrienne Stern,multi-hop,"The question requires two steps: first, identifying the oldest film directed by Christopher Walken, and then determining the casting director for that film. Each step involves a separate piece of information."
a863b3d67a,"For the films produced by Mel Brooks and released in 1991-07-26, who were the set decorators?",Marvin March,multi-hop,The question requires identifying films produced by Mel Brooks released on 1991-07-26 (first hop) and then determining their set decorators (second hop). This two-step reasoning makes it multi-hop.
0ae742e44a,Who was responsible for art direction in the earliest released film directed by Bob Hoskins?,Jindřich Kočí,multi-hop,"The question requires two steps: first identifying the earliest film directed by Bob Hoskins (e.g., 'Popping' in 1985), then determining the art director for that specific film. This sequential dependency on multiple pieces of information classifies it as multi-hop."
57fa75fc90,Who was in charge of costume design for the film produced by Mel Brooks that has the earliest release date?,Patricia Norris,multi-hop,"The question requires first identifying the film produced by Mel Brooks with the earliest release date, then determining the costumer designer for that specific film. This involves two distinct steps of information retrieval."
403f2ca510,Provide the names of the TV programs featuring Stitch that stopped airing on 2017-04-06.,Stitch & Ai,multi-hop,"The question requires identifying TV programs featuring Stitch and verifying their cessation date, which involves connecting information about both the content and specific airing dates. This necessitates multiple steps of reasoning."
df89449993,What female actors were cast as Woman at Bog in films produced by Russell Crowe that came out before 2011?,Hannah Barrie,multi-hop,"The question requires multiple steps: first identifying films produced by Russell Crowe before 2011, then determining which of those films feature a role named 'Woman at Bog,' and finally identifying the female actors in those roles. This involves connecting production details with casting information."
7f4ff48aac,Which person was the cinematographer for the earliest released movie written by Robert Duvall?,Joseph Friedman,multi-hop,"The question requires three steps: 1. Finding movies written by Robert Duvall, 2. Identifying the earliest released among them, 3. Determining the cinematographer for that movie."
b0a05c9800,Who was the set decorator for the earliest film in which the fictional character Dominic Toretto appeared?,Florence Fellman,multi-hop,"The question requires two steps: first identifying the earliest film featuring Dominic Toretto (e.g., 'The Fast and the Furious', 2001) and then determining the set decorator for that specific film. This multi-step reasoning makes it a 'multi-hop' question."
769f77bfa9,Could you provide the birth date of the production designer who worked on both Deadpool 2 and The Fall Guy?,1978-07-17,multi-hop,The question requires identifying a production designer associated with both 'Deadpool 2' and 'The Fall Guy' (multi-step entity disambiguation) and then retrieving their birth date (second hop). This involves connecting information from movie credits and biographical data.
a7a02203f2,Find the spouse of the casting director of Wake Up Sid with the earliest marriage date.,Neil Bhoopalam,multi-hop,"The question requires multiple steps: first identifying the casting director(s) of 'Wake Up Sid', then determining their marriage dates (comparing for the earliest), and finally finding the spouse of the director with that date. This involves connecting information from different sources and steps, making it multi-hop."
b75a23bc78,"For the films written by Adrien Brody and released on 2021-06-19, who were the set decorators?",Tom J Rukavina,multi-hop,"The question requires identifying films written by Adrien Brody and released on 2021-06-19, then extracting the set decorators for those films. Multiple steps are needed: first, verifying the films' existence, then retrieving their set decorators. This involves data from different sources or entities."
e13c2dcabd,What were the TV programs broadcast by the network of both The Sopranos and The Last of Us that ended in 2002-09-08?,Arliss,multi-hop,"The question requires multiple steps: first identifying the common network of 'The Sopranos' and 'The Last of Us' (though the latter is a video game, not a TV show), then finding the TV programs broadcast by that network that ended on 2002-09-08. This involves connecting entities and dates across different data sources."
e225f2c3a6,Which composition is the fight song for the sports team that Mike Ditka most recently started coaching?,When the Saints Go Marching In,multi-hop,The question requires two steps: first identifying the sports team Mike Ditka most recently coached and then finding the fight song for that team. This involves connecting multiple pieces of information.
625ed50975,"Which region is the town that contains the Ermita de la Virgen de Avellá located in, marking the boundary between the Ports region and the Baix Maestrat?",Alt Maestrat,multi-hop,"The question requires identifying the region of a town marked by a specific landmark (Ermita de la Virgen de Avellá) that lies at the boundary between two regions (Ports and Baix Maestrat). This involves connecting the landmark to the town, determining its location at the boundary, and resolving which region it belongs to, requiring multiple steps of contextual reasoning."
af451cd26d,"What was the name of the policy that the transition to the Russian word for a tax on food production, paid in kind in the Soviet Union, and sometimes known as ""the tax in kind"" was the first act of?",New Economic Policy,one-hop,"The question asks for the name of a specific policy in the Soviet Union linked to a tax in kind on food production. While the phrasing is complex, the answer requires recalling a single direct historical fact (the 'New Economic Policy' or NEP, initiated by Lenin). No multi-step reasoning is needed beyond identifying the policy associated with the described tax."
e224d894c7,What was the name of the defunct American company that manufactured aircraft and was known as the place which is completely contained within Oregon and has the unique ID for features cataloged by the United States Geographic Names Information System of 1163191?,Orenco (aircraft manufacturer),multi-hop,"The question requires multiple steps: first identifying the specific Oregon location using the USGS ID 1163191, then determining the defunct aircraft manufacturer based on that location. This involves connecting two distinct pieces of information through logical steps."
a341ea9aa8,Which Hindu deity is also known as the lord of the Raghu dynasty?,Rama,one-hop,The question asks for a single Hindu deity associated with the Raghu dynasty. This is a direct factual query linked to a specific entity and its property (deity's name).
6873f5d8bc,In which country is the capital and chief port that was badly damaged during the Lebanese civil war of 1975-89 located?,Lebanon,one-hop,"The question asks for the country where the capital and chief port (Beirut) damaged during the Lebanese civil war is located. Since the answer is directly the country itself (Lebanon), it requires a single factual retrieval without multi-step reasoning."
6683922e1a,Which company was reorganized as a subsidiary of C.N.T.E.E. Transelectrica S.A. in 2004 through a government decision?,ICEMENERG SERVICE SA,one-hop,"The question asks for a specific company that was reorganized under C.N.T.E.E. Transelectrica S.A. in 2004 via a government decision. This is a direct factual query requiring a single piece of information, not multiple inferences or data connections."
ac8f4f83f8,Which banner's affairs did the Qing dynasty imperial prince who was the first son of Yunki supervise?,Bordered White Banner,multi-hop,"The question requires identifying the Qing emperor Yunki, determining his first son, and then finding the specific banner he supervised. This involves multiple steps of connected information."
c57ae1db2b,"Which company acquired the street-level imagery platform that scales and automates mapping using collaboration, cameras, and computer vision in June 2020?",Facebook,multi-hop,"The question requires identifying the company from a detailed description (collaboration, cameras, computer vision for mapping) and then determining its acquirer in June 2020. This involves multiple steps of reasoning and connecting information, making it a multi-hop question."
c3ecb00f7c,Which tribe did the Native American chief of the Narragansett lead when the Pilgrims landed at Plymouth?,Narragansett tribe,one-hop,"The question asks directly for the tribe led by the Native American chief of the Narragansett during the Pilgrims' landing. This is a single, specific historical fact (e.g., the tribe is the Narragansett, led by their chief). No multi-step reasoning or cross-referencing with other entities is required."
d4e228a18d,In which district of Nepal is the birthplace of Mehboob Alam located?,Saptari District,multi-hop,"The question requires first identifying the birthplace of Mehboob Alam and then determining the corresponding district in Nepal, which involves two separate pieces of information."
f5c7dd77d4,"In which state was the American ambient band, who recorded the music/song ""The Descent of Man, Part II"", formed?",Pennsylvania,multi-hop,"The question requires identifying the band from the song 'The Descent of Man, Part II' (Stars of the Lid) and then determining the state where they were formed (Texas). This involves two distinct steps."
2ace16f76c,In which archipelago is the rocky island which gives name to the Minorca chicken located?,Balearic archipelago,multi-hop,"The question requires two steps: identifying that the 'Minorca chicken' is named after the island of Minorca, and determining which archipelago Minorca belongs to (the Balearic Islands). This involves connecting knowledge about the chicken's origin to the geographical classification of the island, making it multi-hop."
18aab913cd,"What is the name of the gene that overlaps with the gene also known as CRMP-1, DRP-1, collapsin response mediator protein 1, ULIP-3, and DPYSL1?",EVC,multi-hop,"The question requires resolving multiple synonyms (CRMP-1, DRP-1, etc.) to identify the gene (DPYSL1), then determining another gene that overlaps with it. This involves two steps: synonym resolution and cross-referencing overlapping genes, making it multi-hop."
2e992dc322,"What is the name of the parish where the early successor of Saint Kerrill, Bishop of the kingdom of Soghain in what is now County Galway, established a church at Killamude?",Ballymacward,multi-hop,"The question requires identifying the parish in County Galway where a church was established by a successor of Saint Kerrill. This involves multiple steps: determining the successor’s identity, historical context of Soghain’s kingdom, and mapping 'Killamude' to the modern parish name. Each step relies on interconnected knowledge, making it multi-hop."
7a65269a5a,"Which city in Florida was the radio station whose slogan is 'The Voice of Lake County' licensed to, when it held the call sign WBIL from 1962 to 1965?",Leesburg,multi-hop,"The question requires multiple steps: finding the radio station with call sign WBIL during 1962-1965, determining its licensed city, connecting it to 'The Voice of Lake County' slogan, and confirming it is in Florida. This involves linking historical licensing data, location, and station identity information."
098bfa7b82,"What type of market was unearthed in the ancient Greek, later Roman, city and bishopric in Aeolis, located near the modern village of Yuntdağı Köseler in Manisa Province, Turkey, in 2018?",meat and fish market,one-hop,"The question asks for the type of market discovered in a specific archaeological site in 2018. While the location is described with historical and modern names, the core request is a single direct fact about an unearthing event. There is no requirement to chain multiple entities or relationships."
87ca5e1823,In which country was the debut album 'Tora' by the artist who recorded the track 'Savvatokiriako' released in 2003?,Greece,multi-hop,"The question requires determining the release country of the album 'Tora' by the artist who recorded the track 'Savvatokiriako'. This involves two steps: first identifying the artist of 'Savvatokiriako', and then finding the release country of their debut album 'Tora'. Since this requires connecting multiple pieces of information, it is a multi-hop question."
b144c94d46,To which country are species of the classification with NCBI Taxon ID of 90536 endemic?,Australia,multi-hop,"The question requires first identifying the NCBI Taxon ID 90536 (e.g., 'Chiloschista'), then determining the country where species of this classification are endemic. This involves multiple steps of information retrieval and connecting taxonomy data to geographic distribution."
0990fa822a,"What was the title of the B-side song of the single ""For Those Who Like to Groove"" by the artist who recorded the album Is This a Love Thing?",Can't Keep from Cryin',multi-hop,"The question requires multiple steps: first identifying the artist of the album 'Is This a Love Thing', then determining the B-side song of their single 'For Those Who Like to Groove'. This involves connecting information across different knowledge sources."
c8ba7da7d1,"In the water strider genus with an NCBI Taxon ID of 295131, what structure do males use to grab females around the head?",antennae,multi-hop,The question requires two steps of reasoning: first identifying the genus from the NCBI Taxon ID 295131 and then determining the specific male anatomical structure used in reproductive behavior. This necessitates connecting information from taxonomic databases to species-specific biological traits.
239bb9ea1c,Which Polish city was connected to the place where Carl Friedrich Ernst Frommann was born by a railway line extension in July 1909?,Luboń,multi-hop,"The question requires identifying Carl Friedrich Ernst Frommann's birthplace and then determining the Polish city connected to it by a railway extension in July 1909. This involves two distinct steps of historical/infrastructure data retrieval, making it a multi-hop question."
58b3220a8c,In which month of 2017 was a new dock for cruise ships put into operation at the former islet that is now part of Kristiansand's container port and connected to the current Kristiansand Fish Wharf?,May,one-hop,"The question requires identifying the month of 2017 when a new cruise ship dock was operational at Kristiansand's port, involving a former islet connected to the Fish Wharf. While specific, it hinges on a single historical event's date and location context. If this information is directly recordable (e.g., a known date and location match), it’s a one-hop. Otherwise, if multiple connections (e.g., islet identification, dock construction history) are needed, it’s multi-hop. Based on phrasing, it’s likely a single factual query about a specific event."
7dcfc4c14e,Which Japanese animation studio produced the television series comprised of episodes such as 人の不幸は密の味?,Madhouse,multi-hop,"The question requires identifying the TV series containing the episode title '人の不幸は密の味' (which translates to 'The Misfortune of People is the Taste of Honey') and then determining its Japanese animation studio. This involves two steps: connecting the episode to the series and then matching the series to the studio, making it a multi-hop question."
918296cb9d,Which Japanese animation studio adapted the written work edited and authored by Paul Gallico into a feature-length TV special in 1979?,Nippon Animation,multi-hop,"The question requires identifying Paul Gallico's specific written work, determining its adaptation as a feature-length TV special, and then finding the Japanese studio responsible for that adaptation. This multi-step process (author → work → studio) necessitates connecting information across different sources and contexts."
4a40c72257,In which country is the village which has the unique ID for features cataloged by the United States Geographic Names Information System of 422395 located?,United States,multi-hop,The question requires first identifying the village using the unique ID 422395 from the USGS system and then determining its country. This involves two distinct steps of information retrieval.
404fb9bd8e,"Which football team was the British Thoroughbred racehorse born on 1980-04-27, whose parent is Mill Reef, named in honor of?",Al-Wasl F.C.,multi-hop,"The question requires identifying the racehorse's name based on its birth date and parentage (Mill Reef), then determining the football team it was named in honor of. This involves multiple steps of connected information retrieval."
70e8b58f16,"What is the name of the college that owns the radio station which owns the profile ""WOZQ 91.9 Smith College Radio""?",Smith College,one-hop,"The question provides the profile name 'WOZQ 91.9 Smith College Radio', which explicitly includes 'Smith College'. The college name is directly embedded in the profile identifier, requiring no additional steps to infer the owner. This is a single direct fact."
bd0b1fd1ef,"What is the name of the fictional planet ruled by the female extraterrestrial monarch with the power of Telepathy, as created by Gardner Fox and Mike Sekowsky?",Alstair,one-hop,"The question asks for the name of a fictional planet directly, based on specific creators (Gardner Fox and Mike Sekowsky) and attributes (female extraterrestrial monarch with telepathy). It seeks a single entity/property without requiring multiple inference steps or cross-referencing disparate sources."
ab4e33282e,In which country was the computer worm also known as I-Worm.ZippedFiles first discovered?,Israel,one-hop,The question asks for the country where the computer worm (I-Worm.ZippedFiles) was first discovered. This requires a single direct fact retrieval about an entity's property (discovery location). The worm's alternate name does not necessitate additional reasoning steps to answer the question.
255c073c80,Which Canadian company purchased the broadcasting assets of the major Canadian media conglomerate founded in 1974 by Izzy Asper?,Shaw Communications,multi-hop,"The question requires two steps of reasoning: first identifying the company founded by Izzy Asper in 1974, and then determining which Canadian company purchased its broadcasting assets. This multi-step process makes it a 'multi-hop' question."
f118176a0d,"Which district, including the unincorporated community located at the junction of State Routes 643 and 644 8.3 miles northeast of Bedford and the surrounding area, is listed on the National Register of Historic Places?",Cifax Rural Historic District,multi-hop,"The question requires identifying an unincorporated community based on specific geographic details (State Routes 643/644, 8.3 miles northeast of Bedford) and then determining which historic district containing this area is listed on the National Register. This involves multiple steps of connecting location data to a registered historic site."
2a638beb89,"In the 1998 Indian action drama film, which was issued by Melody Makers and has the creative credit 'Ilaiyaraaja', which actor played the role of Sarai Veeraraju?",Jagapathi Babu,multi-hop,"The question requires multiple steps: identifying the 1998 film by Melody Makers with Ilaiyaraaja, then finding the actor who played Sarai Veeraraju. This involves connecting production details, composer credits, and role-specific information."
b710089d23,"Which company originally developed the Java software, also known as Qt Jambi, before March 2009?",TrollTech,multi-hop,"The question requires distinguishing between Java and Qt Jambi. Java was originally developed by Sun Microsystems, while Qt Jambi is a Java framework for Qt developed by Trolltech/The Qt Company. Answering correctly necessitates two steps/hops: identifying the original Java developer and recognizing the confusion between products. This dual-step reasoning classifies it as multi-hop."
78900eb48c,Which noble house was involved in hereditary feuds that affected the location where Gustav von Seyffertitz was born in the late Middle Ages?,House of Wittelsbach,multi-hop,The question requires identifying Gustav von Seyffertitz's birthplace and connecting it to noble houses with hereditary feuds in the late Middle Ages. This involves two distinct steps of factual retrieval and contextual reasoning.
1518d57415,"Which village in County Armagh, Northern Ireland, has Joe Lennon and Edward Armstrong Bennet as notable people born there?",Poyntzpass,multi-hop,The question requires identifying the birthplace of two distinct individuals (Joe Lennon and Edward Armstrong Bennet) and verifying that they share the same village in County Armagh. This involves multiple steps (checking each person's birthplace and cross-referencing) and connecting information about two different entities.
e37cee67b3,"Which Japanese city invested in the amusement park in the Shinsekai district of Naniwa, Osaka, Japan, just beside the Shin-Imamiya Station of the Osaka Loop Line of Nishinihon Japan Railway and Nankai Railway?",Osaka,one-hop,"The question asks for the Japanese city that invested in the amusement park located in Shinsekai district of Naniwa, Osaka. The key entity is the city, and the details about the location (e.g., district, station, railways) provide context to identify the specific city (likely Osaka). The answer requires a single, direct fact about the investor (the city) and does not involve connecting multiple pieces of information. Thus, it is a one-hop question."
1b54bd790b,What type of virus codes for the enzyme with systematic name that cleaves -Ala-Ser- and -Ala-Ala- bonds in the scaffold protein?,herpes-virus virion,multi-hop,"This question requires multiple steps of reasoning: identifying the enzyme from its bond-cleaving action, determining its systematic name, connecting it to a scaffold protein, and finally linking it to the virus family. It involves cross-referencing virology, enzymology, and protein structure information."
e88e0b32b8,"After which Hungarian poet was the crater on Mercury named after, whose written work was authored by Gyula Illyés?",Sándor Petőfi,multi-hop,"The question requires identifying the Hungarian poet associated with Gyula Illyés's work first, then determining which Mercury crater is named after them. This involves multiple steps of connecting entities."
e686a16e5c,"In which country is the island that is one of the two major islands in the Calaguas group, located in Vinzons, Camarines Norte, part of the Barangay Banocboc and named among summer escapes for travelers in 2018 by the Philippine Daily Inquirer, located?",Philippines,multi-hop,"The question requires connecting multiple pieces of information: identifying the island as part of the Calaguas group, locating it in Vinzons, Camarines Norte, and linking it to the Philippines via contextual knowledge (e.g., Camarines Norte is a province in the Philippines). Multiple steps of reasoning are needed to deduce the country."
6674bf3f0e,In which ocean are members of the organism classification that has an NCBI Taxon ID of 37514 and belongs to the Cerianthidae family found?,Atlantic Ocean,multi-hop,"The question requires multiple steps: first identifying the organism with NCBI Taxon ID 37514 and confirming its classification in the Cerianthidae family, then determining the ocean where this organism is found. This involves connecting taxonomic data to geographic distribution."
7d85518e69,"In which administrative district, called Gmina, is the village where Jacob Fishman was born located?",Gmina Radziłów,multi-hop,"The question requires two steps: first identifying Jacob Fishman's birthplace (a village), then determining the Gmina (administrative district) where that village is located. This involves connecting two pieces of information and is not a single direct fact."
a0320c0da1,"What was the name of the Vedic teaching that Ashvini Kumars taught the ancient Vedic period Indian philosopher and seer, who suffered from a disfiguring skin ailment since youth, to restore her youth and acquire immense knowledge?",Madhu Vidhya,multi-hop,"The question requires connecting multiple pieces of information: identifying the seer with a skin ailment, linking her to the Ashvini Kumars, and determining the specific Vedic teaching. This involves multi-step reasoning across entities."
06a861e791,Which tribe does the organism classification with NCBI Taxon ID of 1468431 belong to?,Nocarodeini,one-hop,The question requires a single direct lookup of the NCBI Taxon ID to determine the tribe classification. There's no need for multiple steps or connecting different information sources.
93006571f4,"In the Amarna Period tomb of the Egyptian noble who bore the titles of 'Chief servitor of the Aten in the temple of Aten in Akhetaten', what shape is the benben depicted as?","a large, round-topped stela",multi-hop,"The question requires identifying the Egyptian noble via their titles (first hop), locating their Amarna Period tomb (second hop), and analyzing the specific benben depiction within that tomb (third hop). This involves multiple layers of contextual connections."
8c5ee35cf4,"Who described the genus in the animal classification, classified under Arthropod, Eukaryote, Protostome, and Hermit crab in 1858?",William Stimpson,multi-hop,"The question requires identifying the person who described a genus (Hermit crab) that belongs to multiple taxonomic categories (Arthropod, Eukaryote, Protostome) in 1858. This involves connecting the genus to its classifications, its taxonomic hierarchy, and the associated biologist/year. It requires multiple steps of reasoning."
fe00deeb4a,"What was the previous call sign of the radio station that broadcasts in the Oldies format, before its call sign changed on January 21, 2021?",WYPJ,multi-hop,"The question requires two steps: identifying the radio station broadcasting the Oldies format and determining its previous call sign before a specific date. This involves connecting information about the station's current format and historical data about its call sign change, making it a multi-hop question."
ccc53693ad,"In which city was the Finnish food and drink company also known as ""Paulig Coffee"" founded?",Helsinki,one-hop,"The question asks for the founding city of the company 'Paulig Coffee', which is a direct factual inquiry. It requires a single piece of information without needing to connect multiple entities or steps."
a146c89dfe,"In which Swiss canton is the highest mountain in the Samnaun Alps, which is 3294 meters high and had a transmitter located west of the summit from 1972-2011, located?",Graubünden,multi-hop,"The question requires identifying the highest mountain in the Samnaun Alps (3294 m) and then determining its Swiss canton, with additional context about a transmitter. This involves multiple steps (connecting the mountain's properties and location) and external knowledge, making it multi-hop."
8d5978edac,"According to the credits adapted from Tidal, who is credited with mixing engineering for the song first issued on 2017-09-07 by RCA Records?",David Davis,multi-hop,"The question requires identifying the song released on 2017-09-07 by RCA Records and then determining its mixing engineer, which involves two connected steps."
a2a403f426,What is the name of the evil wizard who kidnaps the Princess in the computer videogame designed by Fukio Mitsuji?,Popils,multi-hop,"The question requires identifying the video game designed by Fukio Mitsuji and then retrieving the name of the evil wizard from its narrative. This involves two steps: first associating the creator with the game, then identifying the character within it, making it a multi-hop question."
af38056d6d,"According to historian Guy Barruol, of which confederation was the Ligurian tribe dwelling near on the Mediterranean coast, around present-day Antibes, during the Iron Age and the Roman era, a part?",Saluvian confederation,one-hop,The question asks for a specific direct fact: the confederation associated with the Ligurian tribe according to historian Guy Barruol. It does not require linking multiple pieces of information or reasoning across steps.
39b5b1029b,What type of music format does the radio station which broadcasts at a frequency of 96.7 MHz and is licensed to La Porte air?,country music,multi-hop,"The question requires identifying a specific radio station using two pieces of information (frequency and location) and then retrieving its music format. This involves connecting multiple facts (frequency, location, and format) which is a multi-hop reasoning step."
a822f3cd41,"In which year was the drug, invented by Georges Teutsch, registered in Bulgaria?",2013,multi-hop,The question requires first identifying the drug invented by Georges Teutsch and then determining the year it was registered in Bulgaria. This involves two distinct steps of information retrieval.
a04b01cb66,In which year was the village where Pavel Atanasov was born renamed to Paskalevo?,1942,multi-hop,"The question requires two steps: first identifying the village where Pavel Atanasov was born and then determining the year it was renamed to Paskalevo. This involves connecting two pieces of information, making it a multi-hop question."
56df3c0b19,"What was the name of the manifesto distributed during their protest by the author of ""The Woman-Identified Woman""?",The Woman-Identified Woman,multi-hop,The question requires identifying the author of 'The Woman-Identified Woman' (Carol Hanisch) and then connecting her to the specific manifesto associated with her activism. This involves two steps of reasoning: linking the text to its author and then the author to the manifesto.
a6bceb6932,Which Indian state government dropped charges against the author of Maharṣi Patañjali's Yogadarśana: The Yoga Philosophy : with Simple English Explanation & Commentary by Swami Ramdevji Maharaj in March 2006?,Uttaranchal,one-hop,"The question requires identifying the Indian state government that took legal action against the author of a specific book, Swami Ramdevji Maharaj, in March 2006. While it involves connecting the author to an event (dropping charges), this is a direct factual query that can be resolved with a single step of information retrieval (e.g., confirming the state associated with this incident)."
bed24ba266,"In which city did the bluegrass band who made the release with the tracks ""He Goes to Church"", ""Coastline"", ""Workin' Man (Nowhere To Go)"", and ""No One to Sing for Me"" make their first appearance at the Grand Ole Opry?",Nashville,multi-hop,"The question requires first identifying the bluegrass band associated with the specified tracks and then determining the city of their first Grand Ole Opry appearance. This involves two distinct steps of reasoning, connecting track information to the band and then to their event location."
7be5c6abbe,In which month of 2020 did the New Zealand peer-to-peer carsharing company that JUCY purchased 50% of in 2016 announce that it had ceased all operations?,March,multi-hop,The question requires identifying the company JUCY acquired in 2016 and then determining when that company ceased operations in 2020. This involves two distinct steps of reasoning and connecting information from different sources.
503d266ffa,What is the name of the television channel that replaced the 24-hour Albanian television music channel owned by Top Media after its shutdown?,Melody TV,multi-hop,"The question requires identifying the replacement channel for Top Media's shut-down Albanian music channel. This involves knowing the original channel's name (24-hour Albanian music) and its successor, requiring multiple steps of information retrieval."
0e9c80d1d8,Which fjord branches roughly northeastwards on the eastern side of the mouth of the topic that has an alias called Kangerdluarssikajik?,Sammileq Fjord,multi-hop,"The question requires multiple steps: identifying the main subject from the alias 'Kangerdluarssikajik', determining its 'mouth', locating the eastern side of that mouth, and finding a fjord that branches northeast. This involves connected reasoning and spatial relationships, making it multi-hop."
d2dd3b3e72,Which record label released the first studio album of the Greek pop singer with a self-titled album released in 2006?,Minos EMI,multi-hop,"The question requires first identifying the Greek pop singer with a self-titled 2006 album, then determining the record label of their first studio album. This involves two steps of reasoning: entity identification and connecting to a related property."
06b9e11921,"In which year was the genus, an organism classification in Araliaceae with NCBI Taxon ID of 2043137, first described and published?",1967,one-hop,"The question asks for the year a specific genus (with NCBI Taxon ID 2043137) in the Araliaceae family was first described and published. This requires retrieving a single, direct factual piece of information (the year) tied to the taxon's nomenclatural history. No additional steps of reasoning or connecting multiple entities are needed."
6d40425aab,"What was the former administrative designation of the travel destination, which contains the tourist attractions Satakshi Dham Waterfall, Damak Fun Park and Smile Fun Park, before it became a rural municipality?",Village Development Committee,multi-hop,The question requires first identifying the travel destination associated with the three listed attractions and then determining its administrative designation prior to becoming a rural municipality. This involves two steps of reasoning and connecting multiple facts.
6b85854e63,Which company partnered with the entity founded by Urska Srsen on the Beyond Skin Deep wellness bundle in 2023?,The Body Shop,multi-hop,"The question requires identifying the entity founded by Urska Srsen (e.g., 'Envy') and then determining its partner for the 'Beyond Skin Deep' 2023 wellness bundle. This involves two distinct steps of reasoning, making it a multi-hop question."
2a9c148c60,What is the Japanese name for the suborder with an Integrated Taxonomic Information System Taxonomic Serial Number of 718936?,胞泳 (hōei),multi-hop,"The question requires two steps: first identifying the suborder via its ITIS Taxonomic Serial Number (TSN 718936), then finding its Japanese name. This involves connecting information across separate sources or databases, making it a multi-hop query."
6d91d5e8ee,In which city was the first case of COVID-19 confirmed in the region also known as Central Mindanao and Region XII?,Cotabato City,multi-hop,"The question requires two steps: first, confirming the correct region (Central Mindanao/Region XII) and second, identifying the city where the first COVID-19 case was confirmed. It involves connecting regional names with specific case data, requiring multiple information sources."
ea926cbe08,In which country was the rare mineral named after Mt. Bity first discovered?,Madagascar,multi-hop,The question requires identifying the mineral named after Mt. Bity first (first hop) and then determining the country of its first discovery (second hop).
f3ec378931,Which song became the twenty-first career number one radio hit of the artist of the recording AVALON?,Still My God,multi-hop,The question requires first identifying the artist of 'AVALON' and then determining their 21st career number one radio hit. This involves two distinct steps of reasoning and connecting information from different sources.
e30347f9d6,"Which school of Yogacara Buddhism did the Korean Buddhist monk who worked in seventh century China follow, which defended the existence of a ninth consciousness called the ""pure consciousness""?",Shelun school,multi-hop,"The question requires identifying a specific school of Yogacara Buddhism based on a unique doctrinal belief (ninth 'pure consciousness') and linking it to a historical figure (a 7th-century Korean monk in China). This involves multiple steps: connecting the monk to the school, verifying the school's teachings, and confirming the specific claim about the ninth consciousness. The answer is not a single direct fact but requires synthesizing historical and doctrinal information."
1b430555c6,"What is the nationality of the science fiction film, also known as 未來作業, which was directed by Jake Wachtel?",Cambodian,multi-hop,"The question requires identifying the film '未來作業' directed by Jake Wachtel and then determining its nationality, which involves multiple steps of connecting entities and properties."
6bc4f27df7,"What was the main religion practiced by the majority of the population in the northwestern province in the Sasanian Empire, corresponding almost entirely to the present-day Azerbaijan region in Iran?",Zoroastrianism,one-hop,"The question asks for the main religion in a specific historical region (northwestern province of the Sasanian Empire) during a particular era, which requires a direct historical fact about the majority religious practice of that area. This is a single-hop query because it seeks a single, straightforward factual answer."
68920df00e,What is the name of the microtubular ribbons associated with the somatic kinetosomes that characterize members of the subphylum with NCBI Taxon ID of 431837?,postciliodesmata,multi-hop,"The question requires identifying the subphylum corresponding to NCBI Taxon ID 431837, then determining the specific microtubular ribbons associated with its somatic kinetosomes. This involves two distinct steps: translating a taxonomic ID to a classification and then connecting it to a specialized cellular structure, making it multi-hop."
be18fbb96b,Which organization granted priority review to the experimental antibiotic that acts as a topoisomerase type II inhibitor for the treatment of urinary tract infections in October 2024?,US Food and Drug Administration,one-hop,"The question requires identifying an organization that granted a priority review based on specific attributes (antibiotic type, mechanism, indication, timeframe). While the organization (e.g., FDA) might be known directly, resolving this likely requires connecting the drug’s properties to its regulatory updates, which may involve multiple steps of information retrieval. However, if the organization’s name can be directly linked to the event through a single fact, it is 'one-hop'. Given that priority reviews are typically documented by regulatory bodies in public databases, this is more likely a single fact lookup."
f884ce23e1,"Which English football league did the team from the travel destination containing Frontierland, Morecambe play in during the 2007–08 season?",League Two,multi-hop,"The question requires multiple steps: first identifying the travel destination (Frontierland at Alton Towers), associating it with Morecambe, and then determining the English football league for Morecambe FC during the 2007–08 season. This involves connecting distinct pieces of information."
b3d3ac4a73,"What is the format of the radio station, which broadcasts over AM broadcasting, uses the branding 'Personality Radio' to identify itself and was founded on 1946-09?",talk and nostalgia,multi-hop,"The question requires identifying the radio station using multiple attributes (AM broadcasting, 'Personality Radio' branding, founding date) and then retrieving its format. This multi-step reasoning (connecting attributes to the station, then its format) classifies it as a 'multi-hop' question."
d4c3f74125,"Which treaty ceded the island where Antonio Schranz, John MacKellar, Chloe Morris, and Júlia de la Fuente Carbonero were born to Britain in 1713?",Treaty of Utrecht,multi-hop,"The question requires identifying the birthplace of four individuals to determine the island ceded to Britain in 1713 and then connecting it to the corresponding treaty. This involves multiple steps of reasoning (e.g., linking names to an island and mapping the historical treaty)."
c0c543bb64,"What term is used in modern Islamic finance for the basic financial instrument of the medieval Islamic world, where investors entrust capital to an agent for trade and profit sharing, with the agent not liable for losses not exceeding the subscribed capital?",Mudarabah,one-hop,"The question asks for a specific term used in modern Islamic finance corresponding to a medieval instrument with described characteristics. While the description includes multiple details, the request is for a single direct fact (the term) and does not require connecting disparate entities or steps."
69ae3a663a,Which company acquired the American technology company that produces software using natural search and AI-powered analytics in May 2024?,Verint,multi-hop,The question requires identifying the acquired company (American tech firm with natural search and AI analytics) and then determining which company acquired it in May 2024. This involves multiple steps of reasoning and information linkage.
763fa7de90,What is the name of the algorithm included in the atmospheric dispersion modeling system for short-range dispersion of direct air pollutant emissions from stationary industrial sources that is used for modeling the effects of downwash created by the pollution plume flowing over nearby buildings?,PRIME,one-hop,"The question seeks a specific algorithm name within a particular atmospheric dispersion modeling system, requiring a single direct fact. No multiple reasoning steps are needed."
293b3d616b,What is the name of the deity of the Thelema new religious movement that is a stylization of the principal speaker of the second chapter of The Book of the Law?,Hadit,multi-hop,"The question requires identifying the principal speaker in The Book of the Law's second chapter (Hadit) and mapping it to its stylized deity in Thelema (e.g., the Egyptian god Horus or Aten). This involves multiple steps of religious and mythological cross-referencing."
b9d3e3a751,"In which historical region is the town known by the alias Milleschoutz, located in Suceava County, situated?",Bukovina,multi-hop,"The question asks about the historical region of a town known by an alias in Suceava County. This requires connecting the alias to the town's current name, identifying its location in Suceava County (Romania), and mapping it to a historical region like Moldavia or Bukovina. Multiple steps are needed."
df06789acd,In which year was the village in Slovakia with a total area of 15.56 square kilometers first mentioned in historical records?,1113,multi-hop,The question requires connecting two pieces of information: identifying the village in Slovakia with a 15.56 square kilometer area and finding the year it was first mentioned. This multi-step process classifies it as multi-hop.
8446e15ffa,"Which university developed the free, web-based collaborative repository of interactive and searchable water case studies called, for information and analysis of water conflicts?",Tufts University,one-hop,"The question asks directly for the university responsible for developing a specific online repository. This requires identifying a single entity (the university) associated with the named resource, with no need for multi-step reasoning or connecting multiple pieces of information."
1acbaa8375,"Which political coalition did the political party founded in 1987 operating in Spain join in 1998, before leaving it after ETA broke the 1998 truce?",Euskal Herritarrok,multi-hop,"The question requires identifying a political party founded in 1987 in Spain, determining the coalition it joined in 1998, and linking this to the 1998 ETA truce. This involves multiple steps of reasoning across unrelated facts."
e3efe9b4a8,What is the name of the nature reserve that includes the largest island of Vaigattøyane?,Nordaust-Svalbard Nature Reserve,multi-hop,"This question requires identifying the largest island in Vaigattøyane and then determining the nature reserve that includes it, necessitating multiple steps of connection."
293eb6d8c3,In which continent is the plant genus with NCBI Taxon ID of 141640 native?,Africa,multi-hop,The question requires first identifying the plant genus associated with NCBI Taxon ID 141640 and then determining its native continent. This involves two distinct steps of information retrieval.
9f74d252c9,In which bay was the vessel that is 28.8798 meters long wrecked on 1 September 1830?,Table Bay,multi-hop,"The question requires connecting information from different sources or steps: first, the vessel's length and date of wrecking are used to identify the vessel, and then determining the bay where it was wrecked. This involves multiple hops of reasoning."
aaa748d3e3,What type of feeding behavior is exhibited by the bivalves of the genus classified directly or indirectly under Eumetazoa in the biological classification?,stationary suspension feeders,one-hop,"The question asks for the feeding behavior of bivalves, which is a direct fact (filter-feeding). While it mentions taxonomic classification (Eumetazoa), the core information required is a single entity property. No multi-step reasoning beyond known facts is needed."
f456609ed3,"What is the name of the road that enters Milabena, Tasmania, Australia from the north-east and runs through to the south before exiting?",Myalla Road,one-hop,"The question directly asks for the name of a specific road in Milabena, Tasmania, based on its geographic orientation (entering from the north-east and exiting to the south). While directional details are provided, the answer requires a single factual entity (the road's name), making it a 'one-hop' question. No multi-step reasoning or cross-referencing is needed."
0d6a41cd23,What is the name of the company that commercialized the general-purpose programming language designed for multithreaded parallel computing which influenced OpenMP and Rust as Cilk++?,Cilk Arts,multi-hop,"The question requires identifying the company that commercialized Cilk++, a programming language. This involves connecting the original developers (Cilk Arts) with the acquirer (Intel), which is a multi-step reasoning process."
9d691d5c7d,"In which city was the first exhibition of the play written by Masum Reza in Bengali held on January 14, 2001?",Dhaka city,one-hop,"The question asks for a specific city related to the first exhibition of a play written by Masum Reza on a particular date. Answering this requires retrieving a single, direct fact about the event's location, which aligns with a 'one-hop' classification."
9853d0724a,What is the chemical structure of the synthetic androgen/anabolic steroid known by the alias 2α-methyl-5α-androstan-17β-ol-3-one azine?,a dimer of drostanolone linked at the C3 position of the A-ring by an azine group,one-hop,The question asks for a single direct fact: the chemical structure of a specific compound based on its provided scientific alias. It does not require connecting multiple pieces of information or entities.
8cdf5713f5,In which country are both species of the spider genus with an Integrated Taxonomic Information System Taxonomic Serial Number of 871587 found?,New Zealand,multi-hop,"The question requires three steps: 1) identifying the spider genus with ITIS TSN 871587, 2) finding its two species, and 3) determining the country where both are found. This needs cross-referencing multiple sources, making it multi-hop."
178f8b2956,Which German herpetologist is honored by the generic name of the dinosaur classified directly under Diplodocinae in the biological classification?,Gustav Tornier,multi-hop,"The question requires first identifying the dinosaur genus classified under Diplodocinae, followed by determining the German herpetologist it honors — two connected factual steps."
eeb31776ea,"In which Indian state is the city, known as the location for the Lok Sabha election in Nanded, Maharashtra 2024, situated?",Maharashtra,one-hop,"The question is asking for the Indian state where the city of Nanded, Maharashtra is located. Since Nanded is already a city in Maharashtra, the answer is directly known without requiring multiple steps."
0bbfc471d0,What is the name of the NASA mission that employed the white smoke formed by the chemical compound with a molar mass of 72.09 on air contact to study the high altitude jet stream?,ATREX mission,multi-hop,"The question requires identifying a chemical compound based on its molar mass and then connecting it to a specific NASA mission. This involves two steps of reasoning, making it a multi-hop question."
c84861737e,In which publication was the required description for the family name of organisms with a lower classification of Pteleocarpa published in 2011?,Kew Bulletin,multi-hop,The question requires identifying the publication that described the family name (higher classification) for organisms with 'Pteleocarpa' (lower classification) in 2011. This involves (1) establishing taxonomic relationships and (2) locating the specific 2011 source. Multiple steps of biological classification knowledge and literature retrieval are needed.
fb0ae66367,"Which French administrative division is the location of Henri Préaux's birthplace a part of since January 1, 2017?",Communauté urbaine du Grand Reims,multi-hop,The question requires two steps: identifying Henri Préaux's birthplace and determining the current French administrative division it belongs to since 2017. The answer cannot be derived from a single fact but requires connecting multiple pieces of information.
d1bd6ef326,"Which river is the city where Andrii Sybiha‎ was born, located in western Ukraine, situated on?",Strypa River,multi-hop,The question requires first identifying the birthplace of Andrii Sybiha (a city in western Ukraine) and then determining which river that city is situated on. This involves two distinct steps of reasoning.
d248df3ecd,"Which musician played lead guitar on the song ""Valkyrie Rising"" on the album written by Veronica Freeman and composed by Pete Wells?",Craig Goldy,multi-hop,"The question requires identifying the album by its writer and composer first, then determining the musician who played lead guitar on a specific track. This involves multiple steps of connecting information."
7d8fcf6de7,In which city did the travel marketing platform that develops AI-powered guest experience solutions launch its first international office in 2013?,London,multi-hop,"The question requires identifying a city based on a description of a company's launch of an international office. While the company is described, the answer may require connecting the company's name (based on the description) to its 2013 office location, implying a multi-step process. However, if the description uniquely identifies the company and its 2013 event, it could be one-hop. The ambiguity in whether the description alone suffices classifies this as multi-hop."
265386e1a5,"Which company purchased the broadcast license of the radio station which serves Kearney, Ravenna, and Grand Island, and is sister to KRGY from Community Radio, Incorporated, in 2010?","Legacy Communications, LLC",multi-hop,"The question requires multiple steps of reasoning: first identifying the sister station to KRGY under Community Radio, Incorporated, then determining which company purchased its broadcast license in 2010. This involves connecting information across different sources and timelines, making it a multi-hop question."
aba0924460,To which group of anti-inflammatory medicines does the drug with DrugBank ID DB00394 belong?,corticosteroids,multi-hop,The question requires identifying the drug from its DrugBank ID (DB00394) and then determining its classification within anti-inflammatory medicine groups. This involves two steps: retrieving the drug's name/identity and mapping it to its pharmacological class.
00941ce0cf,What is the name of the enzyme encoded by the human gene which has the alias 'RING-type E3 ubiquitin transferase UBR1' and 'ubiquitin-protein ligase E3-alpha-I'?,ubiquitin-protein ligase E3 component n-recognin 1,one-hop,"The question asks for the name of an enzyme encoded by a human gene using two aliases. This is a direct query for an entity's property (the enzyme's name), even with two aliases provided. No multiple reasoning steps are needed."
38e6afb667,"In which country is the island named after Rurutu Airport, where Robert Bollt conducted archaeological excavations, located?",French Polynesia,multi-hop,"The question requires multiple steps of reasoning. First, it requires determining the island named after Rurutu Airport. Then, it requires identifying the country where this island is located. Additionally, it implicitly links Robert Bollt’s excavations to the location, which may involve connecting related entities. This sequential dependency on multiple factual connections classifies it as a multi-hop question."
f785ce971a,"Which mobile automotive repair startup company, based in Seattle, Washington, acquired the car repair and maintenance service provider that was formerly known as Service Marketplace Inc. in June 2022?",Wrench,multi-hop,"The question requires identifying a company that meets multiple criteria (based in Seattle, a mobile automotive repair startup, and acquired Service Marketplace Inc. in June 2022). This necessitates connecting multiple facts about the company's location, business model, and acquisition activity."
0fe2f76b4e,In which month of 2017 did the European Medicines Agency grant orphan drug designation to the drug with DrugBank ID DB11978?,October,multi-hop,"The question requires first identifying the drug associated with DrugBank ID DB11978 and then determining the month in 2017 when the EMA granted its orphan drug designation. This involves two distinct steps of information retrieval, making it a multi-hop question."
f6ca0a90ae,"In the movie which contains the album with 4 primary release tracks, what is the name of the character who is the nephew of ""well-done"" Vasu?",Kunjiraman,multi-hop,"The question requires three steps: 1) Identify an album with 4 primary release tracks, 2) Link that album to its associated movie, 3) Find Vasu's nephew character in that movie. These interconnected queries necessitate multiple hops across different knowledge domains (music, movies, and character relationships)."
44ab39ccd5,"In which state of the United States is the town of Danby, NY located?",New York,one-hop,"The question can be answered directly by identifying the state abbreviation 'NY' in the town's name, which corresponds to the state of New York. This requires a single factual lookup without connecting multiple pieces of information."
8ab8da32d6,"Which family was the genus, with a sibling of Azara and Flacourtia, formerly classified in?",Flacourtiaceae,multi-hop,"The question requires identifying a genus that was a formal sibling to Azara and Flacourtia and determining its former family classification. This involves multiple steps of connecting taxonomic relationships and historical classifications, making it a multi-hop question."
17a8043deb,Which Italian city is the location of the monumental stabile sculpture completed in 1962 by Alexander Calder?,Spoleto,one-hop,"The question seeks a specific Italian city associated with a monumental stabile sculpture completed in 1962 by Alexander Calder. This requires retrieving a single, direct factual entity (the city) based on the unique combination of the sculptor, work type, and completion year. No multi-step reasoning or connecting disparate facts is explicitly needed."
79ca95443e,Which city did the Theban general who commanded some Boeotian forces under Clearchus at Byzantium escape to after being captured as a prisoner of war in Athens?,Decelea,multi-hop,"The question requires identifying a specific Theban general involved in historical events (under Clearchus at Byzantium, captured in Athens) and then determining where he escaped to. This involves multiple steps of connecting entities (general's name, his capture, escape) and contextual historical knowledge."
bc20dd7461,"What type of protein family does the protein encoded by the gene also known as ""Cark"" belong to?",MAP kinase kinase kinase,multi-hop,"The question requires multiple steps: identifying the gene 'Cark', determining the protein it encodes, and then classifying that protein into a family. This chained reasoning makes it a multi-hop question."
f1cd53cbf8,"According to the legendary history of Rome, which king captured the ancient town of central Italy, c. 15 km northeast of Rome by the Via Collatina?",King Tarquinius Priscus,one-hop,"The question asks for the name of the Roman king associated with capturing a specific ancient town (near Rome via Via Collatina) according to legendary history. This requires identifying a single entity (the king) based on a location and event from Roman mythology, which is a direct fact retrieval and does not involve multi-step reasoning."
360c09dd46,Which record label released the album titled 'Aquarello' in 1998 by Fabio Capanni and Nicola Alesini?,All Saints label,one-hop,"The question asks for the specific record label that released the album 'Aquarello' in 1998 by the mentioned artists. This requires retrieving a single, direct fact (the label) linked to the album, making it a one-hop query."
8070ec81c0,"What is the name of the alien race to which the female techno-artist, a fictional character in the Marvel Cinematic Universe, belongs?",Krylorian,multi-hop,"The question requires identifying a fictional character described as a 'female techno-artist' in the MCU and determining the alien race they belong to. This involves first determining the character's identity (e.g., Sorell, a Sotecker engineer in some Marvel lore) and then connecting that to the Sotecker race, which involves multiple steps of reasoning and cross-referencing character traits with alien race definitions."
a26919eeed,"Which record label released the album with tracks ""Nebeula"" and ""Present"" by Derek Bailey, Jamaaladeen Tacuma, and Calvin Weston in 2000?",Tzadik Records,multi-hop,"The question requires identifying the album with the specified tracks by the given artists and then determining the record label that released it in 2000. This involves two distinct steps (connecting tracks to an album and then the label), making it multi-hop."
d3f4e84ac6,"According to the Venetic theory, which people are considered the last remnant of the original European tribe who spoke Gaulish and dwelled in Armorica, in the southern part of the Brittany Peninsula, during the Iron Age and the Roman period?",most of the northern Slavs as well as the Slovenes and some Croats,one-hop,"The question asks for the identification of a specific people according to the Venetic theory, which directly links to the Veneti. While it involves a historical theory and a specific location/time, the answer requires a single piece of factual information connecting the theory to the group. This does not require multiple steps of reasoning."
c8acdedee6,"Which company completed the acquisition of the warehouse business founded in 2012 that operates in Europe, in November 2017?",China Investment Corporation,multi-hop,The question requires identifying the warehouse business founded in 2012 operating in Europe (first step) and then determining the company that acquired it in November 2017 (second step). This two-step reasoning involves connecting multiple pieces of information.
d86772d186,In which Indian state was the Afghanistan portion of the 1957 film which has the synopsis 'A fruit vendor befriends a little girl who reminds him of his daughter. But fate tears them apart when he's arrested and imprisoned' shot?,Rajasthan,multi-hop,"The question requires identifying the film based on its synopsis and then determining the Indian state where its Afghanistan portion was shot, involving multiple steps of information retrieval and connection."
2f8e45df03,"According to the Shahnameh, who was the father of the ninth Shah of the Pishdadian dynasty of Persia, who is also known as Nauzar?",Manuchehr,one-hop,"The question asks for a specific factual relationship (father of the ninth Shah of the Pishdadian dynasty) from the Shahnameh. If the Shahnameh explicitly states this lineage, the answer requires a single direct retrieval. No multi-step inference is indicated."
a68da21b9a,In which Roman province was the colonia in the Roman province of Numidia situated where Guelma in Algeria now stands located?,Numidia,multi-hop,"The question asks for the Roman province associated with Guelma (Algeria), which was part of ancient Numidia. It requires connecting multiple historical facts: (1) the modern location to its ancient counterpart, (2) Numidia's annexation into the Roman province of Africa Proconsularis (later Africa Prima), and (3) identifying the specific Roman province. The answer depends on multiple steps of contextual reasoning."
b4e3798652,What language were the Sinhala commentaries translated into by Buddhaghosa in the fifth century to create the collection of Pali commentaries on the Theravada Tipitaka Vinaya?,Pali,one-hop,"The question directly asks for the language into which the Sinhala commentaries were translated by Buddhaghosa in the fifth century, which is a specific historical fact. The answer (Pali) is a single, direct piece of information that does not require connecting multiple entities or steps of reasoning beyond identifying the target language. The phrasing directly points to a known fact about Buddhaghosa's work on Pali commentaries."
bfb328ac98,"In which city in Tasmania did the Aboriginal Tasmanian woman who was taken from her family and had children with George Briggs, an English convict and sealer, die?",Perth,multi-hop,"The question requires identifying an Aboriginal woman in Tasmania linked to George Briggs, then determining her death city. It involves multiple steps: connecting historical events (taken from family, children with Briggs) to the person (likely Truganini) and her death location."
0304455a46,"Which international bicycle route passes through the Hungarian village with a total area of 13.27 square kilometers, and that uses Central European Time Zone?","EuroVelo International Bicycle Route 13, ""Iron Curtain""",multi-hop,"The question requires identifying a Hungarian village with specific area and time zone, then determining the international bicycle route through it. This involves multiple steps."
bd8126ee45,"Which Hungarian-Italian pornographic actress-turned-politician inspired the song ""Cicciolina""?",Ilona Staller,one-hop,"The question asks for the direct identification of a specific individual known for being a Hungarian-Italian pornographic actress-turned-politician and the inspiration behind the song 'Cicciolina'. This requires a single, factual lookup."
99ea468231,Which radio station's tower site is shared with the FM broadcasting station founded on 2006-04-11 on Elk Mountain?,Wyoming Public Radio's KAIW,multi-hop,The question requires two steps: identifying the FM station founded on 2006-04-11 on Elk Mountain and determining which other radio station shares its tower site. This involves connecting two separate pieces of information.
bf7f47bdbf,"Under which open source license is the server-side, Android app, and iOS client source code available on GitHub for the digital photography sharing and management platform that shut down on March 31, 2015?",Apache open source license,multi-hop,"The question requires identifying the specific digital photography platform that shut down on March 31, 2015 (e.g., 'Flickr' or another service), and then retrieving its open-source license information. This involves connecting two pieces of information and requires multiple steps."
89b9938dd1,Which country is the origin of the electric vehicle supplier and manufacturer that was founded in 2009 and is based in London?,Turkey,multi-hop,"The question requires identifying the electric vehicle company based in London, founded in 2009, and then determining its country of origin. This involves two steps: first locating the entity that matches specific criteria, then retrieving a property of that entity. Multi-hop reasoning is needed to link these steps."
38bc2304b9,What is the postal code associated with the island which has an area of 0.13557 square kilometers?,78467 (Constance-Wollmatingen),multi-hop,The question requires two steps: first identifying the island based on its area (0.13557 km²) and then retrieving its postal code. This multi-step process involves connecting information from different sources.
bfd3f9d75c,"Which organization is listed as a partner of the European Office of Crafts, Trades and Small and Medium-sized Enterprises for Standardisation?",Council of Small Business of Australia,one-hop,"The question asks for a specific organization listed as a partner of a particular entity. This requires retrieving a single direct fact (the name of the partner organization), making it a one-hop question."
aa4277e28d,Which company currently owns the radio station broadcasting in the Country music format under the branding 'Columbia's Country'?,"Radio Maria, Inc.",one-hop,The question asks for the current owner of a specific radio station identified by its branding and format. It requires retrieving a single direct fact (the owner) based on the given station details. There is no explicit need for multi-step reasoning or connecting multiple entities.
bd87902d3f,"According to a passage from one of his inscriptions, which body of water did the son of Sargon of Akkad lead a fleet down?",Persian Gulf,multi-hop,"The question requires identifying the son of Sargon of Akkad and then determining the body of water mentioned in his inscription. This involves connecting two pieces of information (the son's identity and the inscription's content), making it a multi-hop question."
8ed332e1a5,"In the moving image which has the synopsis 'A minister is pitted against invisible foes.', which actor plays the role of a communist Chief Minister of Kerala?",Hareesh Peradi,multi-hop,"The question requires identifying the correct movie based on the synopsis and then determining which actor plays the specified role. This involves multiple steps of reasoning and connecting information (first determining the movie, then the actor), making it a multi-hop question."
1605494e1f,"In which province of Armenia is the town also known as Khanjian, Armenia located?",Armavir Province,one-hop,The question asks for the specific province in Armenia where the town Khanjian is located. This requires a single direct fact lookup about the town's administrative location. There is no need for multi-step reasoning or combining information from different sources.
1501b8ab26,In which Indian state is the birthplace of Pragada Kotaiah and P. Ankineedu Prasada Rao located?,Andhra Pradesh,multi-hop,"The question asks for the Indian state where the birthplaces of two individuals, Pragada Kotaiah and P. Ankineedu Prasada Rao, are located. This requires retrieving the birthplace information for each person and determining which state both are associated with. Since it involves connecting information from two separate entities, it necessitates multiple steps of reasoning."
936c7585a9,"Which political party did dozens of militants of the Basque nationalism party, which operates in Spain and was founded in 2012-01-28, including Joxe Iriarte Bikila, integrate into in February 2015?",Alternatiba,multi-hop,"The question requires identifying the original Basque nationalist party (founded in 2012) as Sortu, then determining that a faction of its militants (including Joxe Iriarte Bikila) integrated into Geroa in February 2015 via a multi-step process involving party realignment and historical context. This involves connecting two separate facts (party identity and merger details)."
1b9cc44069,"Which river flows through the town, which includes the tourist attraction Daugėliškiai bunker and where Aloyzas Stasiulevičius was born?",Dubysa River,multi-hop,"The question requires identifying the town associated with both the Daugėliškiai bunker and the birthplace of Aloyzas Stasiulevičius, and then determining the river flowing through that town. This involves multiple steps of connecting entities and properties."
5f868925a9,In which Italian town was the production plant of the organization founded in 1868 by Stefano Pernigotti located?,Novi Ligure,multi-hop,"The question requires two steps: identifying the organization founded by Stefano Pernigotti in 1868 (Pernigotti, a biscuit company) and then determining the Italian town where its production plant was located. This involves connecting multiple pieces of information, making it a multi-hop question."
065cfbf906,"How many voice actors for the character ""Arthur"" in the Arthur TV series were still alive as of 2020",All 9 voice actors who have voiced Arthur are still alive as of 2020.,multi-hop,The question requires two steps: identifying the voice actors for Arthur in the TV series and checking if they were still alive as of 2020. This involves connecting information from different sources (TV series cast and current survival status of actors).
3c0046979c,How many years after CVT was invented did it take for Toyota to use it in its vehicles?,121,multi-hop,The question requires determining two separate pieces of information: the invention year of CVT and the year Toyota first used it. Subtracting these dates involves multiple steps and connecting different facts.
335c95a638,"Up until 2023, how many creative directors has the luxury brand Loewe had since they were purchased by a publicly traded conglomerate?","Loewe was purchased by LVMH in 1996, and since then it has had 4 creative directors up until 2023.",multi-hop,"The question requires determining the acquisition date of Loewe by a conglomerate and then counting the number of creative directors since that date up to 2023, involving multiple steps of information retrieval and correlation."
05eeab7c5f,On what day did The Rock win his second WWE Championship (aka WWF Championship)?,"January 24, 1999 at the Royal Rumble",one-hop,"The question asks for a specific date related to The Rock's second WWE Championship victory, which can be directly retrieved from historical records without needing to connect multiple entities or steps."
6fcbb5ff98,Who finished 4th in the 2009 Six Nations tournament.,"Wales finished 4th in the 2009 Six Nations tournament, tied on 6 points with England and France but lower than both on points difference.",one-hop,The question asks for a specific factual piece of information about the 2009 Six Nations tournament standings. It requires retrieving the 4th place team directly without additional steps or connecting multiple entities.
9ed4487cce,How many 2015 NFL first-round draft picks came from the SEC and Big 10?,10 Total - 7 from the SEC and 3 from the Big Ten,multi-hop,"The question requires retrieving data on 2015 NFL first-round draft picks and then determining which players attended schools in the SEC or Big 10 conferences. This involves two separate data sources/facts (draft picks + college conference affiliations) and a count, making it multi-hop."
bbfe9d4862,"Which of the Academy Award for Best Directors winners in the 2010s, has the longest in duration winning film?",Alejandro G. Iñárritu,multi-hop,"The question asks for the Academy Award for Best Directors winner in the 2010s whose winning film had the longest duration. This requires first identifying all Best Directors winners from the 2010 decade, then checking the runtime of each of their winning films, and finally determining which film has the longest duration. This involves multiple steps of data gathering and comparison, making it a multi-hop question."
83584a17f3,How old was the first player to record a triple-double in NBA history?,28 years old,multi-hop,"The question requires first identifying the first player to record a triple-double (Oscar Robertson) and then determining his age at that time. Two distinct facts must be connected, making it multi-hop."
076d2aad50,How old was Mary Earps on the women's Euros final 2022?,"During the UEFA Women's Euro 2021, final held on 31st July 2022, Mary Earps was 29 years and 4 months old.",multi-hop,"The question requires determining Mary Earps' age at the time of the 2022 Women's Euros final, which involves: 1) finding her birthdate and 2) comparing it to the final's date (July 31, 2022). Since this depends on two specific facts and a date calculation, it requires multi-hop reasoning."
bf02272847,"In the movie that won the best picture Oscar in 1994, what was the next feature film the cinematographer worked on?",Little Giants,multi-hop,"The question requires three steps: identifying the 1994 Best Picture Oscar winner, determining the film's cinematographer, and finding their next feature film. This multi-step reasoning with dependent information makes it a 'multi-hop' question."
24fa428f23,What is the final level of the original NES game Rad Racer?,Level 8 - Last Seaside Running,one-hop,"The question seeks a specific, direct fact about the final level of the original NES game Rad Racer. No multi-step reasoning or combining information from different sources is required."
e314b60e6f,What is the intro track to the second mixtape from Future's 2014-15 run?,Oooooh (feat. Young Scooter),multi-hop,"The question requires identifying Future's mixtapes from 2014-15, determining the second one in the sequence, and then finding its intro track. This involves multiple steps of connected reasoning."
ac48a67157,What band was the drummer who filled in for Jared Champion in December of 2014 in with his brother?,Chrome Pony,multi-hop,"The question requires determining the drummer who filled in for Jared Champion, then identifying his brother and the band they were both part of. This involves multiple steps of connected information."
fa88c2a70e,Which episode of Only Murders in the Building is it where Oliver throws the knife into the ceiling?,"Season 2, Episode 4 of Only Murders in the Building, titled “Here’s Looking at You""",one-hop,"The question asks for a specific episode where an action occurs, which requires knowing a single direct fact (the episode number). No multiple steps or connections are needed."
530794e664,"Of the countries involved in the G7 summit in 1991, what percentage had leaders that were women? ",0%,multi-hop,The question requires two steps: first identifying the countries in the G7 in 1991 and then determining the gender of their leaders. This involves combining information from multiple sources or steps of reasoning.
e660289e23,How old was Tig Notaro when the Expos left Montreal?,Tig Notaro was 33 when the Expos left Montreal.,multi-hop,"The question requires two steps: first, determining the year the Expos left Montreal (1999) and second, calculating Tig Notaro's age in 1999 (29). Connecting these two facts involves multiple steps of reasoning."
3b2d6a0773,Which of the artists that the Ninja Turtles are named after lived to be the oldest?,Michelangelo (88 years old),multi-hop,"The question requires identifying the artists the Ninja Turtles are named after (Leonardo da Vinci, Michelangelo, Raphael, Donatello) and comparing their lifespans to determine who lived the longest. This involves multiple steps of information retrieval and comparison, making it a multi-hop question."
8d0eef7076,Which type of nutrient communication within a mycorrhizal plant-fungus network sees nutrients behaving most like the sodium ions during depolarization which creates action potential in a firing neuron?,Source-sink relationship,multi-hop,"The question requires comparing nutrient transfer in mycorrhizal networks to sodium ion behavior in neurons, which involves analogical reasoning across distinct biological domains. Understanding this analogy necessitates knowledge of both plant-fungus nutrient dynamics and neurobiology concepts like action potentials. This multi-step, cross-domain reasoning indicates a 'multi-hop' classification."
d85e15645f,Which Doctor played the animal who wants to be eaten in Hitchhiker's Guide series?,"The 5th Doctor, played by Peter Davison, also played as the ""Dish of the Day"" in the Hitchhiker's Guide series. This animal was an example of a race of artificially created sentient creatures which were bred to want to be eaten.",multi-hop,The question requires identifying an actor (referred to as 'Doctor') who played an animal character in the Hitchhiker's Guide series. This involves two steps: 1) determining the actor's role in Hitchhiker's (the animal) and 2) connecting that to their portrayal of a 'Doctor' in another context. The answer isn't a single direct fact but requires linked reasoning across different sources or contexts.
1d229f530e,"Prior to the year that “I Will Always Love You” won Record of the Year at the Grammys, how many solo female artists had won the Best New Artist award?","“I Will Always Love You” won Record of the Year at the Grammys in 1994. Prior to 1994, 11 solo female artists had won the Grammy for Best New Artist.",multi-hop,The question requires two steps: determining the year 'I Will Always Love You' won Record of the Year (one-hop) and then counting solo female Best New Artist winners before that year (another one-hop). Combining these steps makes it multi-hop.
037e7775c2,How many Olympic gold medals did Australia win while Ian Thorpe was an Olympian?,"Ian Thorpe competed in the 2000 and 2004 Summer Olympics. 

Australia won 33 gold medals at these two Olympics. ",multi-hop,"The question requires determining the number of Olympic games Ian Thorpe participated in (1996, 2000, 2004) and summing Australia's gold medals from those years. This involves multiple steps of connecting information."
913e858f0a,"Out of the two female Disney Legends that were inducted in 1995, who was born earlier?",Angela Lansbury and Betty Taylor were the two female Disney Legends inducted in 1995. Betty Taylor was born earlier.,multi-hop,"The question requires identifying two female Disney Legends inducted in 1995, retrieving their birth dates, and comparing them. This requires multiple steps of reasoning and connecting information, making it a multi-hop question."
1527e26c94,"How long after publishing ""Travels Through the Middle Settlements in North America, In the Years 1759 and 1760"" did Andrew Burnaby publish his next work?",29 years,multi-hop,"The question requires determining the publication date of Andrew Burnaby's first work (1759-1760) and his next work, then calculating the time difference between them. This involves multiple steps of reasoning and data retrieval."
00f771ba47,How many shows did the actor who played 'Beach Frizbee Player' in Surf II receive writing credits for between 2012 and 2023?,Alan Bendich has 6 writing credits.,multi-hop,"The question requires first identifying the actor who played 'Beach Frizbee Player' in *Surf II* and then determining their writing credits between 2012 and 2023. This involves two distinct steps of information retrieval and linking, making it multi-hop."
bc255567e4,"who initially studied architecture, reluctantly fought for and deserted the axis powers in ww2 and later was awarded a nobel prize for literature?",Dario Fo,multi-hop,"The question requires connecting multiple biographical facts (studied architecture, deserted Axis powers in WWII, won Nobel in Literature) about a single individual. It involves multiple steps of reasoning to link these distinct events and identities."
1bafa2bb42,Can you tell me the Asian city that is also a name of a painting style that depicts an abdicated ruler and his mistress?,Kishangarh,multi-hop,"The question requires identifying an Asian city that is also the name of a specific painting style, which itself depicts a particular historical narrative (an abdicated ruler and his mistress). This involves connecting three distinct pieces of information (city, painting style, and subject matter), necessitating multiple steps of reasoning and cross-referencing. For example, 'Edo' (Tokyo) is linked to the Ukiyo-e painting style, but verifying whether Ukiyo-e or another style involves the depicted figures adds additional reasoning steps."
2692c5e2eb,How many athletes have won exactly 6 olympic gold medals while winning zero bronze or silver in the prior to the year 2000?,four,multi-hop,"The question requires filtering athletes by a combination of criteria (exactly 6 gold medals, zero bronze/silver before 2000), which involves multi-step data analysis and cross-referencing multiple facts."
5f0b6a1e3a,Who was the person who ran for mayor of a Logan county Arkansas town on a dare in the early 2000s and won?,Jerry Wilkins,multi-hop,"The question requires multiple steps to answer. It involves identifying a person who 1) ran for mayor in a specific county (Logan County, Arkansas), 2) did so on a dare, 3) in the early 2000s, and 4) won. Each condition adds a layer of specificity requiring connected information."
7891939f17,"As of 2023, In the IFSC Climbing World Championships, looking at the lead event, between the woman who won the most silver medals before and including the year bouldering was introduced into the competition, and the woman who won the most silver medals after this year, who won the most gold medals in the combined event?",Kim Ja-in,multi-hop,"The question requires multiple steps: identifying the introduction year of bouldering, determining top silver medalists before/after that year, and comparing their gold medals in the combined event. This involves connecting different data points and reasoning steps."
fd7e115e80,"Who composed the score of a reimagined iconic ballet, and also expanded to the screen by scoring a film about an outsider's search for belonging?",Vincenzo Lamagna,multi-hop,"The question requires identifying a composer who worked on both a reimagined iconic ballet and a film adaptation of it, with specific thematic connections. This involves two distinct factual links: connecting the ballet to the film and verifying the composer's involvement in both. Multi-hop reasoning is needed to cross-reference these elements."
981658b2b3,"Who was the first EGOT winner to win their first of each award in this order: Grammy, Oscar, Emmy, Tony?",Whoopi Goldberg,multi-hop,"The question requires identifying an EGOT winner and verifying the specific order of their awards (Grammy, Oscar, Emmy, Tony). This involves multiple steps of cross-referencing each individual's award sequence and determining the first instance, making it multi-hop reasoning."
2d9ea5b06b,"What was the name of the green character from an animated TV show that had the same voice actor for the three main characters of the show, whereas each of the main characters also had separate voice actors for singing portions, and was produced by a company who the founder was Founder Jean Chalopin?",Manic from Sonic Underground,multi-hop,"The question requires multiple steps: identifying an animated show with specific voice actor conditions, determining its production company, and verifying the founder's name. Each part depends on connecting distinct pieces of information (character traits, voice actors, production company, founder), necessitating multi-hop reasoning."
0fcadecd2b,"What does Darwin describe, in his most famous publication, as never having distal part of their legs?",The Ateuchus,multi-hop,"The question requires identifying Darwin's most famous publication (e.g., 'On the Origin of Species') and then retrieving a specific anatomical claim from its content. This multi-step process of connecting the book to its details makes it multi-hop."
3906babf93,Who is rumored to be buried in a hill near Kidwelly?,Cunedda,one-hop,The question asks for a single direct fact about a person rumored to be buried in a specific location (Kidwelly). It does not require connecting multiple pieces of information or reasoning steps.
2eb229b363,"How many signers of the Giving Pledge (from before 2024), pledged from a continent outside of North America?",57,multi-hop,"The question requires multiple steps: (1) identifying signers of the Giving Pledge before 2024, (2) mapping their continents, and (3) filtering/excluding based on the continent. It involves connecting and analyzing data across steps."
5104554d9d,"Between 2010 and 2019 inclusive, how many times did Standard & Poor's downgrade Argentina's credit rating?",8,multi-hop,"The question requires determining the number of credit rating downgrades by Standard & Poor's for Argentina between 2010-2019, which involves retrieving and aggregating historical data across multiple years. This requires multi-hop reasoning as it is not a single direct fact but a cumulative count over a timeframe."
3f64740ccd,"In The Triumphs of Oriana who wrote the un-numbered madrigal?
",Michael East,one-hop,"The question asks for the specific composer of an un-numbered madrigal in 'The Triumphs of Oriana', a single entity fact. It does not require connecting multiple pieces of information or steps."
6d8c53a04b,"What is the official Youtube handle of the person who made the soundtrack for the game that the developer LocalThunk released on February 20th, 2024? Include the ""@"" in your answer too.",@louisf8846,multi-hop,"The question requires identifying the game released by LocalThunk on February 20th, 2024, finding its soundtrack composer, and locating their official YouTube handle. This involves three separate information steps: developer-game linkage, game-soundtrack composer association, and composer profile lookup. The use of the '@' symbol in YouTube handles is an additional formatting requirement."
f2b3a3d20b,Which character in Danganronpa is stated to represent what the series is?,Toko Fukawa,multi-hop,"The question asks which Danganronpa character symbolizes the series itself. Answering this requires connecting character roles, traits, and thematic significance, which involves multiple steps of reasoning rather than a single direct fact. For example, identifying a character like Makoto Naegi (the protagonist) or another figure who embodies the series' themes of justice/hope is not a straightforward lookup but requires analysis."
cce3a6a2e6,What was the total value of CBRE group's assets at the end of their 2022 fiscal year?,$20.51 billion,one-hop,The question asks for a specific financial metric (total assets) from CBRE Group's 2022 fiscal year report. This is a direct fact that can be retrieved from their annual financial statements without requiring multiple steps or connecting disparate pieces of information.
db17a65ea5,"What was the average kindergarten class size for Decatur Classical School in 2020, according to the Illinois State Board of Education report card?",26.5,one-hop,The question asks for a specific statistic (average kindergarten class size) from a particular source (Illinois State Board of Education report card) for a specific school and year. This requires retrieving a single direct fact without intermediate steps.
a2b288baad,What was the name of Blue Devils A's tour the year that BDB's 2016 director retired?,Tempus Blue,multi-hop,The question requires determining the retirement year of BDB's 2016 director and then identifying Blue Devils A's tour from that specific year. This involves combining information across two distinct entities (BDB director and Blue Devils A's tours) through sequential reasoning.
cb495e3fef,What is the name of the minor league baseball team that plays in the city where the Super Bowl was held the year Hurricane Katrina hit Louisiana?,The Jacksonville Jumbo Shrimp,multi-hop,"The question requires connecting three pieces of information: the year of Hurricane Katrina (2005), the city that hosted Super Bowl XXXVII in that year (Tampa), and the minor league team in Tampa (Tampa Tarpons). This multi-step reasoning involves cross-referencing events, locations, and team information."
e145d30e8e,"The year that Celine Dion won her first Grammy award, who won the most Grammys that year?",Eric Clapton,multi-hop,The question requires two steps: first identifying the year Celine Dion won her first Grammy (a direct fact) and then determining who won the most Grammys in that same year (which requires comparing multiple entries from that year). This multi-step reasoning makes it a multi-hop question.
3cafa45da4,What is the longest song on Amanda Palmer's first solo album?,"""Another Year: A Short History of Almost Something"" at 6:03. ",multi-hop,"The question requires identifying Amanda Palmer's first solo album and then determining the longest song on that album. This involves two steps of reasoning, making it multi-hop."
4cd65503fc,Who scored the most league goals in a single season for Barcelona while the Soviet Union was still in effect?,Mariano Martín,multi-hop,"The question requires determining the highest league goal scorer for Barcelona during the existence of the Soviet Union (1922-1991). This involves two steps: identifying the timeframe of the Soviet Union's existence and cross-referencing it with Barcelona's historical player statistics. The answer depends on connecting these two pieces of information, which necessitates multi-hop reasoning."
f9e2ec077f,when was Linfield FC's 26th win in the Irish cup?,1952-53 Irish Cup,one-hop,"The question asks for a specific historical event (the 26th win) tied to Linfield FC in the Irish Cup. If the data is structured with chronological wins, retrieving the 26th entry requires a single lookup. No additional steps like aggregating data from multiple sources or comparisons are needed."
4e8f2dd98c,How many years after the death of the first Titanic survivor did the last known Lusitania survivor die?,98 years,multi-hop,"The question requires determining the death years of both the first Titanic survivor and the last Lusitania survivor, then calculating the difference between these dates. This involves multiple distinct facts and steps."
58546c11d7,"When the Guild Inn of Scarborough reopened, who was the reigning Superbowl Champion?",The New England Patriots,multi-hop,"The question requires determining the reigning Super Bowl champion at the time of the Guild Inn of Scarborough's reopening. This involves two distinct pieces of information (the reopening date and the corresponding champion), making it multi-hop."
22c5e3882b,"Who was the President of Murray State University the year that Joe Staton (comic book artist, not baseball player) graduated from there?",Harry M. Sparks,multi-hop,"The question requires determining the year Joe Staton graduated from Murray State University and then identifying the university's president during that specific year. This involves two distinct steps (graduation year lookup and president verification), making it a multi-hop question."
82b39c0765,If I have only 8 minutes in my presentation to show a whole film from UNESCO 2011 Intangible Cultural Heritage list and I want it to be keskek or nazar which should I choose?,"""Craftsmanship, Practices and Beliefs of Nazar Boncugu Charms"" (7 min.)
",multi-hop,"The question requires comparing two films (keskek and nazar) from the UNESCO 2011 list, considering their length to fit into an 8-minute presentation. This involves retrieving information about both films' durations and determining which one fits the constraint, making it a multi-hop question."
2920783825,What director of the Louvre published a series of sketches from his journeys joining an expedition to a country famous for its Ancient civilization?,"Baron Dominique-Vivant Denon, the first director of the Louvre, published in his 'Voyage dans la basse et la haute Egypte' a series of sketches from an expedition he joined to Egypt. ",multi-hop,"The question requires identifying a director of the Louvre who published sketches from an expedition to a country known for an ancient civilization. This involves connecting multiple pieces of information (directorial role, sketches, expedition, and the country's ancient civilization), requiring multi-step reasoning."
60439540c7,Who was the manager of the guy who won the Peer Gynt Prize in 2011?,Espen Agdestein,multi-hop,The question requires two steps: first identifying the winner of the Peer Gynt Prize in 2011 and then finding the manager of that person. This involves connecting two pieces of information.
e80907a69d,"Who was older at the time of their death:
1. The last duke of the birthplace of Guillaume Faye?
2. The 16th-century king who recaptured the birthplace of John Calvin?","Louis Antoine, Duke of Angoulême, was older at the time of his death than Henry IV of France. ",multi-hop,"The question requires multiple steps to identify each individual (last duke of Guillaume Faye's birthplace and 16th-century king who recaptured John Calvin's birthplace) and compare their ages at death. Each part involves resolving nested facts (birthplace, historical role, age at death), making it multi-hop."
9204cfe44d,Which NBA player lead the league in Points per Game the most times during the Cold War?,Wilt Chamberlain,multi-hop,"The question asks for the NBA player who led the league in Points per Game the most times during the Cold War. This requires multiple steps: 1) identifying the time frame of the Cold War, 2) retrieving historical NBA scoring leaders for each season within that period, 3) aggregating the data to determine which player had the highest number of leadership instances. The multi-hop nature arises from connecting historical data and performing cross-season comparisons."
e85b29a08a,"Compared to the original Black Album, how much longer is the runtime of The Metallica Blacklist?","3 hours, 2 minutes, and 51 seconds",multi-hop,"The question requires comparing the runtime of two different albums, which involves retrieving two separate pieces of information (the runtime of each album) and then performing a comparison. This multi-step process necessitates multiple reasoning steps."
84d0386ce7,A 'Homes under the Hammer' presenter provided a premier league assist on his 31st birthday. Which team was he playing against in that match?,Leicester City,multi-hop,"This question requires multiple steps: first identifying the presenter from 'Homes under the Hammer' who is also a Premier League player, confirming the match where they provided an assist on their 31st birthday, and determining the opposing team. Connecting these pieces of information across domains (TV shows, football careers, match data) makes it multi-hop."
3ccd409b6d,How many more NCAA Championships did John Wooden win in the 1960s than Ed Jucker?,Three,multi-hop,"The question requires comparing the number of NCAA Championships won by two different individuals (John Wooden and Ed Jucker) in the 1960s, necessitating multiple steps to retrieve and compare the data."
54bc310f2e,What country the archaeologist who first discovered easter island heads had bodies from?,"The archeologists crew that discovered that the statues on Easter Island also had bodies, rather than just heads, left from England.",multi-hop,"The question requires identifying the archaeologist who discovered Easter Island heads and then determining the country associated with that archaeologist's remains. This involves multiple steps, making it a multi-hop question."
3451d047ec,"On the show SKAM, the character played by Josefine Frida Pettersen has an instagram. In what year did the show her handle is a reference to premiere?",1990,multi-hop,"The question requires identifying the character played by Josefine Frida Pettersen on SKAM, determining the Instagram handle's reference, and finding the premiere year of the referenced show. This involves multiple steps and connections between entities."
62d5db3f47,What fast food restaurant did Sega games pair with to distribute cd rom video games as toys in fast food meals?,"In 1999, Jack in the Box started selling Sega toys with their Jack's Kids Meals.",one-hop,"The question directly asks for the name of the fast food restaurant that partnered with Sega to distribute CD-ROM video games as toys in meals. This requires retrieving a single, specific fact from historical marketing campaigns, making it a 'one-hop' question."
11248764c4,What was the 1999 Russian Second League East champion's team name from 2003-2013?,FC Metallurg-Kuzbass Novokuznetsk,multi-hop,"The question requires first identifying the 1999 Russian Second League East champion and then determining their team name from 2003-2013, which involves two distinct facts or steps."
714f6093e7,"What singer does the movie ""How the Grinch Stole Christmas"" have in common with the band ""Evanescence""?",Taylor Momsen,multi-hop,"The question requires identifying the common singer between two entities (the movie 'How the Grinch Stole Christmas' and the band Evanescence), which involves cross-referencing two separate pieces of information (the movie's cast and the band's members). This step-wise reasoning makes it a multi-hop question."
7b21de7510,Who hosted the grammys when Taylor Swift won her 3rd Album of the Year ?,Trevor Noah,multi-hop,"The question requires two steps: first identifying the year Taylor Swift won her third Album of the Year, and then determining who hosted the Grammys in that year. This involves connecting two distinct pieces of information."
3b0cb55604,which film based on a play was banned in cuba in 1992?,A Few Good Men,multi-hop,"The question requires identifying a film that is both based on a play and was banned in Cuba in 1992. This involves two distinct pieces of information (source material and historical ban) that need to be connected, necessitating multi-hop reasoning."
2587207b50,What age was Basil Radford when Whisky Galore! was released?,"Whisky Galore! was released June 16,1949. Basil Radford was born June 25, 1897, so he would have been 51 years old at the time of the film's release. 
",multi-hop,"The question requires two pieces of information: Basil Radford's birth year and the release year of 'Whisky Galore!', followed by a calculation of the difference. This multi-step process necessitates connecting data from different sources."
8a5596c4ad,What is the specific ancient source text that McManamon believes motivated Europeans to take swimming and free-diving seriously?,"Plato's Laws, Book 3",one-hop,"The question asks for a specific ancient source cited by McManamon, which can be answered with a direct factual lookup from primary sources or established references. No multi-step reasoning is required."
966a50d977,who won the presidential election the year Nancy Pelosi was born,"Nancy Pelosi was born in 1940, Franklin D. Roosevelt won the election that year. ",multi-hop,"The question requires determining the year Nancy Pelosi was born (a known fact) and then identifying the president who won the U.S. election in that year. This involves two distinct steps of factual recall: first, establishing her birth year (1940), then connecting that to the 1940 presidential election winner (Franklin D. Roosevelt). The multi-hop classification reflects the need to link two separate facts through contextual reasoning."
db0f4c6665,How old was the first woman to earn a medical degree in the United States when Maria Montessori Earned her medical degree?,Elizabeth Blackwell was 75,multi-hop,"The question requires identifying the first woman to earn a medical degree in the U.S. (Elizabeth Blackwell, 1849) and calculating her age during Maria Montessori's graduation year (1896). This involves two distinct factual connections and a temporal calculation, making it a multi-hop query."
959156d3c3,Who was the Prime Minister of Canada when Lester B. Pearson's father died?,R. B. Bennett was the Prime Minister of Canada when Lester B. Pearson's father died.,multi-hop,"The question requires determining the death date of Lester B. Pearson's father and then identifying the Canadian Prime Minister at that specific time. This involves two distinct pieces of information, necessitating multiple steps of reasoning."
2c59c4773f,Which of the five sovereign nations that don't have any airports has the longest railway?,Liechtenstein,multi-hop,"The question requires multiple steps of reasoning: identifying the five sovereign nations without airports, retrieving their railway lengths, and comparing them. It involves connecting information from different sources."
88c891192d,"Which poem uses the word ""I"" more, Lord Byron's ""The Destruction of Sennacherib"" or T.S. Eliot's ""Love Song of J. Alfred Prufrock""?"," T.S. Eliot's ""The Love Song of J. Alfred Prufrock""",multi-hop,"The question requires comparing the frequency of the word 'I' in two different poems, which involves multiple steps of analysis and data collection from both texts."
d8382128ab,What year did America win it's 700th Summer Olympics Bronze medal?,2016,multi-hop,"The question requires determining the cumulative count of bronze medals over multiple Summer Olympics events, which involves aggregating data from different years and calculating when the 700th medal was reached. This multi-step reasoning process classifies it as a multi-hop question."
aa2ce44001,What student of Mrs. Goodfellow's published Old Maid?,Eliza Leslie,multi-hop,"The question requires identifying a student of Mrs. Goodfellow and determining which of those students published 'Old Maid'. This involves two steps (first finding the students, then connecting one to the publication), making it multi-hop."
0b7ebfb11c,How much time passed between when the That's So Suite Life of Hannah Montana and Wizards on Deck with Hannah Montana crossover episodes released?,"2 years, 11 months, and 19 days",multi-hop,"This question requires determining the release dates of two different crossover episodes and calculating the time between them. The answer needs two pieces of information (release dates) and a computation, making it multi-hop."
96365b3f8e,Which mountain bike racer won the most races in the World Enduro League in 2023?,"For the elite women's races, Isabeau Courdurier won 4 out of 7. For the elite men's races, Jesse Melamed won 2 out of 7.",one-hop,The question asks for a single direct fact: the mountain bike racer with the most wins in the World Enduro League in 2023. It does not require connecting entities or multiple steps of reasoning.
eecd13711a,How old was Pete Wentz during Fall Out Boy's Honda Civic Tour show in Tampa?,"Fall Out Boy headlined the Honda Civic Tour in 2007 to promote their new album at the time, Infinity on High. Their Tampa, Florida show occurred on June 15, 2007. Pete Wentz, the basis of Fall Out Boy, was born on June 5, 1979. Therefore, Pete Wentz was 28 years old at the time of this particular tour date.",multi-hop,"The question requires two steps: first, determining Pete Wentz's birthdate, and second, identifying the date of the Honda Civic Tour show in Tampa to calculate his age at that event. Combining these distinct pieces of information makes it a multi-hop question."
8e86aa089e,What is the total length in minutes and seconds of the last two Bayside albums that came out when Bush was president?,91 minutes and 45 seconds,multi-hop,"The question requires multiple steps: identifying the last two Bayside albums released during Bush's presidency (2001–2009), retrieving their individual durations, and summing the total minutes/seconds. This involves temporal filtering, comparison of album release dates, and arithmetic aggregation of durations. Each step depends on distinct pieces of information, necessitating multi-hop reasoning."
14272012f9,What was the oldest opera performed at the Met in the 2022-2023 season?,Idomeneo,multi-hop,The question requires first identifying the operas performed at the Met during the 2022-2023 season and then determining the oldest among them based on their composition dates. This involves multiple steps of information retrieval and comparison.
14405f8dda,Who was the governor of Wyoming when the Cutthroat trout was made the state fish?,Mike Sullivan,multi-hop,"The question requires determining two pieces of information: the date when the Cutthroat trout was designated as Wyoming's state fish and who was the governor at that time. This involves connecting two separate facts, necessitating multi-step reasoning."
892ecdb664,"Who was the QOTSA dude that had the band that was like proper punk, and it had an album on that label from the Faith No More guy?",Nick Oliveri of the punk band Mondo Generator,multi-hop,"The question requires identifying a person (Josh Homme) based on multiple connections: (1) his role in QOTSA, (2) his association with a 'proper punk' band, and (3) a label connection to the Faith No More member (Mike Bordin). This necessitates multi-step reasoning."
b0cab1a799,How many years passed between the first improvised chapel built at Maria Rast am Stein and the second abolishment of the Vyšší Brod monastery?,The first improvised chapel at Maria Rast am Stein was built in 1887. The second Abolishment of the Vyšší Brod monastery was in 1950. The number of years between these events is 63.,multi-hop,"The question requires determining two distinct historical dates (construction of the chapel and the monastery's second abolishment) and calculating the time difference between them. This involves multiple steps and connecting separate facts, making it a multi-hop query."
4355a6b5ca,"How old was Robert Jordan's wife when Path of Daggers was first published? 
",59 years old,multi-hop,"The question requires identifying Robert Jordan's wife (Harriet McDougal), determining the publication year of 'Path of Daggers', and calculating her age at that time. This involves multiple steps of information retrieval and logical connections."
88be2dddb1,How many previous main series Animorphs books were ghoswritten before the book were Aftran permanently morphs into a humpback whale?,"Three-#25 The Extreme, #27 The Exposed, and #28 The Experiment",multi-hop,The question requires determining the number of ghostwritten Animorphs books before a specific event (Aftran's permanent whale morph). This involves two steps: identifying which books were ghostwritten and correlating them with the series' timeline to find when Aftran's permanent morph occurs. This multi-step reasoning across different data points classifies it as a multi-hop question.
dc3cd69776,"Which Disney legend was born in 1919, and became a Disney legend 77 years later?","Xavier “X” Atencio was born in 1919 and inducted as a Disney Legend 77 years later, in 1996. ",multi-hop,"The question requires two distinct pieces of information: (1) identifying a Disney legend born in 1919 and (2) confirming that this individual became a 'Disney legend' 77 years later (1996). This involves connecting two separate factual claims about a person, making it a multi-hop question."
b2fbfaf320,How old was Barron Trump when Donald Trump signed Executive Order 13771?,10 years old,multi-hop,"The question requires determining two distinct pieces of information: the date Donald Trump signed Executive Order 13771 (February 1, 2017) and Barron Trump's birthdate (March 20, 2006). Combining these to calculate Barron’s age (10 years old) involves multiple steps of retrieval and calculation, making it a multi-hop question."
fd8efc5d3b,who won the NFL MVP the year John Kerry lost the presidential election,"John Kerry lost the 2004 presidential election, and the NFL MVP in 2004 was Peyton Manning.",one-hop,"The question requires identifying the year John Kerry lost the presidential election (2004) and then determining the NFL MVP for that specific year (Audrey McKee, though in reality it was LaDainian Tomlinson in 2006, but the question structure is clear). Each part is a direct fact lookup. While it involves two facts, each is a single-hop, and the overall query doesn't require multi-step reasoning beyond date linkage."
565f3bcb3f,"Who was the King of Algiers that ordered an operation against the Saadi Sultanate, leading to a night attack on the Moroccan army in December just outside a city between the Rif and Middle Atlas mountains?","Salah Rais, the 7th king of Algiers, ordered the operation that led to the Battle of Taza, a night attack in December 1553 against the Moroccan army camp near Taza. ",multi-hop,"The question requires connecting multiple historical entities and events: identifying the King of Algiers, linking him to an operation against the Saadi Sultanate, and specifying a night attack location between the Rif and Middle Atlas mountains. This involves multi-step reasoning across interconnected facts."
ffe708378e,Which deer from Animal Crossing New Horizons has the earliest birthday in the year?,Diana,multi-hop,"The question requires comparing the birthdays of multiple deer characters (Raph and Lottie) in Animal Crossing New Horizons to determine the earliest one. This involves retrieving two separate facts (their birthdays) and performing a comparison step, making it multi-hop reasoning."
68fe5bf2d3,Which city hosted the summer olympics twice with the shortest time gap in between the hostings?,Paris,multi-hop,"The question requires identifying a city that hosted the Summer Olympics twice, calculating the time gaps between those hostings, and finding the city with the shortest gap. This involves multiple steps of data retrieval and comparison."
89f3d5fd87,How many games in the 2020 ACC men's basketball tournament were actually played?,Six games were played in the 2020 ACC men's basketball tournament before the remainder of the tournament was cancelled due to the COVID-19 pandemic.,one-hop,"The question asks for a specific historical fact about the 2020 ACC men's basketball tournament. If the number of games played is directly documented (e.g., in historical records or official statistics), it can be answered with a single lookup. Multi-hop would require calculating based on bracket structure and cancellations, but the phrasing implies querying an existing fact."
76076d189a,Name of the record label Iggy Pop’s cancelled biopic actor had,Simian Records,multi-hop,"The question requires multiple steps: first identifying the actor in the canceled Iggy Pop biopic, then determining their record label. This involves connecting two distinct pieces of information."
e5ce3656d4,How many sets of tennis did Tim Henman play by the time he reached the semi-final of the French Open?,19 sets,multi-hop,"The question requires multiple steps: identifying the years Tim Henman reached the French Open semi-final, retrieving the scorelines of each match he played through the tournament, summing the sets from those matches, and aggregating the total. This necessitates connecting data from different matches and tournaments."
d67e043a2c,What specific award was the mobile game Candy Crush Saga nominated for in 2015?,Kids' Choice Award for Most Addicting Game,one-hop,"The question asks for a single specific award nomination that Candy Crush Saga was up for in 2015. This is a direct factual query requiring only one lookup to answer, similar to 'What is the capital of France?'"
4804b5b523,"In their early careers, who was the first to win a UCI World Tour Race out of Tadej Pogacar and Jonas Vingegaard?",Tadej Pogacar,multi-hop,"The question requires comparing the UCI World Tour race wins of two cyclists (Tadej Pogačar and Jonas Vingegaard) and determining who achieved it first in their careers. This involves retrieving career milestones for both athletes and performing a comparison, making it a multi-hop question."
a3d40b48a0,"When Bob Gibson had the season with his best ERA, who was the oldest pitcher on his team?",Bob Gibson,multi-hop,"The question requires two steps: first identifying Bob Gibson's best ERA season (which is a one-hop step) and then determining the oldest pitcher on his team during that specific season (which requires additional data and comparison, making it multi-hop)."
e4ec89887f,How long after the discovery of Tungsten was the iPhone 13 released?,238 years,multi-hop,"The question requires two distinct factual pieces of information (discovery date of Tungsten and release date of iPhone 13) and a temporal calculation between them. This necessitates multiple steps of reasoning and connecting unrelated events, making it a multi-hop question."
e6f68475a6,"For the person who had the most followed Instagram account in 2017, how many solo studio albums did they release prior to this accomplishment?",Two,multi-hop,"The question requires two steps: first, identifying the person with the most followed Instagram account in 2017, and second, determining the number of solo studio albums they released prior to that year. This multi-step reasoning necessitates connecting information from different domains (social media statistics and music career milestones)."
9829749f18,"In their 1992 match, what was the first move played by Spassky against Fischer in Sveti Stefan?",e5,one-hop,The question asks for a specific historical fact about the first move played in a particular chess match between Spassky and Fischer in 1992. It requires retrieving a single direct fact (the move) without chaining additional information or reasoning steps.
e3516d9551,Who was the category manager of Q Acoustics in 2009?,Tony Jones,one-hop,The question asks for a specific person (category manager) in a specific year (2009) at a specific company (Q Acoustics). This is a single direct factual query requiring no intermediate steps or connections between entities.
71fa491c38,Which Adventure Time episode referenced the Akira Slide?,Season 2 Episode 20.,one-hop,The question seeks a specific Adventure Time episode that referenced the Akira Slide. It requires identifying a direct fact (a single episode name) without needing multiple steps or connected entities. The answer would be a single piece of information if it exists.
427066249c,"During the NHL season when Connor McDavid was drafted first overall, which player won the Rocket Richard trophy?",Alex Ovechkin.,multi-hop,"The question requires connecting Connor McDavid's draft year (2015) to the corresponding NHL season (2014-15 or 2015-16) and identifying the Rocket Richard Trophy winner from that season (Sidney Crosby or Jamie Benn). This involves multiple steps of reasoning and cross-referencing information, making it a multi-hop question."
daef8ca66a,How many albums did James Blake release by the time he was 26?,2,multi-hop,"The question requires knowledge of James Blake's birth year, the release years of his albums, and calculating his age at each release. It involves connecting multiple pieces of information (birthdate, album release dates) to determine how many albums were released before he turned 26."
537436e9b6,"How old was the singer of japanese breakfast when their song ""be sweet"" was released?",31,multi-hop,"This question requires identifying the singer of Japanese Breakfast (Michelle Zauner), determining the release date of their song 'be sweet' (2022), and calculating her age at that time (born 1983-84). It involves connecting multiple entities/facts, necessitating steps beyond a single direct lookup."
84e49512d4,What number playing field is Northernmost at UQ St Lucia,Playing Field 8,multi-hop,"The question requires identifying the northernmost playing field at UQ St Lucia, which involves multiple steps: locating all relevant playing fields, determining their geographic positions, and comparing their northernmost points. This requires connecting spatial data and comparative reasoning."
5196d25da8,What country was the first to grant women the vote in federal elections where they could also elect a woman?,Australia,multi-hop,"The question requires identifying the first country to both grant women voting rights in federal elections and allow them to be elected, which involves combining historical suffrage milestones with election data. It needs multiple steps to verify both conditions."
437971cabb,What is the longest song My Chemical Romance has released on studio albums up to 2023?,"""Demolition Lovers""",multi-hop,"This question requires retrieving information about My Chemical Romance's studio albums, their tracklists, and comparing the durations of all songs to identify the longest one. It involves multiple steps of data collection and comparison."
7fbd88cbe5,"Of the best actress in a leading roll nominees at the 1991 Academy Awards, which one has been nominated again for an Oscar most recently as of 2022?",Kathy Bates,multi-hop,"The question requires two steps: first, identifying the 1991 Best Actress nominees, then determining which of them received the most recent Oscar nomination up to 2022. This involves cross-checking historical awards data and comparing multiple candidates' career timelines, making it a multi-hop reasoning task."
b1eff5d484,"Apart from Elizabeth II and Victoria, which English queen had the longest reign?",Elizabeth I,multi-hop,The question requires comparing the reign lengths of English queens (excluding two specific ones) to determine the longest reign. This involves multiple steps of reasoning and data comparison.
e125ed072b,"Which country has existed longer, Canada or Australia?",Canada has existed longer as a country than Australia.,multi-hop,"The question requires comparing two countries' durations of existence, which involves retrieving the establishment dates of both Canada and Australia and then performing a comparison. This necessitates multiple steps of reasoning."
7085001498,"Which Finnish defensive fortification was portrayed by Soviet media as nearly impenetrable to justify high Soviet casualties during a 1939 conflict, despite being largely composed of trenches, obstacles, and modest bunkers?",The Mannerheim Line,multi-hop,"The question requires connecting the name of the Finnish fortification (Mannerheim Line), its portrayal by Soviet media during the 1939 Winter War, and the justification for Soviet casualties, which involves multiple contextual and historical inferences."
1666bcb7a8,"From 2000 to 2015, how many times has a private university won the NCAA Division 1 title in men's basketball? ","Four times. Duke University won the title three times, and Syracuse University won it once. ",multi-hop,"The question requires examining multiple years (2000-2015) and checking for private university wins, involving repeated data retrieval and categorization."
d1a6c10a3a,Which engine was used in the car Lewis Hamilton won his first F1 championship in?,Mercedes-Benz FO 108V,multi-hop,"The question requires determining the car Lewis Hamilton used to win his first F1 championship and then identifying the engine of that car, which involves two distinct pieces of information."
dc0c6ed215,What restaurant won the Best Restaurant Newcomer award in the 2022 Connecticut Restaurant Association's CRAzies Awards?,Materia Ristorante,one-hop,The question asks for a specific restaurant that won an award in a particular year and event. It requires retrieving a single direct fact without multiple steps of reasoning or connecting entities.
c13b7a5221,What is the currency for the host city of the 1994 Olympics?,The Norwegian krone.,multi-hop,"The question requires two steps: first identifying the host city of the 1994 Olympics (Lillehammer, Norway) and then determining its currency (Norwegian krone). This involves connecting two pieces of information."
ab1dd88966,Who was the prime minister of the UK when Taylor Swift was born?,Margaret Thatcher,multi-hop,"The question requires determining Taylor Swift's birth year and then finding the UK's prime minister during that year. This involves two distinct pieces of information and connecting them, making it a multi-hop question."
9d190072ee,Who was the richest person in the world in the year that Google was founded?,Bill Gates,multi-hop,"The question requires determining two pieces of information: the year Google was founded and who was the richest person in that specific year. This involves connecting two distinct facts, making it a multi-hop question."
822828d8cb,What was the name of the defunct airport that was located in the area that is now zip code 63010?,Starling Airport,multi-hop,"The question requires multiple steps: identifying the current location associated with zip code 63010 and cross-referencing it with historical data about a defunct airport. This involves connecting geographical information with historical facts, making it multi-hop."
cc2f94ef0b,"What was the first known Egyptian, cat-headed, God named?",Mafdet,multi-hop,"The question requires identifying the first known Egyptian cat-headed god, which involves recognizing multiple cat-associated deities (like Bastet and Mafdet) and determining which one predates the others. This multi-step reasoning process to establish chronological order classifies it as a multi-hop question."
b5a33981f9,How long was the longest marriage of person who played the character Rose Nylund?,18 years,multi-hop,"The question requires first identifying the actor (Betty White) who played Rose Nylund, then determining the duration of their longest marriage. This involves two distinct information lookup steps, making it a multi-hop question."
5b92b550c0,What percentage of parliamentary votes were in favor of changing Canada's flag?,67.63%,one-hop,The question asks for a specific percentage related to a single historical event (changing Canada's flag). It requires retrieving one direct piece of information without connecting multiple entities or steps.
35cb1c89fd,How old was Miley Cyrus when she released flowers?,30,multi-hop,"The question requires two pieces of information: Miley Cyrus's birthdate and the release date of 'Flowers'. Calculating her age at the time of release involves connecting these two facts, which necessitates multi-step reasoning."
3b55523642,"In the first Premier League season Bukayo Saka scored more than 5 goals, what percentage of his goals were scored with his right foot? ",9.09%,one-hop,"The question queries a specific percentage of goals scored with the right foot by Bukayo Saka, which is a single measurable statistic in sports databases. While it requires knowing both total goals and right-footed goals, this percentage is typically pre-calculated as a direct fact in player statistics, making it a one-hop question."
770c6023f6,Who is second place in the competition when Armand Duplantis broke his pole vault world record the seventh time since his birth?,Ernest John Uy Obiena,multi-hop,"The question requires first identifying the specific competition when Armand Duplantis broke his world record for the seventh time, and then determining the athlete who placed second in that same competition. Two distinct pieces of information must be connected through multiple steps."
8023926b60,"How many total hits did the famed six ""Murderers Row"" players from the 1927 New York Yankees have in that year?","The six ""Murderers Row"" players from the 1927 New York Yankees had a combined total of 1,141 hits that year.",multi-hop,"The question requires identifying the six players in the 1927 Yankees' 'Murderers Row,' retrieving each of their individual hit totals for that year, and summing them. This involves multiple steps of information gathering and calculation."
5a161506fd,How old was the actor who played spencer during the third season of iCarly?,"Jerry Trainor was 32 years old at the beginning of the season, and 33 years old by the end of the season.",multi-hop,"The question requires identifying the actor who played Spencer in the third season of iCarly and then determining their age at that time. This involves two distinct steps of reasoning, making it multi-hop."
041cfc3e67,Who was the president of NYU the year that the first global study-abroad site was established?,Carroll Vincent Newsom,multi-hop,"This question requires two steps: first, identifying the year the first global study-abroad site was established, and second, determining NYU's president for that year. It involves connecting two distinct factual pieces of information."
b480aaa249,"What percent of votes were missed, according to govtrack.us, by the first Whig Senator of Maine during the entirety of his congressional career?",9.60%,multi-hop,The question requires identifying the first Whig Senator of Maine (a historical/categorical fact) and then retrieving a specific statistic (vote-keeping rate) about them from govtrack.us. This involves two distinct steps: entity identification and property lookup.
11a25025f3,Who presented the award for 'Best Action Game' at the 2024 Game Awards?,Abubakar Salim,one-hop,The question asks for a direct fact: the presenter of a specific award at a specific event. It does not require connecting multiple pieces of information or relationships between entities.
914d1b07da,Where was the third man to walk on the moon's second wife born?,"Denver, Colorado",multi-hop,"The question requires identifying the third man to walk on the moon (Charlie Duke) and then determining the birthplace of his second wife (Janet Shearn Duke), involving multiple steps."
64ea099049,How many goals were scored in the NHL the day the 23rd Canadian prime minister was sworn in?,27,multi-hop,"The question requires three steps: identifying the 23rd Canadian prime minister, determining their swearing-in date, and finding the number of NHL goals scored that day. This involves multiple distinct facts and connections, making it multi-hop."
f54edf396b,During the 1960s. how many musicals were released that were nominated for the Academy Award for Best PIcture?,Nine,multi-hop,The question requires two steps: first identifying musicals from the 1960s and second checking which of those were nominated for the Academy Award for Best Picture. This involves connecting two distinct pieces of information.
7dc75813ab,What year was Euless Trinity High School in a Gatorade commercial?,2007,one-hop,"The question asks for a specific year in which Euless Trinity High School appeared in a Gatorade commercial. This is a direct factual inquiry about a single piece of information (the year), which does not require connecting multiple entities or steps."
cc619e17e2,what are the cambodian nymphs that mirror the greek muses,Apsara,multi-hop,"The question requires connecting information about Cambodian nymphs with Greek muses, which involves cross-cultural comparison and multiple steps of reasoning to identify and relate analogous entities from different mythologies."
f6c3e302ba,Who placed second at the 2023 Barcelona MagicCon Limited Open?,Alex Friedrichsen,one-hop,"The question asks for the second-place finisher at a specific event in 2023. This requires retrieving a single direct fact about the event's results, assuming the data is available as a direct entity property. No additional reasoning or connecting of multiple facts is needed."
658eef837c,How many players over 60 were there in the first 10 seasons of survivor?,4,multi-hop,"The question requires aggregating data from multiple sources (each of the first 10 Survivor seasons), checking player ages, and summing those over 60. This multi-step process necessitates connecting information from different seasons, making it a multi-hop question."
be72a1171c,Who was the doctor who diagnosed Flannery O'Connor with lupus?,Arthur J. Merrill,one-hop,The question asks for a specific direct fact about Flannery O'Connor's medical history—the name of the doctor who diagnosed her with lupus. It requires retrieving a single piece of information about an entity property without needing multi-step reasoning or connecting information from multiple sources.
77e602ca1f,What was the first film Quentin Tarantino released after turning 50?,The Hateful Eight,multi-hop,"The question requires determining Quentin Tarantino's age over time and identifying his first film post-50. This involves multiple steps: calculating his 50th birthday (March 27, 2013), then identifying his film releases after that date. His first film after turning 50 was 'The Hateful Eight' (2015). This requires connecting birth date, release dates, and chronological analysis."
078ad0017a,"In Gabby Jesus' first league season at Arsenal, what percentage of goals did he score with his head? ",36.36%,multi-hop,"The question requires retrieving two distinct pieces of information (total goals scored by Gabby Jesus in his first Arsenal season and the number of those scored with his head) and performing a calculation to determine the percentage. This involves multiple steps and connecting data points, making it a multi-hop question."
9ce3cc6bf2,The top two restaurant chains in the U.S. for 2023 both opened their first international location in the same country. How many years apart did that occur?,20,multi-hop,"This question requires identifying the top two U.S. restaurant chains in 2023, determining the years they opened their first international locations in the same country (which requires multiple pieces of information about both chains), and calculating the difference in years. This involves multiple steps of reasoning and data retrieval."
4671dcd0f9,"What is the name of the oldest character on the picture taken in the Modern Family episode titled ""Family Portrait"" ?",Jay Pritchett.,multi-hop,"The question requires identifying the oldest character in a specific episode's scene, which involves multiple steps: determining the episode's context, identifying the characters present, and comparing their ages within the show's universe. This necessitates connecting various pieces of information from different sources (episode details, character backstories, and their ages)."
b26cd6de9a,What was the year model of first ford vehicle to cross Canada without assistance?,A 1926 model T.,one-hop,"The question asks for a specific year model of the first Ford vehicle to cross Canada without assistance, which is a direct historical fact. It does not require connecting multiple entities or steps."
123199b21b,"In 2022, the LPN National Hero of the Year was interviewed by Bayada Home Health care regarding her young patient Jax -- what was her name?",Kim Den Bleyker,one-hop,"The question asks for a specific entity's name (the LPN National Hero of the Year in 2022) contextualized by her interview with Bayada about a patient. While the context provides additional details, the query ultimately seeks a single direct fact (her name)."
580681695b,What year was the artist born who's album Pitchfork said was the second best of the 2010s?,Kanye West was born in 1977.,multi-hop,"The question requires multiple steps: identifying the album Pitchfork rated as second best in the 2010s, determining the artist associated with that album, and then finding the artist's birth year. Each step depends on prior information, making it a multi-hop query."
73240bf7af,How many countries had people finish the marathon the third time it was run at the Olympics?,5,multi-hop,The question requires first determining when the marathon was run the third time at the Olympics and then identifying the number of countries with finishers in that race. This involves multiple logical steps.
b7815f7f9a,Which Native American tribe is responsible for Idaho's state horse?,Nez Perce tribe,multi-hop,"The question requires identifying Idaho's state horse breed and then connecting it to a responsible Native American tribe, necessitating two distinct pieces of information."
54091d6cb5,Which horse won the Doncaster St Leger in the 1980s in the shortest time,"Touching Wood in 1982, won with a time of 3:03.53",multi-hop,"The question requires identifying the horse with the shortest winning time at the Doncaster St Leger during the 1980s. This involves comparing multiple race results and times, not a single direct fact. It needs multi-step reasoning to filter the 1980s winners and then find the fastest time."
778284bd95,What was the Michael Jordan reference in Hercules?,Air-Hercs,multi-hop,"The question requires connecting a cultural reference (Michael Jordan) to a specific scene in the movie Hercules, involving analysis of visual elements and context. This involves multiple steps of reasoning."
33852c15db,What is the most expensive article of clothing ever made as of January 2024?,The Nightingale of Kuala Lumpur,one-hop,"The question asks for a specific piece of clothing with the highest recorded price as of a certain date. This can be answered with a direct factual answer (e.g., a specific garment like 'The $1.2M Diamond-Encrusted Rolex Suit'), requiring no inferential steps between associated entities."
80e10131c0,How old was George Lucas when the first humans landed on the moon?,25 years old,multi-hop,"The question requires determining George Lucas's age during the 1969 moon landing, which involves two separate steps: 1) identifying Lucas's birthdate (1944) and 2) knowing the moon landing date (1969), followed by calculating his age. This necessitates combining information from two distinct facts."
bfa9ae2854,"Which martial art is older, BJJ or krav maga?",BJJ is older.,multi-hop,"The question requires comparing the origins of two martial arts, BJJ (Brazilian Jiu-Jitsu) and Krav Maga, which originated in different periods. This involves retrieving information about each martial art's history and comparing them, making it a multi-hop question."
73115594cd,How many times between 2010 and 2024 were the Grammy's held before the Super Bowl that year?,Six.,multi-hop,"The question requires checking the dates of the Grammy Awards and Super Bowl for each year between 2010 and 2024, comparing their order, and counting occurrences. This involves multiple steps and combining information across years, making it a multi-hop question."
7aa14a93a8,How many female UK prime ministers served during Queen Elizabeth II's reign?,3,multi-hop,"The question requires identifying female UK prime ministers, determining their tenure dates, and verifying overlap with Queen Elizabeth II's reign (1952–present). This involves multiple steps of cross-referencing historical data and dates."
25b1702537,How many books were written in the vampire diaries book series before the first episode aired?,5,multi-hop,The question requires determining two separate facts: the number of books in the Vampire Diaries series and the date the first TV episode aired. It then requires comparing these to find how many books existed before the TV release. This multi-step process (cross-referencing timelines and properties) makes it a multi-hop question.
323687fcf1,How old was Billie Eilish when she released Bad Guy?,17,multi-hop,"The question requires determining Billie Eilish's age at the time of a specific event ('Bad Guy' release). This involves retrieving her birth date and the release date of the song, followed by calculating her age. While there may be a direct answer (e.g., '19'), the reasoning process involves combining two distinct pieces of information, making it a multi-hop question."
3a7aef902a,How many points did the member of the 2019-2020 WVU men's basketball team from Washington (the state) have in the game against Pittsburgh that season?,17,multi-hop,"The question requires identifying the specific member of the 2019-2020 WVU men's basketball team from Washington state, then retrieving their point total in a specific game (vs. Pittsburgh). This involves multiple steps: filtering the roster by origin, linking to the game, and extracting a stat. "
1c35790dbf,What city hosted the first FIFA World Cup final to be held west of 70 degrees west longitude?,"Santiago, Chile",multi-hop,"The question requires identifying a city that hosted a FIFA World Cup final, checking its longitude relative to 70°W, and determining the earliest such occurrence. This involves cross-referencing historical event data with geographic coordinates, necessitating multiple reasoning steps."
0451f6fe43,Which European capital city is located furthest west?,Reykjavik,multi-hop,"The question requires multiple steps: identifying European capital cities, gathering their geographical coordinates (specifically longitude), and comparing their westernmost positions. This involves connecting information from different sources (e.g., lists of capitals, their coordinates, and directional comparisons)."
